-- Adminer 4.8.1 MySQL 8.0.34-0ubuntu0.20.04.1 dump

SET NAMES utf8;
SET time_zone = '+00:00';
SET foreign_key_checks = 0;
SET sql_mode = 'NO_AUTO_VALUE_ON_ZERO';

SET NAMES utf8mb4;

DROP TABLE IF EXISTS `medical_Lead_cont_informations`;
CREATE TABLE `medical_Lead_cont_informations` (
  `id` bigint unsigned NOT NULL AUTO_INCREMENT,
  `Lead_id` bigint unsigned NOT NULL,
  `pratik` varchar(255) CHARACTER SET utf8mb4 COLLATE utf8mb4_unicode_ci DEFAULT NULL,
  `created_at` timestamp NULL DEFAULT NULL,
  `updated_at` timestamp NULL DEFAULT NULL,
  `oo` varchar(255) CHARACTER SET utf8mb4 COLLATE utf8mb4_unicode_ci DEFAULT NULL,
  `number` bigint DEFAULT NULL,
  PRIMARY KEY (`id`)
) ENGINE=InnoDB DEFAULT CHARSET=utf8mb4 COLLATE=utf8mb4_unicode_ci;


DROP TABLE IF EXISTS `medical_employee_cont_informations`;
CREATE TABLE `medical_employee_cont_informations` (
  `id` bigint unsigned NOT NULL AUTO_INCREMENT,
  `employee_id` bigint unsigned NOT NULL,
  `employeelabel` varchar(255) CHARACTER SET utf8mb4 COLLATE utf8mb4_unicode_ci DEFAULT NULL,
  `created_at` timestamp NULL DEFAULT NULL,
  `updated_at` timestamp NULL DEFAULT NULL,
  `mytest` varchar(255) CHARACTER SET utf8mb4 COLLATE utf8mb4_unicode_ci DEFAULT NULL,
  `mon` varchar(255) CHARACTER SET utf8mb4 COLLATE utf8mb4_unicode_ci DEFAULT NULL,
  `radio` varchar(255) CHARACTER SET utf8mb4 COLLATE utf8mb4_unicode_ci DEFAULT NULL,
  `radio2` varchar(20) CHARACTER SET utf8mb4 COLLATE utf8mb4_unicode_ci DEFAULT NULL,
  `w` varchar(255) CHARACTER SET utf8mb4 COLLATE utf8mb4_unicode_ci DEFAULT NULL,
  `gender` varchar(255) CHARACTER SET utf8mb4 COLLATE utf8mb4_unicode_ci DEFAULT NULL,
  PRIMARY KEY (`id`),
  KEY `medical_employee_cont_informations_employee_id_foreign` (`employee_id`),
  CONSTRAINT `medical_employee_cont_informations_employee_id_foreign` FOREIGN KEY (`employee_id`) REFERENCES `medical_employees` (`id`) ON DELETE CASCADE
) ENGINE=InnoDB DEFAULT CHARSET=utf8mb4 COLLATE=utf8mb4_unicode_ci;

INSERT INTO `medical_employee_cont_informations` (`id`, `employee_id`, `employeelabel`, `created_at`, `updated_at`, `mytest`, `mon`, `radio`, `radio2`, `w`, `gender`) VALUES
(23,	61,	NULL,	NULL,	NULL,	NULL,	'0',	NULL,	NULL,	NULL,	NULL),
(24,	62,	NULL,	NULL,	NULL,	NULL,	'0',	NULL,	NULL,	NULL,	NULL),
(25,	63,	NULL,	NULL,	NULL,	NULL,	'0',	NULL,	NULL,	NULL,	NULL),
(26,	64,	NULL,	NULL,	NULL,	NULL,	'0',	NULL,	NULL,	NULL,	NULL),
(27,	65,	NULL,	NULL,	NULL,	NULL,	'0',	NULL,	NULL,	NULL,	NULL),
(28,	66,	NULL,	NULL,	NULL,	NULL,	'0',	NULL,	NULL,	NULL,	NULL),
(29,	67,	NULL,	NULL,	NULL,	NULL,	'0',	NULL,	NULL,	NULL,	NULL),
(30,	68,	NULL,	NULL,	NULL,	NULL,	'0',	NULL,	NULL,	NULL,	NULL),
(31,	69,	NULL,	NULL,	NULL,	NULL,	'0',	NULL,	NULL,	NULL,	NULL),
(32,	70,	NULL,	NULL,	NULL,	NULL,	'1',	NULL,	NULL,	NULL,	NULL),
(33,	71,	NULL,	NULL,	NULL,	NULL,	'1',	NULL,	NULL,	NULL,	NULL),
(34,	72,	NULL,	NULL,	NULL,	NULL,	'1',	NULL,	NULL,	NULL,	NULL),
(35,	73,	NULL,	NULL,	NULL,	NULL,	'1',	NULL,	NULL,	NULL,	NULL),
(36,	74,	NULL,	NULL,	NULL,	NULL,	'1',	NULL,	NULL,	NULL,	NULL),
(37,	75,	NULL,	NULL,	NULL,	NULL,	'1',	NULL,	NULL,	NULL,	NULL),
(38,	76,	NULL,	NULL,	NULL,	NULL,	'1',	NULL,	NULL,	NULL,	NULL),
(39,	77,	NULL,	NULL,	NULL,	NULL,	'1',	NULL,	NULL,	NULL,	NULL),
(40,	78,	NULL,	NULL,	NULL,	NULL,	'1',	NULL,	NULL,	NULL,	NULL),
(41,	79,	NULL,	NULL,	NULL,	NULL,	'1',	NULL,	NULL,	NULL,	NULL),
(42,	81,	NULL,	NULL,	NULL,	NULL,	'1',	NULL,	NULL,	NULL,	NULL),
(43,	82,	NULL,	NULL,	NULL,	NULL,	'1',	NULL,	NULL,	NULL,	NULL),
(44,	83,	NULL,	NULL,	NULL,	NULL,	'0',	NULL,	NULL,	NULL,	NULL),
(45,	92,	NULL,	NULL,	NULL,	NULL,	'1',	'v',	NULL,	NULL,	NULL),
(46,	95,	NULL,	NULL,	NULL,	NULL,	'0',	NULL,	'e',	NULL,	NULL),
(47,	96,	NULL,	NULL,	NULL,	NULL,	'1',	NULL,	'e',	NULL,	NULL),
(48,	97,	NULL,	NULL,	NULL,	NULL,	'0',	NULL,	NULL,	'e',	NULL),
(49,	98,	NULL,	NULL,	NULL,	NULL,	'0',	NULL,	NULL,	NULL,	'female'),
(50,	99,	NULL,	NULL,	NULL,	NULL,	'1',	NULL,	NULL,	NULL,	'female'),
(51,	100,	NULL,	NULL,	NULL,	NULL,	'1',	NULL,	NULL,	NULL,	'female'),
(52,	101,	NULL,	NULL,	NULL,	NULL,	'0',	NULL,	NULL,	NULL,	NULL);

DROP TABLE IF EXISTS `medical_employee_pers_nformations`;
CREATE TABLE `medical_employee_pers_nformations` (
  `id` bigint unsigned NOT NULL AUTO_INCREMENT,
  `employee_id` bigint unsigned NOT NULL,
  `bhupend` varchar(255) CHARACTER SET utf8mb4 COLLATE utf8mb4_unicode_ci DEFAULT NULL,
  `created_at` timestamp NULL DEFAULT NULL,
  `updated_at` timestamp NULL DEFAULT NULL,
  `firstName` varchar(255) CHARACTER SET utf8mb4 COLLATE utf8mb4_unicode_ci DEFAULT NULL,
  `lastName` varchar(255) CHARACTER SET utf8mb4 COLLATE utf8mb4_unicode_ci DEFAULT NULL,
  `nickName` varchar(255) CHARACTER SET utf8mb4 COLLATE utf8mb4_unicode_ci DEFAULT NULL,
  `dateHired` date DEFAULT NULL,
  `dateFired` date DEFAULT NULL,
  `personalEmail` varchar(255) CHARACTER SET utf8mb4 COLLATE utf8mb4_unicode_ci DEFAULT NULL,
  `password` varchar(255) CHARACTER SET utf8mb4 COLLATE utf8mb4_unicode_ci DEFAULT NULL,
  `cellPhone` bigint DEFAULT NULL,
  `hourlyRate:` bigint DEFAULT NULL,
  `backUpPhone:` bigint DEFAULT NULL,
  `commission:` varchar(255) CHARACTER SET utf8mb4 COLLATE utf8mb4_unicode_ci DEFAULT NULL,
  `sendTextMessage` tinyint(1) DEFAULT NULL,
  `monthlyCost:` bigint DEFAULT NULL,
  `department:` varchar(255) CHARACTER SET utf8mb4 COLLATE utf8mb4_unicode_ci DEFAULT NULL,
  `typeOfEmployee:` varchar(255) CHARACTER SET utf8mb4 COLLATE utf8mb4_unicode_ci DEFAULT NULL,
  `status:` varchar(255) CHARACTER SET utf8mb4 COLLATE utf8mb4_unicode_ci DEFAULT NULL,
  `x2CostBecauseDriverHasAssistant` tinyint(1) DEFAULT NULL,
  `tue` tinyint(1) DEFAULT NULL,
  `wed` tinyint(1) DEFAULT NULL,
  `thu` tinyint(1) DEFAULT NULL,
  `fri` tinyint(1) DEFAULT NULL,
  `sat` tinyint(1) DEFAULT NULL,
  `sun` tinyint(1) DEFAULT NULL,
  `emergencyName1:` varchar(255) CHARACTER SET utf8mb4 COLLATE utf8mb4_unicode_ci DEFAULT NULL,
  `emergencyPhone1:` bigint DEFAULT NULL,
  `emergencyName2:` varchar(255) CHARACTER SET utf8mb4 COLLATE utf8mb4_unicode_ci DEFAULT NULL,
  `emergencyNumber2:` bigint DEFAULT NULL,
  `country` varchar(255) CHARACTER SET utf8mb4 COLLATE utf8mb4_unicode_ci DEFAULT NULL,
  `skype:` bigint DEFAULT NULL,
  `whatsApp:` bigint DEFAULT NULL,
  `weChat:` bigint DEFAULT NULL,
  `hubsppotId:` bigint DEFAULT NULL,
  `notes:` varchar(255) CHARACTER SET utf8mb4 COLLATE utf8mb4_unicode_ci DEFAULT NULL,
  `marketingCommission` tinyint(1) DEFAULT NULL,
  `outboundSales` tinyint(1) DEFAULT NULL,
  `inboundSales` tinyint(1) DEFAULT NULL,
  `salesManager` tinyint(1) DEFAULT NULL,
  `marketingCommissionFreelancers` tinyint(1) DEFAULT NULL,
  `refundResponsibilityAccess` tinyint(1) DEFAULT NULL,
  `allowToEdit/DeleteInventory` tinyint(1) DEFAULT NULL,
  `maxCommissionICanGiveForMonth:` varchar(255) CHARACTER SET utf8mb4 COLLATE utf8mb4_unicode_ci DEFAULT NULL,
  `managerAllowToAdd/EditCommissionTotal` tinyint(1) DEFAULT NULL,
  `managerAllowToEditPeople'sTime` tinyint(1) DEFAULT NULL,
  `companyEmail` varchar(255) CHARACTER SET utf8mb4 COLLATE utf8mb4_unicode_ci DEFAULT NULL,
  `rakesh` varchar(255) CHARACTER SET utf8mb4 COLLATE utf8mb4_unicode_ci DEFAULT NULL,
  `test` tinyint(1) DEFAULT NULL,
  PRIMARY KEY (`id`),
  KEY `medical_employee_pers_informations_employee_id_foreign` (`employee_id`),
  CONSTRAINT `medical_employee_pers_informations_employee_id_foreign` FOREIGN KEY (`employee_id`) REFERENCES `medical_employees` (`id`) ON DELETE CASCADE
) ENGINE=InnoDB DEFAULT CHARSET=utf8mb4 COLLATE=utf8mb4_unicode_ci;

INSERT INTO `medical_employee_pers_nformations` (`id`, `employee_id`, `bhupend`, `created_at`, `updated_at`, `firstName`, `lastName`, `nickName`, `dateHired`, `dateFired`, `personalEmail`, `password`, `cellPhone`, `hourlyRate:`, `backUpPhone:`, `commission:`, `sendTextMessage`, `monthlyCost:`, `department:`, `typeOfEmployee:`, `status:`, `x2CostBecauseDriverHasAssistant`, `tue`, `wed`, `thu`, `fri`, `sat`, `sun`, `emergencyName1:`, `emergencyPhone1:`, `emergencyName2:`, `emergencyNumber2:`, `country`, `skype:`, `whatsApp:`, `weChat:`, `hubsppotId:`, `notes:`, `marketingCommission`, `outboundSales`, `inboundSales`, `salesManager`, `marketingCommissionFreelancers`, `refundResponsibilityAccess`, `allowToEdit/DeleteInventory`, `maxCommissionICanGiveForMonth:`, `managerAllowToAdd/EditCommissionTotal`, `managerAllowToEditPeople'sTime`, `companyEmail`, `rakesh`, `test`) VALUES
(47,	61,	NULL,	NULL,	NULL,	'MOHAN123',	'sharma',	'Genevieve Mccray',	'2016-11-01',	'2002-09-03',	'qaweryt@mailinator.com',	'Ad eum non aut asper',	37,	74,	87,	'Quia ut illo fuga I',	0,	12,	'it',	'full time',	'active',	0,	1,	1,	1,	1,	1,	1,	'Austin Walter',	22,	'Martina Johnston',	413,	'usa',	1,	79,	26,	77,	'Atque aut fugiat la',	1,	0,	1,	1,	0,	1,	1,	'Ea ut quam delectus',	0,	1,	'qukolityf@mailinator.com',	NULL,	NULL),
(48,	62,	NULL,	NULL,	NULL,	'MOHAN123',	'sharma',	'Genevieve Mccray',	'2016-11-01',	'2002-09-03',	'qaweryt@mailinator.com',	'Ad eum non aut asper',	37,	74,	87,	'Quia ut illo fuga I',	0,	12,	'it',	'full time',	'active',	0,	1,	1,	1,	1,	1,	1,	'Austin Walter',	22,	'Martina Johnston',	413,	'usa',	1,	79,	26,	77,	'Atque aut fugiat la',	1,	0,	1,	1,	0,	1,	1,	'Ea ut quam delectus',	0,	1,	'qukolityf@mailinator.com',	NULL,	NULL),
(49,	63,	NULL,	NULL,	NULL,	'shyam',	'sharma',	'Genevieve Mccray',	'2016-11-01',	'2002-09-03',	'qaweryt@mailinator.com',	'Ad eum non aut asper',	37,	74,	87,	'Quia ut illo fuga I',	0,	12,	'it',	'full time',	'active',	0,	1,	1,	1,	1,	1,	1,	'Austin Walter',	22,	'Martina Johnston',	413,	'usa',	1,	79,	26,	77,	'Atque aut fugiat la',	1,	0,	1,	1,	0,	1,	1,	'Ea ut quam delectus',	0,	1,	'qukolityf@mailinator.com',	NULL,	NULL),
(50,	64,	NULL,	NULL,	NULL,	'shyam',	'sharma',	'Genevieve Mccray',	'2016-11-01',	'2002-09-03',	'qaweryt@mailinator.com',	'Ad eum non aut asper',	37,	74,	87,	'Quia ut illo fuga I',	0,	12,	'it',	'full time',	'active',	0,	1,	1,	1,	1,	1,	1,	'Austin Walter',	22,	'Martina Johnston',	413,	'usa',	1,	79,	26,	77,	'Atque aut fugiat la',	1,	0,	1,	1,	0,	1,	1,	'Ea ut quam delectus',	0,	1,	'qukolityf@mailinator.com',	NULL,	NULL),
(51,	65,	NULL,	NULL,	NULL,	'shyam',	'sharma',	'Genevieve Mccray',	'2016-11-01',	'2002-09-03',	'qaweryt@mailinator.com',	'Ad eum non aut asper',	37,	74,	87,	'Quia ut illo fuga I',	0,	12,	'it',	'full time',	'active',	0,	1,	1,	1,	1,	1,	1,	'Austin Walter',	22,	'Martina Johnston',	413,	'usa',	1,	79,	26,	77,	'Atque aut fugiat la',	1,	0,	1,	1,	0,	1,	1,	'Ea ut quam delectus',	0,	1,	'qukolityf@mailinator.com',	NULL,	NULL),
(52,	66,	NULL,	NULL,	NULL,	'shyam',	'sharma',	'Genevieve Mccray',	'2016-11-01',	'2002-09-03',	'qaweryt@mailinator.com',	'Ad eum non aut asper',	37,	74,	87,	'Quia ut illo fuga I',	0,	12,	'it',	'full time',	'active',	0,	1,	1,	1,	1,	1,	1,	'Austin Walter',	22,	'Martina Johnston',	413,	'usa',	1,	79,	26,	77,	'Atque aut fugiat la',	1,	0,	1,	1,	0,	1,	1,	'Ea ut quam delectus',	0,	1,	'qukolityf@mailinator.com',	NULL,	NULL),
(53,	67,	NULL,	NULL,	NULL,	'Aidan',	'Murray',	'Savannah Blair',	'2013-09-11',	'2007-06-29',	'niqyre@mailinator.com',	'Magna similique recu',	100,	3,	33,	'Tempore omnis magna',	1,	3,	'marketing',	'full time',	'unactive',	0,	1,	0,	0,	0,	0,	1,	'Elton Klein',	80,	'Kyle Williamson',	18,	'usa',	47,	17,	13,	3,	'Doloremque quisquam',	1,	0,	1,	0,	0,	1,	1,	'Enim impedit volupt',	1,	0,	'xikosiq@mailinator.com',	NULL,	NULL),
(54,	68,	NULL,	NULL,	NULL,	'shyam',	'sharma',	'Genevieve Mccray',	'2016-11-01',	'2002-09-03',	'qaweryt@mailinator.com',	'Ad eum non aut asper',	37,	74,	87,	'Quia ut illo fuga I',	0,	12,	'it',	'full time',	'active',	0,	1,	1,	1,	1,	1,	1,	'Austin Walter',	22,	'Martina Johnston',	413,	'usa',	1,	79,	26,	77,	'Atque aut fugiat la',	1,	0,	1,	1,	0,	1,	1,	'Ea ut quam delectus',	0,	1,	'qukolityf@mailinator.com',	NULL,	NULL),
(55,	69,	NULL,	NULL,	NULL,	'shyam',	'sharma',	'Genevieve Mccray',	'2016-11-01',	'2002-09-03',	'qaweryt@mailinator.com',	'Ad eum non aut asper',	37,	74,	87,	'Quia ut illo fuga I',	0,	12,	'it',	'full time',	'active',	0,	1,	1,	1,	1,	1,	1,	'Austin Walter',	22,	'Martina Johnston',	413,	'usa',	1,	79,	26,	77,	'Atque aut fugiat la',	1,	0,	1,	1,	0,	1,	1,	'Ea ut quam delectus',	0,	1,	'qukolityf@mailinator.com',	NULL,	NULL),
(56,	70,	NULL,	NULL,	NULL,	'Ajay',	'Kumar',	'manku Romero',	'2018-06-29',	'2015-08-18',	'visowo@mailinator.com',	'Et irure quia deleni',	86,	9,	61,	'Rem in aut facilis m',	1,	3,	'it',	'part time',	'active',	1,	0,	1,	0,	0,	1,	1,	'Jemima Cortez',	40,	'Signe Giles',	401,	'india',	64,	10,	39,	45,	'Pariatur In dolore',	1,	0,	0,	1,	0,	0,	0,	'Aliquid deserunt est',	0,	1,	'tylasu@mailinator.com',	NULL,	NULL),
(57,	71,	NULL,	NULL,	NULL,	'Ajay',	'Kumar',	'manku Romero',	'2018-06-29',	'2015-08-18',	'visowo@mailinator.com',	'Et irure quia deleni',	86,	9,	61,	'Rem in aut facilis m',	1,	3,	'it',	'part time',	'active',	1,	0,	1,	0,	0,	1,	1,	'Jemima Cortez',	40,	'Signe Giles',	401,	'india',	64,	10,	39,	45,	'Pariatur In dolore',	1,	0,	0,	1,	0,	0,	0,	'Aliquid deserunt est',	0,	1,	'tylasu@mailinator.com',	NULL,	NULL),
(58,	72,	NULL,	NULL,	NULL,	'Ajay',	'Kumar',	'manku Romero',	'2018-06-29',	'2015-08-18',	'visowo@mailinator.com',	'Et irure quia deleni',	86,	9,	61,	'Rem in aut facilis m',	1,	3,	'it',	'part time',	'active',	1,	0,	1,	0,	0,	1,	1,	'Jemima Cortez',	40,	'Signe Giles',	401,	'india',	64,	10,	39,	45,	'Pariatur In dolore',	1,	0,	0,	1,	0,	0,	0,	'Aliquid deserunt est',	0,	1,	'tylasu@mailinator.com',	NULL,	NULL),
(59,	73,	NULL,	NULL,	NULL,	'Ajay',	'Kumar',	'manku Romero',	'2018-06-29',	'2015-08-18',	'visowo@mailinator.com',	'Et irure quia deleni',	86,	9,	61,	'Rem in aut facilis m',	1,	3,	'it',	'part time',	'active',	1,	0,	1,	0,	0,	1,	1,	'Jemima Cortez',	40,	'Signe Giles',	401,	'india',	64,	10,	39,	45,	'Pariatur In dolore',	1,	0,	0,	1,	0,	0,	0,	'Aliquid deserunt est',	0,	1,	'tylasu@mailinator.com',	NULL,	NULL),
(60,	74,	NULL,	NULL,	NULL,	'Georgia',	'Reynolds',	'Quynn Vasquez',	'1983-04-11',	'2002-07-17',	'rusohacep@mailinator.com',	'Mollitia in in paria',	65,	100,	34,	'Aliquid aut voluptat',	0,	3,	'finanace',	'full time',	'unactive',	0,	1,	0,	1,	0,	0,	0,	'Mary Morse',	57,	'Nora Peck',	703,	'india',	45,	85,	85,	25,	'Nostrud corporis ass',	1,	1,	1,	1,	0,	1,	0,	'Totam id inventore',	0,	1,	'gakohif@mailinator.com',	NULL,	NULL),
(61,	75,	NULL,	NULL,	NULL,	'Georgia',	'Reynolds',	'Quynn Vasquez',	'1983-04-11',	'2002-07-17',	'rusohacep@mailinator.com',	'Mollitia in in paria',	65,	100,	34,	'Aliquid aut voluptat',	0,	3,	'finanace',	'full time',	'unactive',	0,	1,	0,	1,	0,	0,	0,	'Mary Morse',	57,	'Nora Peck',	703,	'india',	45,	85,	85,	25,	'Nostrud corporis ass',	1,	1,	1,	1,	0,	1,	0,	'Totam id inventore',	0,	1,	'gakohif@mailinator.com',	NULL,	NULL),
(62,	76,	NULL,	NULL,	NULL,	'qqqqq',	'Reynolds',	'Quynn Vasquez',	'1983-04-11',	'2002-07-17',	'rusohacep@mailinator.com',	'Mollitia in in paria',	65,	100,	34,	'Aliquid aut voluptat',	0,	3,	'finanace',	'full time',	'unactive',	0,	1,	0,	1,	0,	0,	0,	'Mary Morse',	57,	'Nora Peck',	703,	'india',	45,	85,	85,	25,	'Nostrud corporis ass',	1,	1,	1,	1,	0,	1,	0,	'Totam id inventore',	0,	1,	'gakohif@mailinator.com',	NULL,	NULL),
(63,	77,	NULL,	NULL,	NULL,	'vitu',	'Reynolds',	'Quynn Vasquez',	'1983-04-11',	'2002-07-17',	'rusohacep@mailinator.com',	'Mollitia in in paria',	65,	100,	34,	'Aliquid aut voluptat',	0,	3,	'finanace',	'full time',	'unactive',	0,	1,	0,	1,	0,	0,	0,	'Mary Morse',	57,	'Nora Peck',	703,	'india',	45,	85,	85,	25,	'Nostrud corporis ass',	1,	1,	1,	1,	0,	1,	0,	'Totam id inventore',	0,	1,	'gakohif@mailinator.com',	NULL,	NULL),
(64,	78,	NULL,	NULL,	NULL,	'ritu',	'Reynolds',	'Quynn Vasquez',	'1983-04-11',	'2002-07-17',	'rusohacep@mailinator.com',	'Mollitia in in paria',	65,	100,	34,	'Aliquid aut voluptat',	0,	3,	'finanace',	'full time',	'unactive',	0,	1,	0,	1,	0,	0,	0,	'Mary Morse',	57,	'Nora Peck',	703,	'india',	45,	85,	85,	25,	'Nostrud corporis ass',	1,	1,	1,	1,	0,	1,	0,	'Totam id inventore',	0,	1,	'gakohif@mailinator.com',	NULL,	NULL),
(65,	79,	NULL,	NULL,	NULL,	'bhupendra',	'Reynolds',	'Quynn Vasquez',	'1983-04-11',	'2002-07-17',	'rusohacep@mailinator.com',	'Mollitia in in paria',	65,	100,	34,	'Aliquid aut voluptat',	0,	3,	'finanace',	'full time',	'unactive',	0,	1,	0,	1,	0,	0,	0,	'Mary Morse',	57,	'Nora Peck',	703,	'india',	45,	85,	85,	25,	'Nostrud corporis ass',	1,	1,	1,	1,	0,	1,	0,	'Totam id inventore',	0,	1,	'gakohif@mailinator.com',	NULL,	NULL),
(66,	81,	NULL,	NULL,	NULL,	'Astra',	'Huber',	'Britanney Mckinney',	'1987-05-28',	'2006-03-25',	'lonizuxo@mailinator.com',	'Voluptatem dolore au',	10,	45,	57,	'Laboris aut et ut es',	0,	8,	'finanace',	'full time',	'active',	1,	0,	0,	0,	0,	1,	0,	'Tashya Bolton',	75,	'Stuart Alvarez',	274,	'india',	37,	57,	37,	62,	'Sit adipisicing ut',	1,	1,	1,	1,	1,	0,	1,	'Officia non fuga Mi',	1,	0,	'gaxanun@mailinator.com',	NULL,	NULL),
(67,	82,	NULL,	NULL,	NULL,	'Gail',	'Clarke',	'Casey Garner',	'2007-09-21',	'1976-02-03',	'fytopiw@mailinator.com',	'Eos quis nulla tempo',	90,	3,	83,	'Commodi quis quos no',	0,	7,	'it',	'part time',	'unactive',	0,	1,	1,	0,	1,	0,	0,	'Jaime Salazar',	42,	'Burton Norris',	388,	'china',	16,	51,	55,	94,	'In ad quasi deserunt',	0,	1,	1,	0,	1,	1,	1,	'Dolor ea ipsum face',	1,	0,	'ninasa@mailinator.com',	NULL,	NULL),
(68,	83,	NULL,	NULL,	NULL,	'Faith',	'Goodwin',	'Medge Noel',	'2001-02-16',	'2021-01-10',	'dydacanec@mailinator.com',	'Qui voluptatem repr',	24,	55,	80,	'Fugit et consequatu',	1,	4,	'finanace',	'full time',	'unactive',	0,	1,	0,	1,	1,	1,	1,	'Haley Estrada',	22,	'Lucius Conley',	99,	'china',	33,	11,	59,	67,	'Itaque et dolores ip',	1,	1,	1,	0,	1,	1,	0,	'Nisi consequatur Ip',	0,	0,	'qyry@mailinator.com',	NULL,	NULL),
(69,	92,	NULL,	NULL,	NULL,	'Kasimir',	'Stout',	'Hammett Tanner',	'1975-09-02',	'1990-02-08',	'vygebuwa@mailinator.com',	'Qui proident ab max',	70,	85,	49,	'Ex voluptates incidi',	1,	12,	'it',	'part time',	'unactive',	1,	0,	1,	0,	1,	1,	0,	'Forrest Kent',	47,	'Maxine Berry',	953,	'india',	72,	85,	47,	35,	'Quam labore quidem i',	1,	1,	0,	1,	0,	0,	1,	'Fugit amet eiusmod',	0,	1,	'siqit@mailinator.com',	NULL,	NULL),
(70,	93,	NULL,	NULL,	NULL,	'Sonya',	'Fields',	'Kai Sharpe',	'2018-07-02',	'1975-04-21',	'qydogoluj@mailinator.com',	'Eu in velit et conse',	87,	49,	48,	'Maiores voluptatum l',	1,	9,	'it',	'part time',	'unactive',	0,	0,	1,	0,	0,	1,	0,	'Anastasia Woodward',	51,	'Lareina Frank',	373,	'china',	51,	24,	42,	77,	'Ut rerum libero sed',	1,	0,	1,	1,	0,	1,	0,	'Laborum at sit quam',	1,	1,	'dodyh@mailinator.com',	NULL,	NULL),
(71,	94,	NULL,	NULL,	NULL,	'Sonya',	'Fields',	'Kai Sharpe',	'2018-07-02',	'1975-04-21',	'qydogoluj@mailinator.com',	'Eu in velit et conse',	87,	49,	48,	'Maiores voluptatum l',	1,	9,	'it',	'part time',	'unactive',	0,	0,	1,	0,	0,	1,	0,	'Anastasia Woodward',	51,	'Lareina Frank',	373,	'china',	51,	24,	42,	77,	'Ut rerum libero sed',	1,	0,	1,	1,	0,	1,	0,	'Laborum at sit quam',	1,	1,	'dodyh@mailinator.com',	NULL,	NULL),
(72,	95,	NULL,	NULL,	NULL,	'Plato',	'Hester',	'Noelle Winters',	'1981-01-20',	'1985-07-14',	'binyd@mailinator.com',	'Tenetur optio minim',	37,	27,	89,	'Commodi impedit eve',	0,	11,	'finanace',	'full time',	'unactive',	1,	0,	1,	0,	0,	1,	0,	'Dominique Moss',	47,	'Lucius Hurst',	27,	'india',	85,	46,	72,	78,	'Assumenda accusantiu',	0,	0,	1,	1,	0,	1,	0,	'Similique odio rem e',	0,	0,	'badejac@mailinator.com',	NULL,	NULL),
(73,	96,	NULL,	NULL,	NULL,	'Melodie',	'Nolan',	'Germane Harrington',	'2008-06-07',	'1986-03-03',	'rusil@mailinator.com',	'Earum architecto fug',	97,	48,	55,	'Modi fuga Modi alia',	1,	7,	'finanace',	'full time',	'unactive',	0,	1,	0,	0,	0,	0,	0,	'Deacon Powers',	37,	'Cecilia Burton',	462,	'usa',	92,	9,	23,	76,	'Tempora aliqua Unde',	0,	1,	1,	0,	0,	0,	1,	'Qui ut error incidun',	1,	1,	'muhupige@mailinator.com',	NULL,	NULL),
(74,	97,	NULL,	NULL,	NULL,	'Dana',	'Hunt',	'Alika Horton',	'2019-04-02',	'2012-09-20',	'basulative@mailinator.com',	'Corrupti porro ipsa',	24,	58,	66,	'Est voluptatibus rei',	0,	12,	'marketing',	'full time',	'active',	1,	1,	0,	0,	1,	0,	0,	'Anastasia Jackson',	44,	'Veda Ayala',	259,	'china',	49,	43,	52,	31,	'Sed consectetur modi',	1,	1,	0,	0,	1,	1,	1,	'Et incidunt sequi c',	1,	0,	'pezod@mailinator.com',	NULL,	NULL),
(75,	98,	NULL,	NULL,	NULL,	'Ocean',	'Little',	'Jane Ball',	'2015-08-18',	'1995-08-16',	'dinapifo@mailinator.com',	'Sint sequi repellen',	40,	98,	61,	'Beatae ea perferendi',	0,	9,	'it',	'full time',	'unactive',	0,	0,	1,	1,	1,	0,	1,	'Nevada Baird',	10,	'Mariko Velasquez',	4,	'usa',	14,	29,	86,	100,	'Aliqua Ipsum vel u',	0,	0,	1,	0,	1,	1,	0,	'Maiores autem quod q',	0,	1,	'miwujygogi@mailinator.com',	NULL,	NULL),
(76,	99,	NULL,	NULL,	NULL,	'Gage',	'Leach',	'Dai Key',	'1976-07-30',	'1983-02-03',	'pynyxyq@mailinator.com',	'Quia nesciunt omnis',	34,	51,	3,	'Qui earum iusto iste',	0,	4,	'finanace',	'full time',	'active',	1,	0,	1,	1,	1,	1,	1,	'Grant Clayton',	81,	'Rebecca Dunn',	565,	'india',	93,	94,	8,	52,	'Sint officiis pariat',	0,	0,	0,	1,	1,	1,	1,	'Omnis nemo eum sed c',	1,	0,	'pocegomik@mailinator.com',	NULL,	NULL),
(77,	100,	NULL,	NULL,	NULL,	'Winifred',	'Shannon',	'Phyllis Gross',	'2001-02-17',	'2011-12-23',	'tidyhurube@mailinator.com',	'Distinctio Consecte',	5,	43,	60,	'Exercitationem qui d',	0,	6,	'it',	'full time',	'active',	0,	0,	0,	0,	1,	1,	0,	'Silas Shaffer',	8,	'Jordan Clayton',	131,	'india',	62,	20,	81,	78,	'Quia accusantium in',	1,	1,	1,	1,	0,	0,	1,	'Similique voluptatem',	0,	0,	'desafow@mailinator.com',	NULL,	NULL),
(78,	101,	NULL,	NULL,	NULL,	NULL,	NULL,	NULL,	NULL,	NULL,	NULL,	NULL,	NULL,	NULL,	NULL,	NULL,	0,	NULL,	NULL,	NULL,	NULL,	0,	0,	0,	0,	0,	0,	0,	NULL,	NULL,	NULL,	NULL,	NULL,	NULL,	NULL,	NULL,	NULL,	NULL,	0,	0,	0,	0,	0,	0,	0,	NULL,	0,	0,	NULL,	NULL,	NULL);

DROP TABLE IF EXISTS `medical_employees`;
CREATE TABLE `medical_employees` (
  `id` bigint unsigned NOT NULL AUTO_INCREMENT,
  `uuid` char(36) CHARACTER SET utf8mb4 COLLATE utf8mb4_unicode_ci NOT NULL,
  `is_deleted` tinyint(1) NOT NULL DEFAULT '0',
  `created_at` timestamp NULL DEFAULT NULL,
  `updated_at` timestamp NULL DEFAULT NULL,
  PRIMARY KEY (`id`)
) ENGINE=InnoDB DEFAULT CHARSET=utf8mb4 COLLATE=utf8mb4_unicode_ci;

INSERT INTO `medical_employees` (`id`, `uuid`, `is_deleted`, `created_at`, `updated_at`) VALUES
(1,	'6ef760f5-3165-449c-9a0d-a5f96f3c4854',	1,	'2023-06-16 07:43:59',	'2023-06-16 07:44:49'),
(2,	'75c92551-b0bd-43e9-b5a9-4c96e1af0a6f',	1,	'2023-06-16 07:44:04',	'2023-06-17 02:44:10'),
(3,	'e3376b52-ac7f-4676-9804-6a5e6c392f17',	1,	'2023-06-16 07:44:05',	'2023-06-17 02:44:07'),
(4,	'1f90a525-b881-4bcc-8f90-980ba674f8b5',	1,	'2023-06-16 07:44:06',	'2023-06-17 02:44:04'),
(5,	'1057dd35-4313-4238-bc98-4ee7548130c9',	1,	'2023-06-16 07:44:37',	'2023-06-17 02:43:59'),
(6,	'68e8ea8f-06bd-419a-9782-f8e4fde2ddcb',	1,	'2023-06-16 07:52:58',	'2023-06-17 02:01:18'),
(7,	'3932a5f6-0d2d-4590-9162-fa37ebdcf2d6',	1,	'2023-06-16 07:53:00',	'2023-06-17 02:01:16'),
(8,	'ccf0f48d-e549-4423-acb9-cd2567dbd418',	1,	'2023-06-16 07:53:01',	'2023-06-17 01:45:18'),
(9,	'c9180035-012f-4606-8110-25cc54736600',	1,	'2023-06-17 01:16:58',	'2023-06-17 01:45:13'),
(10,	'5c3adf58-6f82-4607-9ab0-eba944fe0fe4',	1,	'2023-06-17 01:16:59',	'2023-06-17 01:45:10'),
(11,	'04944777-12d3-46de-8c93-40013070469c',	1,	'2023-06-17 01:17:13',	'2023-06-17 01:45:31'),
(12,	'04d364a4-2d99-452d-844e-65f4f273f967',	1,	'2023-06-17 01:21:54',	'2023-06-17 02:01:13'),
(13,	'e3bf5112-3177-48fc-8b0c-745114ec3ff9',	1,	'2023-06-17 01:31:57',	'2023-06-17 02:01:10'),
(14,	'c54e59de-d0be-408f-9015-ed6b643ebcd4',	1,	'2023-06-17 01:32:49',	'2023-06-17 02:00:59'),
(15,	'c5ffb69b-9919-47d5-9bbc-aae08cba6592',	1,	'2023-06-17 01:33:44',	'2023-06-17 02:01:07'),
(16,	'f8f7fe3d-a1c2-4cdf-b585-a3c95e46d2b0',	1,	'2023-06-17 01:35:01',	'2023-06-17 01:45:35'),
(17,	'9d6804ee-4ed0-457c-9eed-59f9eb1f9563',	1,	'2023-06-17 01:36:27',	'2023-06-17 02:01:05'),
(18,	'99b039f1-0627-402b-b3bf-b769d32a4cc4',	1,	'2023-06-17 01:37:00',	'2023-06-17 02:01:03'),
(19,	'ad3f8a9a-db07-4641-826f-e99234fcd1f5',	1,	'2023-06-17 01:38:34',	'2023-06-17 01:45:49'),
(20,	'ca5d6869-3608-4921-8c2e-132f04eed5e6',	1,	'2023-06-17 01:42:49',	'2023-06-17 01:44:59'),
(21,	'1e3ccecf-249c-496f-8bec-fc4b278d8bb0',	1,	'2023-06-17 01:49:06',	'2023-06-17 01:50:43'),
(22,	'cd40666d-a662-4e27-9247-1788c2dcfc86',	1,	'2023-06-17 01:49:29',	'2023-06-17 01:49:41'),
(23,	'a566a262-8a30-46ed-a2cb-f92475f1abf6',	1,	'2023-06-17 02:49:06',	'2023-06-21 07:01:34'),
(24,	'd12756b3-8a30-467a-bea9-623ebb6b5717',	1,	'2023-06-17 02:56:45',	'2023-06-17 03:01:05'),
(25,	'407d1ba5-b336-4e86-a6e5-b9181bd69ed5',	1,	'2023-06-17 03:06:41',	'2023-06-17 03:06:49'),
(26,	'f45e1206-b73e-428c-aa73-5cfed02aef69',	1,	'2023-06-17 03:30:14',	'2023-06-21 07:01:30'),
(27,	'ba8e8867-5aab-4fbe-b5fe-b039a17393b9',	1,	'2023-06-17 03:50:51',	'2023-06-21 07:01:04'),
(28,	'd7ecc367-bdda-4cd3-88ee-979890f4f446',	1,	'2023-06-17 04:13:45',	'2023-06-21 07:01:02'),
(29,	'd82f69d9-1671-4fa7-95bb-026237f42505',	1,	'2023-06-17 04:35:18',	'2023-06-21 07:00:58'),
(30,	'440cefc0-5813-434b-aeca-3ec9b885269c',	1,	'2023-06-17 04:37:53',	'2023-06-21 07:00:56'),
(31,	'654d5929-a704-4c0f-8710-6c51b4c7c739',	1,	'2023-06-17 04:45:39',	'2023-06-21 07:00:54'),
(32,	'a4379945-5b6e-40ef-9410-7626649c1b99',	1,	'2023-06-17 04:45:46',	'2023-06-21 07:00:52'),
(33,	'6436afa3-d1c9-40d6-a8a9-18c10ca18518',	1,	'2023-06-17 04:45:51',	'2023-06-21 07:00:50'),
(34,	'5626bbce-32f9-49d6-b77c-47528d64e10a',	1,	'2023-06-17 04:45:57',	'2023-06-21 07:00:47'),
(35,	'ed0fba85-a1cf-4b4e-9340-6ccfc210b08c',	1,	'2023-06-17 04:46:04',	'2023-06-21 07:00:46'),
(36,	'076b0e83-7436-4d0a-8cb8-31f824516721',	1,	'2023-06-17 04:50:03',	'2023-06-21 07:00:44'),
(37,	'86b60e36-e1fd-4ffb-b9f8-a500e64d4ad3',	1,	'2023-06-17 04:50:31',	'2023-06-21 07:00:42'),
(38,	'1d0e79e8-0592-4e77-a381-7f8c6170f5ab',	1,	'2023-06-17 05:20:09',	'2023-06-21 07:00:41'),
(39,	'dcaaa2eb-da07-49be-9a88-3ac067e9b4e0',	1,	'2023-06-17 05:22:46',	'2023-06-21 07:00:39'),
(40,	'69072432-fce1-4852-8185-d6aa3377e6ca',	1,	'2023-06-17 08:22:46',	'2023-06-17 08:23:57'),
(41,	'33988c0e-25b5-4896-addd-4ca3d5ce3435',	1,	'2023-06-19 04:41:46',	'2023-06-21 07:00:38'),
(42,	'd2b303d4-ccd1-4509-bbd0-263bf6a87a2e',	1,	'2023-06-19 04:48:29',	'2023-06-21 07:00:35'),
(43,	'a9a5985f-4494-4ecb-8a54-3fd18964be62',	1,	'2023-06-19 04:52:56',	'2023-06-21 07:00:34'),
(44,	'16099ca6-5e16-4451-aa8f-dbbd557e326a',	1,	'2023-06-21 05:26:24',	'2023-06-21 07:00:13'),
(45,	'667d49e9-1328-46bb-83c4-d5f9b20515fe',	1,	'2023-06-21 05:28:12',	'2023-06-21 07:00:11'),
(46,	'75051aa5-2e9e-4eb5-95f5-a812b00bd3d3',	1,	'2023-06-21 05:28:47',	'2023-06-21 07:00:31'),
(47,	'8ca8d66b-9479-41c8-ab8f-46ea4817b2f6',	1,	'2023-06-21 05:30:44',	'2023-06-21 07:00:29'),
(48,	'4c6ad7a7-54de-4626-b096-8deac99a90a0',	1,	'2023-06-21 05:32:23',	'2023-06-21 05:33:02'),
(49,	'7709f1cb-2396-4ec9-9aec-5f938b96221b',	1,	'2023-06-21 05:32:46',	'2023-06-21 06:57:08'),
(50,	'a19a15a2-74f0-4977-9603-59650f57072f',	1,	'2023-06-21 05:34:31',	'2023-06-21 06:57:05'),
(51,	'1aa17dce-c184-4478-9433-848191c43f69',	1,	'2023-06-21 05:38:44',	'2023-06-21 06:57:03'),
(52,	'7cec5380-4448-49ac-915f-9fb624599096',	1,	'2023-06-21 05:39:50',	'2023-06-21 07:00:26'),
(53,	'814bd507-e85f-4fa1-9375-f1779827a944',	1,	'2023-06-21 06:11:15',	'2023-06-21 07:00:24'),
(54,	'3fe79e2c-fba1-45c4-8276-9bb0aa4cd478',	1,	'2023-06-21 06:12:28',	'2023-06-21 07:00:23'),
(55,	'a138c50b-9997-4a81-b73f-ea8097e8da0f',	1,	'2023-06-21 06:35:50',	'2023-06-21 07:00:21'),
(56,	'ba8a737b-06c1-4440-b9e8-08efce1b86db',	1,	'2023-06-21 06:43:29',	'2023-06-21 07:00:19'),
(57,	'5e2762a6-5e02-4a3e-a9b6-a373cd230dd7',	1,	'2023-06-21 06:50:37',	'2023-06-21 07:00:18'),
(58,	'c00c9ccc-eef9-4adb-9f67-95945fe68bf0',	1,	'2023-06-21 06:53:15',	'2023-06-21 07:00:16'),
(59,	'1482a9ee-995a-4fff-be49-5596703308d7',	1,	'2023-06-21 06:54:28',	'2023-06-21 06:59:58'),
(60,	'16d29775-eae3-42ce-a550-dc35d123f17c',	1,	'2023-06-21 06:56:35',	'2023-06-21 06:59:56'),
(61,	'7bd3d634-b659-4577-b8ea-a22cf68c2a3a',	1,	'2023-06-21 07:01:21',	'2023-06-21 07:01:28'),
(62,	'601d1db7-670c-44f0-826a-2d4b77295d1b',	1,	'2023-06-21 07:01:42',	'2023-06-21 12:46:17'),
(63,	'52daf312-83e3-432d-b9d8-5493cc3692ab',	1,	'2023-06-21 07:02:19',	'2023-06-21 12:46:15'),
(64,	'9e37e7f6-5a74-4604-a64d-3a9135e6e13a',	1,	'2023-06-21 07:17:02',	'2023-06-21 12:46:13'),
(65,	'23584523-3cca-4526-936d-de34f04731fc',	1,	'2023-06-21 07:26:46',	'2023-06-21 12:46:20'),
(66,	'a517da8a-e357-4ef2-bdd3-4196524bdf55',	1,	'2023-06-21 07:42:45',	'2023-06-21 12:46:22'),
(67,	'b85c402f-be85-4996-8228-1ad9156e70a8',	1,	'2023-06-21 07:49:14',	'2023-06-21 12:53:37'),
(68,	'9208a212-8b69-44b1-8d62-dd797858403c',	1,	'2023-06-21 07:49:27',	'2023-06-21 12:53:55'),
(69,	'62ca5513-e1b9-4d47-a0ed-f67e0e3ac391',	1,	'2023-06-21 07:52:15',	'2023-07-04 00:24:32'),
(70,	'fcfe9494-fb44-4c30-aa4b-43530373bdd6',	0,	'2023-06-21 08:05:00',	'2023-06-21 08:05:00'),
(71,	'b492b49a-44bb-4e10-ba82-3ffb791dfd2a',	0,	'2023-06-21 11:44:55',	'2023-06-21 11:44:55'),
(72,	'6e925f21-fcfb-4991-ac41-bce9bbe9d96d',	0,	'2023-06-21 11:56:47',	'2023-06-21 11:56:47'),
(73,	'4d1a9d6e-ead9-4df0-aeb0-3789c257cd01',	1,	'2023-06-21 11:59:25',	'2023-06-21 12:52:12'),
(74,	'3503f22c-bba6-47f7-ab4e-c45e45d8a48d',	1,	'2023-06-21 12:50:00',	'2023-06-21 12:52:11'),
(75,	'7340dd97-de9f-4dff-99a8-c46d730ff955',	1,	'2023-06-21 12:50:24',	'2023-06-21 12:51:33'),
(76,	'92771456-6d2f-4a41-81a0-59e7401b7146',	1,	'2023-06-21 12:52:25',	'2023-06-21 12:55:57'),
(77,	'335f7da9-5662-4614-a1f6-0501f41062e4',	0,	'2023-06-21 12:58:32',	'2023-06-21 12:58:32'),
(78,	'b9844ca9-8cc0-43cc-b4c8-b6a6ecc27bdb',	0,	'2023-06-23 07:50:40',	'2023-06-23 07:50:40'),
(79,	'732c7b28-53f5-4849-a9b9-19f505881e58',	0,	'2023-06-23 07:50:52',	'2023-06-23 07:50:52'),
(80,	'68767437-f827-4544-bcfc-7a53f7431dcf',	1,	'2023-06-28 03:09:48',	'2023-07-04 00:43:18'),
(81,	'd2c9afe0-84f8-4314-89c9-5d2628291083',	0,	'2023-06-28 08:29:18',	'2023-06-28 08:29:18'),
(82,	'51d63c98-bf30-42d9-bacf-c51c50e976a2',	0,	'2023-06-28 08:29:24',	'2023-06-28 08:29:24'),
(83,	'e6171a6c-0885-4eda-ac25-11448605bb25',	0,	'2023-06-28 08:29:32',	'2023-06-28 08:29:32'),
(84,	'467f7dde-05b1-4afa-bed0-6da024949b01',	1,	'2023-07-03 04:36:10',	'2023-07-03 11:20:10'),
(85,	'9a333fd8-4423-4842-a9f6-f7286f82b6ce',	1,	'2023-07-03 04:36:15',	'2023-07-03 11:20:19'),
(86,	'e7c5a989-b56e-4c25-a935-4ef2efbd31b7',	1,	'2023-07-03 04:36:17',	'2023-07-03 11:20:19'),
(87,	'2a5033dd-a65a-4f61-a09a-34eb51e5db50',	1,	'2023-07-03 04:36:21',	'2023-07-03 11:20:18'),
(88,	'3c348945-d788-4b82-86d9-29bf9e6ae110',	1,	'2023-07-03 04:36:21',	'2023-07-03 11:20:17'),
(89,	'afe72670-21b4-4737-805c-69d2b3154b9d',	1,	'2023-07-03 04:36:21',	'2023-07-03 11:20:16'),
(90,	'e8ecb2ae-0937-4503-bfce-d57b0d71095a',	1,	'2023-07-03 04:36:26',	'2023-07-03 11:20:15'),
(91,	'abb8857c-0720-408d-8c15-56b71f1d6f94',	1,	'2023-07-03 04:37:56',	'2023-07-03 11:20:14'),
(92,	'd2e7bb1d-ce53-48bf-ab47-7da5291d8dc9',	0,	'2023-07-03 04:42:06',	'2023-07-03 04:42:06'),
(93,	'5ae1e92f-04f7-4322-bfb4-9a909e3a2449',	0,	'2023-07-03 04:44:53',	'2023-07-03 04:44:53'),
(94,	'719dd3e0-d8e6-4996-937d-61748e2d5ee8',	0,	'2023-07-03 04:45:01',	'2023-07-03 04:45:01'),
(95,	'083322a5-40e4-4514-b1d7-fbe43d43035a',	0,	'2023-07-03 04:47:16',	'2023-07-03 04:47:16'),
(96,	'3c179ce5-c83e-4cd8-bab2-3ac03f808891',	0,	'2023-07-03 04:47:25',	'2023-07-03 04:47:25'),
(97,	'f2cd8747-c0ae-41d0-b062-80a16353d31a',	0,	'2023-07-03 05:19:08',	'2023-07-03 05:19:08'),
(98,	'b8e5ba9c-4035-4094-8b38-76bf1a5f6c47',	1,	'2023-07-03 05:32:04',	'2023-07-11 08:24:15'),
(99,	'72857a0c-8649-4cea-bbc3-dcfaee80d6f9',	1,	'2023-07-03 06:01:25',	'2023-07-11 08:23:33'),
(100,	'44b54e1d-e2f5-4e3f-9e63-5daa2c2e7301',	1,	'2023-07-03 06:02:35',	'2023-07-11 08:23:19'),
(101,	'9c5de1a9-2ba0-4592-b489-9955c0e1cd26',	1,	'2023-07-15 05:55:13',	'2023-07-15 05:55:18');

DROP TABLE IF EXISTS `medical_failed_jobs`;
CREATE TABLE `medical_failed_jobs` (
  `id` bigint unsigned NOT NULL AUTO_INCREMENT,
  `uuid` varchar(255) CHARACTER SET utf8mb4 COLLATE utf8mb4_unicode_ci NOT NULL,
  `connection` text CHARACTER SET utf8mb4 COLLATE utf8mb4_unicode_ci NOT NULL,
  `queue` text CHARACTER SET utf8mb4 COLLATE utf8mb4_unicode_ci NOT NULL,
  `payload` longtext CHARACTER SET utf8mb4 COLLATE utf8mb4_unicode_ci NOT NULL,
  `exception` longtext CHARACTER SET utf8mb4 COLLATE utf8mb4_unicode_ci NOT NULL,
  `failed_at` timestamp NOT NULL DEFAULT CURRENT_TIMESTAMP,
  PRIMARY KEY (`id`),
  UNIQUE KEY `medical_failed_jobs_uuid_unique` (`uuid`)
) ENGINE=InnoDB DEFAULT CHARSET=utf8mb4 COLLATE=utf8mb4_unicode_ci;


DROP TABLE IF EXISTS `medical_form_fields`;
CREATE TABLE `medical_form_fields` (
  `id` bigint unsigned NOT NULL AUTO_INCREMENT,
  `uuid` char(36) CHARACTER SET utf8mb4 COLLATE utf8mb4_unicode_ci NOT NULL,
  `label_name` varchar(255) CHARACTER SET utf8mb4 COLLATE utf8mb4_unicode_ci NOT NULL,
  `input_name` varchar(255) CHARACTER SET utf8mb4 COLLATE utf8mb4_unicode_ci NOT NULL,
  `label_description` text CHARACTER SET utf8mb4 COLLATE utf8mb4_unicode_ci,
  `field_type` enum('date','text','number','radio','checkbox','password','button','colordate','datetime-local','email','file','hidden','image','month','range','reset','search','submit','tel','time','url','week','MultiLineText','multiCheckBox','dropdownSelect','textarea') CHARACTER SET utf8mb4 COLLATE utf8mb4_unicode_ci NOT NULL,
  `validation_rules` text CHARACTER SET utf8mb4 COLLATE utf8mb4_unicode_ci,
  `field_values` text CHARACTER SET utf8mb4 COLLATE utf8mb4_unicode_ci,
  `table_name` varchar(255) CHARACTER SET utf8mb4 COLLATE utf8mb4_unicode_ci DEFAULT NULL,
  `is_deleted` tinyint(1) NOT NULL DEFAULT '0',
  `object_id` bigint unsigned NOT NULL,
  `group_id` bigint unsigned NOT NULL,
  `created_at` timestamp NULL DEFAULT NULL,
  `updated_at` timestamp NULL DEFAULT NULL,
  PRIMARY KEY (`id`),
  UNIQUE KEY `medical_form_fields_label_name_object_id_group_id_unique` (`label_name`,`object_id`,`group_id`),
  KEY `medical_form_fields_object_id_foreign` (`object_id`),
  KEY `medical_form_fields_group_id_foreign` (`group_id`),
  CONSTRAINT `medical_form_fields_group_id_foreign` FOREIGN KEY (`group_id`) REFERENCES `medical_form_object_type_groups` (`id`) ON DELETE CASCADE,
  CONSTRAINT `medical_form_fields_object_id_foreign` FOREIGN KEY (`object_id`) REFERENCES `medical_form_object_types` (`id`) ON DELETE CASCADE
) ENGINE=InnoDB DEFAULT CHARSET=utf8mb4 COLLATE=utf8mb4_unicode_ci;

INSERT INTO `medical_form_fields` (`id`, `uuid`, `label_name`, `input_name`, `label_description`, `field_type`, `validation_rules`, `field_values`, `table_name`, `is_deleted`, `object_id`, `group_id`, `created_at`, `updated_at`) VALUES
(2,	'664b06c4-38c3-4c17-a103-fb34513568e7',	'Cell Number',	'cellNumber',	'Cell Number',	'number',	'{\"is_required\":true,\"min\":null,\"max\":null,\"is_numeric\":null,\"is_character\":null,\"setMinCharacter\":null,\"setMaxCharacter\":null}',	'[]',	'lead_pers_nformations',	0,	1,	2,	'2023-06-14 02:47:32',	'2023-06-14 08:00:43'),
(3,	'4dcfa33e-c320-427f-a0c9-da14bb645179',	'Backup Phone Number',	'backupPhoneNumber',	'Backup Phone Number',	'number',	'{\"is_required\":null,\"min\":null,\"max\":null,\"is_numeric\":null,\"is_character\":null,\"setMinCharacter\":null,\"setMaxCharacter\":null}',	'[]',	'lead_cont_informations',	0,	1,	1,	'2023-06-14 02:49:14',	'2023-06-14 08:00:34'),
(4,	'f6ec61be-9bc4-4192-a476-dfae44279603',	'Lead Phone Number',	'leadPhoneNumber',	'Lead Phone Number',	'number',	'{\"is_required\":true,\"min\":null,\"max\":null,\"is_numeric\":null,\"is_character\":null,\"setMinCharacter\":null,\"setMaxCharacter\":null}',	'[]',	'lead_pers_nformations',	0,	1,	2,	'2023-06-14 02:50:19',	'2023-06-14 02:50:19'),
(5,	'7bae261c-8250-44c8-a49e-bb16368c426a',	'First Name',	'firstName',	'First Name',	'text',	'{\"is_required\":true,\"min\":null,\"max\":null,\"is_numeric\":null,\"is_character\":null,\"setMinCharacter\":null,\"setMaxCharacter\":null}',	'[]',	'lead_pers_nformations',	0,	1,	2,	'2023-06-14 02:50:49',	'2023-06-14 02:50:49'),
(6,	'3d6de4c4-71ff-4136-b3df-f1e5e373452e',	'Last Name',	'lastName',	'Last Name',	'text',	'{\"is_required\":null,\"min\":null,\"max\":null,\"is_numeric\":null,\"is_character\":null,\"setMinCharacter\":null,\"setMaxCharacter\":null}',	'[]',	'lead_pers_nformations',	0,	1,	2,	'2023-06-14 02:51:15',	'2023-06-14 02:51:15'),
(7,	'309988bd-362b-4299-b4b3-5ecd4c7c5725',	'Aircall Type',	'aircallType',	'Select Aircall Type',	'dropdownSelect',	'{\"is_required\":null,\"min\":null,\"max\":null,\"is_numeric\":null,\"is_character\":null,\"setMinCharacter\":null,\"setMaxCharacter\":null}',	'[{\"value\":\"air call type\",\"label\":\"call type\"}]',	'lead_cont_informations',	0,	1,	1,	'2023-06-14 02:52:32',	'2023-06-14 02:52:32'),
(9,	'95d771df-7e17-4b0a-aec6-1e162f0c64cf',	'Notes',	'notes',	'Notes',	'textarea',	'{\"is_required\":true,\"min\":null,\"max\":null,\"is_numeric\":null,\"is_character\":null,\"setMinCharacter\":null,\"setMaxCharacter\":null}',	'[]',	'lead_cont_informations',	0,	1,	1,	'2023-06-14 03:02:22',	'2023-06-14 03:02:40'),
(10,	'c81c3a9f-7373-48b8-b60b-ef67898811d4',	'Products',	'products',	'Products',	'dropdownSelect',	'{\"is_required\":true,\"min\":null,\"max\":null,\"is_numeric\":null,\"is_character\":null,\"setMinCharacter\":null,\"setMaxCharacter\":null}',	'[{\"value\":\"car\",\"label\":\"car\"},{\"value\":\"mobile\",\"label\":\"mobile\"},{\"value\":\"laptop\",\"label\":\"laptop\"}]',	'lead_cont_informations',	0,	1,	1,	'2023-06-14 03:04:15',	'2023-06-14 03:04:15'),
(11,	'65c2ad74-f380-4580-b2e5-ca791d94134d',	'Email',	'email',	'Email',	'text',	'{\"is_required\":null,\"min\":null,\"max\":null,\"is_numeric\":null,\"is_character\":null,\"setMinCharacter\":null,\"setMaxCharacter\":null}',	'[]',	'lead_pers_nformations',	0,	1,	2,	'2023-06-14 03:04:40',	'2023-06-14 03:04:40'),
(12,	'55fa7527-5192-4717-8506-9c0ff8c0a214',	'Referral Code',	'referralCode',	'Select Referral',	'dropdownSelect',	'{\"is_required\":null,\"min\":null,\"max\":null,\"is_numeric\":null,\"is_character\":null,\"setMinCharacter\":null,\"setMaxCharacter\":null}',	'[{\"value\":\"12344\",\"label\":\"12344\"},{\"value\":\"9876\",\"label\":\"9876\"}]',	'lead_cont_informations',	0,	1,	1,	'2023-06-14 03:07:03',	'2023-06-14 03:07:03'),
(13,	'5dcabc8f-060f-463a-8210-3fb7c99b2668',	'Appointment Date',	'appointmentDate',	'dd/mm/yyyy',	'date',	'{\"is_required\":null,\"min\":null,\"max\":null,\"is_numeric\":null,\"is_character\":null,\"setMinCharacter\":null,\"setMaxCharacter\":null}',	'[]',	'lead_cont_informations',	0,	1,	1,	'2023-06-14 03:08:17',	'2023-06-14 03:08:17'),
(14,	'6d2070b2-ba7d-4401-8fd0-ed0ccfddbbdf',	'Time',	'time',	'Select Time',	'time',	'{\"is_required\":null,\"min\":null,\"max\":null,\"is_numeric\":null,\"is_character\":null,\"setMinCharacter\":null,\"setMaxCharacter\":null}',	'[]',	'lead_cont_informations',	0,	1,	1,	'2023-06-14 03:09:52',	'2023-06-14 07:11:06'),
(15,	'd8741619-0a60-4bda-9c3c-f5189e5b0d18',	'First Name',	'firstName',	'First Name',	'text',	'{\"is_required\":false,\"is_display_frontend\":false,\"min\":null,\"max\":null,\"is_numeric\":null,\"is_character\":null,\"setMinCharacter\":null,\"setMaxCharacter\":null}',	'[]',	'quote_pers_nformations',	0,	2,	4,	'2023-06-14 03:26:54',	'2023-06-19 23:47:06'),
(16,	'e2e784f9-6703-4457-9c2e-0e13ebed1598',	'Last Name',	'lastName',	'Last Name',	'text',	'{\"is_required\":null,\"is_display_frontend\":true,\"min\":null,\"max\":null,\"is_numeric\":null,\"is_character\":null,\"setMinCharacter\":null,\"setMaxCharacter\":null}',	'[]',	'quote_pers_nformations',	0,	2,	4,	'2023-06-14 03:27:21',	'2023-07-04 05:18:42'),
(17,	'494c926c-46e3-405f-82f3-1ec8eb881cfb',	'Email',	'email',	'Email',	'text',	'{\"is_required\":null,\"min\":null,\"max\":null,\"is_numeric\":null,\"is_character\":null,\"setMinCharacter\":null,\"setMaxCharacter\":null}',	'[]',	'quote_pers_nformations',	0,	2,	4,	'2023-06-14 03:27:46',	'2023-06-14 03:27:46'),
(18,	'1319a3c6-a93e-4a42-8f63-644c07fa3884',	'Cell  Number',	'cellNumber',	'Cell Number',	'number',	'{\"is_required\":null,\"min\":null,\"max\":null,\"is_numeric\":null,\"is_character\":null,\"setMinCharacter\":null,\"setMaxCharacter\":null}',	'[]',	'quote_pers_nformations',	0,	2,	4,	'2023-06-14 03:28:31',	'2023-06-14 03:28:31'),
(19,	'd4d83813-260b-442a-9441-c952269a07fd',	'Backup Phone Number',	'backupPhoneNumber',	'Enter Number',	'number',	'{\"is_required\":null,\"min\":null,\"max\":null,\"is_numeric\":null,\"is_character\":null,\"setMinCharacter\":null,\"setMaxCharacter\":null}',	'[]',	'quote_pers_nformations',	0,	2,	4,	'2023-06-14 03:29:30',	'2023-06-14 03:29:30'),
(20,	'6b0d7c30-5425-4c37-a3ea-ebea42951337',	'Created on',	'createdOn',	'dd/mm/yyyy',	'date',	'{\"is_required\":null,\"min\":null,\"max\":null,\"is_numeric\":null,\"is_character\":null,\"setMinCharacter\":null,\"setMaxCharacter\":null}',	'[]',	'quote_cont_informations',	0,	2,	3,	'2023-06-14 03:30:06',	'2023-06-14 03:30:06'),
(21,	'f479871a-e136-4e76-848e-c01a405415b3',	'Notes',	'notes',	'Notes',	'textarea',	'{\"is_required\":null,\"min\":null,\"max\":null,\"is_numeric\":null,\"is_character\":null,\"setMinCharacter\":null,\"setMaxCharacter\":null}',	'[]',	'quote_pers_nformations',	0,	2,	4,	'2023-06-14 03:30:48',	'2023-06-14 03:30:48'),
(22,	'9e68a225-c613-4d59-ab13-25523d201fec',	'Charge Note',	'chargeNote',	'Charge Note',	'textarea',	'{\"is_required\":null,\"min\":null,\"max\":null,\"is_numeric\":null,\"is_character\":null,\"setMinCharacter\":null,\"setMaxCharacter\":null}',	'[]',	'quote_pers_nformations',	0,	2,	4,	'2023-06-14 03:31:30',	'2023-06-14 03:31:30'),
(23,	'9c11002b-2205-4dbb-9b1f-d94d628d14f5',	'Product',	'product',	'Product',	'dropdownSelect',	'{\"is_required\":true,\"min\":null,\"max\":null,\"is_numeric\":null,\"is_character\":null,\"setMinCharacter\":null,\"setMaxCharacter\":null}',	'[{\"value\":\"cars\",\"label\":\"cars\"},{\"value\":\"mobile\",\"label\":\"mobile\"}]',	'quote_cont_informations',	0,	2,	3,	'2023-06-14 03:32:19',	'2023-06-14 03:32:19'),
(24,	'68096508-a959-4cb4-96d3-fefc23e9767a',	'Shipping',	'shipping',	'Shipping Details',	'text',	'{\"is_required\":true,\"min\":null,\"max\":null,\"is_numeric\":null,\"is_character\":null,\"setMinCharacter\":null,\"setMaxCharacter\":null}',	'[]',	'quote_cont_informations',	0,	2,	3,	'2023-06-14 03:33:52',	'2023-06-14 03:35:34'),
(25,	'062b703d-e93d-4c7f-9ee7-906b3a62ae12',	'Color',	'color',	'Color',	'dropdownSelect',	'{\"is_required\":true,\"min\":null,\"max\":null,\"is_numeric\":null,\"is_character\":null,\"setMinCharacter\":null,\"setMaxCharacter\":null}',	'[{\"value\":\"Red\",\"label\":\"Red\"},{\"value\":\"Yellow\",\"label\":\"Yellow\"}]',	'quote_cont_informations',	0,	2,	3,	'2023-06-14 03:36:18',	'2023-06-14 03:36:18'),
(26,	'f622db3e-3aec-4b92-a2de-c986e8a539c0',	'Payment Method',	'paymentMethod',	'Method',	'dropdownSelect',	'{\"is_required\":null,\"min\":null,\"max\":null,\"is_numeric\":null,\"is_character\":null,\"setMinCharacter\":null,\"setMaxCharacter\":null}',	'[{\"value\":\"UPI\",\"label\":\"UPI\"},{\"value\":\"Card\",\"label\":\"Card\"}]',	'quote_cont_informations',	0,	2,	3,	'2023-06-14 03:37:22',	'2023-06-14 03:37:22'),
(27,	'1a4d6959-ccb0-4ff7-b13f-5ad6a780f2da',	'AuthorizeNet Transaction ID',	'authorizeNetTransactionID',	'Transaction',	'text',	'{\"is_required\":true,\"min\":null,\"max\":null,\"is_numeric\":null,\"is_character\":null,\"setMinCharacter\":null,\"setMaxCharacter\":null}',	'[]',	'quote_cont_informations',	0,	2,	3,	'2023-06-14 03:38:04',	'2023-06-14 03:38:04'),
(28,	'e63ad8b5-df79-42ab-844d-c549151a7ce2',	'Sales Order Channel',	'salesOrderChannel',	'Sales Order Channel',	'text',	'{\"is_required\":null,\"min\":null,\"max\":null,\"is_numeric\":null,\"is_character\":null,\"setMinCharacter\":null,\"setMaxCharacter\":null}',	'[]',	'quote_cont_informations',	0,	2,	3,	'2023-06-14 03:38:33',	'2023-06-14 03:38:33'),
(29,	'b9c614eb-bd73-442b-a15a-669d5b85dc35',	'Price',	'price',	'Price',	'text',	'{\"is_required\":true,\"is_display_frontend\":true,\"min\":null,\"max\":null,\"is_numeric\":null,\"is_character\":null,\"setMinCharacter\":null,\"setMaxCharacter\":null}',	'[]',	'quote_pers_nformations',	0,	2,	4,	'2023-06-14 03:38:57',	'2023-07-04 05:17:44'),
(30,	'89e8b823-3dcc-49a7-b8cf-db576f74abfb',	'Still Owes',	'stillOwes',	'Still Owes',	'text',	'{\"is_required\":null,\"min\":null,\"max\":null,\"is_numeric\":null,\"is_character\":null,\"setMinCharacter\":null,\"setMaxCharacter\":null}',	'[]',	'quote_pers_nformations',	0,	2,	4,	'2023-06-14 03:39:56',	'2023-06-14 03:39:56'),
(31,	'0de29f8c-6214-402a-8f05-7acb1d918718',	'Tax',	'tax',	'tax',	'text',	'{\"is_required\":null,\"min\":null,\"max\":null,\"is_numeric\":null,\"is_character\":null,\"setMinCharacter\":null,\"setMaxCharacter\":null}',	'[]',	'quote_pers_nformations',	0,	2,	4,	'2023-06-14 03:40:30',	'2023-06-14 03:40:30'),
(32,	'86e24d25-b4ea-48bf-bce4-02bd98a311d9',	'Address',	'address',	'Address',	'text',	'{\"is_required\":null,\"min\":null,\"max\":null,\"is_numeric\":null,\"is_character\":null,\"setMinCharacter\":null,\"setMaxCharacter\":null}',	'[]',	'quote_pers_nformations',	0,	2,	4,	'2023-06-14 03:41:02',	'2023-06-14 03:41:02'),
(33,	'acdb4c52-d31e-4ed5-b9e5-be92a533233c',	'Country',	'country',	'Country',	'dropdownSelect',	'{\"is_required\":null,\"min\":null,\"max\":null,\"is_numeric\":null,\"is_character\":null,\"setMinCharacter\":null,\"setMaxCharacter\":null}',	'[{\"value\":\"india\",\"label\":\"India\"},{\"value\":\"china\",\"label\":\"china\"},{\"value\":\"nepal\",\"label\":\"nepal\"}]',	'quote_pers_nformations',	0,	2,	4,	'2023-06-14 03:41:42',	'2023-06-14 03:41:42'),
(34,	'980bb116-45bd-4c68-b49d-3c759cbeba24',	'Dealer',	'dealer',	'dealer',	'dropdownSelect',	'{\"is_required\":null,\"min\":null,\"max\":null,\"is_numeric\":null,\"is_character\":null,\"setMinCharacter\":null,\"setMaxCharacter\":null}',	'[{\"value\":\"dealer1\",\"label\":\"dealer1\"},{\"value\":\"dealer2\",\"label\":\"dealer2\"}]',	'quote_pers_nformations',	0,	2,	4,	'2023-06-14 03:42:39',	'2023-06-14 03:42:39'),
(35,	'47c0b048-828a-40cd-b97e-3718ffdd9332',	'City',	'city',	'city',	'text',	'{\"is_required\":null,\"min\":null,\"max\":null,\"is_numeric\":null,\"is_character\":null,\"setMinCharacter\":null,\"setMaxCharacter\":null}',	'[]',	'quote_pers_nformations',	0,	2,	4,	'2023-06-14 03:43:01',	'2023-06-14 03:43:01'),
(36,	'b4b12a92-6087-43e7-a07e-37d1a316592f',	'State',	'state',	'state',	'dropdownSelect',	'{\"is_required\":null,\"min\":null,\"max\":null,\"is_numeric\":null,\"is_character\":null,\"setMinCharacter\":null,\"setMaxCharacter\":null}',	'[{\"value\":\"Madhya Pradesh\",\"label\":\"Madhya pradesh\"},{\"value\":\"Uttar Pradesh\",\"label\":\"Uttar Pradesh\"}]',	'quote_pers_nformations',	0,	2,	4,	'2023-06-14 03:44:35',	'2023-06-14 03:44:35'),
(37,	'7eaa8378-e246-49bb-9e22-fa51bf9e4f06',	'ZIp Code',	'zIpCode',	'Zip Code',	'text',	'{\"is_required\":null,\"min\":null,\"max\":null,\"is_numeric\":null,\"is_character\":null,\"setMinCharacter\":null,\"setMaxCharacter\":null}',	'[]',	'quote_pers_nformations',	0,	2,	4,	'2023-06-14 03:45:06',	'2023-06-14 03:45:06'),
(38,	'109b4351-db78-4714-9977-7d0bc33af9a8',	'Business Name',	'businessName',	'Business Name',	'text',	'{\"is_required\":null,\"min\":null,\"max\":null,\"is_numeric\":null,\"is_character\":null,\"setMinCharacter\":null,\"setMaxCharacter\":null}',	'[]',	'quote_pers_nformations',	0,	2,	4,	'2023-06-14 03:45:43',	'2023-06-14 03:45:43'),
(39,	'aa563424-f3a2-41fe-8a66-f093d0818b15',	'Referral Code',	'referralCode',	'Referral Code',	'dropdownSelect',	'{\"is_required\":null,\"min\":null,\"max\":null,\"is_numeric\":null,\"is_character\":null,\"setMinCharacter\":null,\"setMaxCharacter\":null}',	'[{\"value\":\"1234\",\"label\":\"1234\"},{\"value\":\"2345\",\"label\":\"2345\"}]',	'quote_pers_nformations',	0,	2,	4,	'2023-06-14 03:46:27',	'2023-06-14 03:46:27'),
(40,	'533ec956-758a-4338-a6e5-f203a0ca29d8',	'How did you hear about us',	'howDidYouHearAboutUs',	'How did you hear about us',	'dropdownSelect',	'{\"is_required\":null,\"min\":null,\"max\":null,\"is_numeric\":null,\"is_character\":null,\"setMinCharacter\":null,\"setMaxCharacter\":null}',	'[{\"value\":\"ByFriend\",\"label\":\"ByFriend\"},{\"value\":\"ByMedia\",\"label\":\"ByMedia\"}]',	'quote_pers_nformations',	0,	2,	4,	'2023-06-14 03:47:52',	'2023-06-14 03:47:52'),
(41,	'cff2f386-0343-4751-bcd1-b921f9f4d8bc',	'Why are they Buying?',	'whyAreTheyBuying?',	'Why are they Buying?',	'text',	'{\"is_required\":null,\"min\":null,\"max\":null,\"is_numeric\":null,\"is_character\":null,\"setMinCharacter\":null,\"setMaxCharacter\":null}',	'[]',	'quote_pers_nformations',	0,	2,	4,	'2023-06-14 03:48:41',	'2023-06-14 03:48:41'),
(42,	'95930e4d-9ad5-4009-ada5-7c5ef55df6b3',	'Marital Status',	'maritalStatus',	'status',	'dropdownSelect',	'{\"is_required\":null,\"min\":null,\"max\":null,\"is_numeric\":null,\"is_character\":null,\"setMinCharacter\":null,\"setMaxCharacter\":null}',	'[{\"value\":\"Married\",\"label\":\"Married\"},{\"value\":\"Single\",\"label\":\"Single\"}]',	'quote_pers_nformations',	0,	2,	4,	'2023-06-14 03:49:44',	'2023-06-14 03:49:44'),
(43,	'89b06790-6a85-42f0-8649-c55483ac9b9a',	'What other hobbies do they have?',	'whatOtherHobbiesDoTheyHave?',	'What other hobbies do they have?',	'text',	'{\"is_required\":null,\"min\":null,\"max\":null,\"is_numeric\":null,\"is_character\":null,\"setMinCharacter\":null,\"setMaxCharacter\":null}',	'[]',	'quote_pers_nformations',	0,	2,	4,	'2023-06-14 03:50:58',	'2023-06-14 03:50:58'),
(44,	'd01dfb5a-f1a3-4cd5-8b7a-3dc6c2eebf3b',	'Gender',	'gender',	'Gender',	'dropdownSelect',	'{\"is_required\":null,\"min\":null,\"max\":null,\"is_numeric\":null,\"is_character\":null,\"setMinCharacter\":null,\"setMaxCharacter\":null}',	'[{\"value\":\"Male\",\"label\":\"Male\"},{\"value\":\"Female\",\"label\":\"Female\"}]',	'quote_pers_nformations',	0,	2,	4,	'2023-06-14 03:52:57',	'2023-06-14 03:52:57'),
(45,	'080a8bab-5193-4be5-811d-4d0666bba9b9',	'Customer Note',	'customerNote',	'Note',	'textarea',	'{\"is_required\":null,\"min\":null,\"max\":null,\"is_numeric\":null,\"is_character\":null,\"setMinCharacter\":null,\"setMaxCharacter\":null}',	'[]',	'quote_pers_nformations',	0,	2,	4,	'2023-06-14 03:53:33',	'2023-06-14 03:53:33'),
(46,	'62c167da-79a6-45f5-b64c-6c13b1f28d0a',	'Shipping Notes',	'shippingNotes',	'Notes',	'textarea',	'{\"is_required\":null,\"min\":null,\"max\":null,\"is_numeric\":null,\"is_character\":null,\"setMinCharacter\":null,\"setMaxCharacter\":null}',	'[]',	'quote_pers_nformations',	0,	2,	4,	'2023-06-14 03:54:20',	'2023-06-14 03:54:20'),
(47,	'1abc18d6-bced-4f13-a7af-ff3defc131e5',	'Select Order Type',	'selectOrderType',	'Order type',	'dropdownSelect',	'{\"is_required\":null,\"min\":null,\"max\":null,\"is_numeric\":null,\"is_character\":null,\"setMinCharacter\":null,\"setMaxCharacter\":null}',	'[{\"value\":\"Market\",\"label\":\"Market\"},{\"value\":\"Limit\",\"label\":\"Limit\"},{\"value\":\"Stop\",\"label\":\"Stop\"}]',	'quote_pers_nformations',	0,	2,	4,	'2023-06-14 03:57:51',	'2023-06-14 03:57:51'),
(48,	'99499a29-730b-4a42-9ecb-b3e0bd82b615',	'Synchrony-Need to charge',	'synchronyNeedToCharge',	NULL,	'checkbox',	'{\"is_required\":null,\"min\":null,\"max\":null,\"is_numeric\":null,\"is_character\":null,\"setMinCharacter\":null,\"setMaxCharacter\":null}',	'[]',	'quote_pers_nformations',	0,	2,	4,	'2023-06-14 03:58:38',	'2023-06-14 03:58:38'),
(54,	'dedf01a1-04bc-4062-896c-2bb3b0ba1041',	'First Name',	'firstName',	'first name',	'text',	'{\"is_required\":true,\"is_display_frontend\":true,\"min\":null,\"max\":null,\"is_numeric\":null,\"is_character\":null,\"setMinCharacter\":null,\"setMaxCharacter\":null}',	'[]',	'employee_pers_nformations',	0,	3,	6,	'2023-06-17 00:09:24',	'2023-07-15 05:56:02'),
(55,	'82a522ca-1193-4e47-b00b-73b1f176b2de',	'Last Name',	'lastName',	'last name',	'text',	'{\"is_required\":false,\"min\":null,\"max\":null,\"is_numeric\":null,\"is_character\":null,\"setMinCharacter\":null,\"setMaxCharacter\":null}',	'[]',	'employee_pers_nformations',	0,	3,	6,	'2023-06-17 00:10:01',	'2023-06-17 05:53:52'),
(56,	'3afe2cd2-3eb3-4bce-8370-53deceb707c3',	'Nick Name',	'nickName',	'nick name',	'text',	'{\"is_required\":null,\"min\":null,\"max\":null,\"is_numeric\":null,\"is_character\":null,\"setMinCharacter\":null,\"setMaxCharacter\":null}',	'[]',	'employee_pers_nformations',	0,	3,	6,	'2023-06-17 00:10:38',	'2023-06-17 01:00:22'),
(57,	'53289fec-dfdd-4c5b-8e4b-d6a253f1ca8b',	'Date Hired',	'dateHired',	'dd/mm/yyyy',	'date',	'{\"is_required\":null,\"min\":null,\"max\":null,\"is_numeric\":null,\"is_character\":null,\"setMinCharacter\":null,\"setMaxCharacter\":null}',	'[]',	'employee_pers_nformations',	0,	3,	6,	'2023-06-17 00:12:40',	'2023-06-17 01:05:44'),
(58,	'1c7c667c-bc1c-4e31-98ed-4e356b53d7a4',	'Date Fired',	'dateFired',	'dd/mm/yyyy',	'date',	'{\"is_required\":null,\"min\":null,\"max\":null,\"is_numeric\":null,\"is_character\":null,\"setMinCharacter\":null,\"setMaxCharacter\":null}',	'[]',	'employee_pers_nformations',	0,	3,	6,	'2023-06-17 00:13:28',	'2023-06-17 01:06:21'),
(59,	'6d79a3a0-eea4-461f-b1ff-9c6622b9c08e',	'Personal Email',	'personalEmail',	'Personal Email',	'text',	'{\"is_required\":null,\"min\":null,\"max\":null,\"is_numeric\":null,\"is_character\":null,\"setMinCharacter\":null,\"setMaxCharacter\":null}',	'[]',	'employee_pers_nformations',	0,	3,	6,	'2023-06-17 00:15:07',	'2023-06-17 00:15:07'),
(60,	'9a8fc2cc-fb06-4c42-bc3e-586fe5964417',	'Company Email',	'companyEmail',	'Company Email',	'text',	'{\"is_required\":null,\"min\":null,\"max\":null,\"is_numeric\":null,\"is_character\":null,\"setMinCharacter\":null,\"setMaxCharacter\":null}',	'null',	'employee_pers_nformations',	0,	3,	6,	'2023-06-17 00:16:49',	'2023-06-17 04:20:49'),
(61,	'a8b46689-b8f2-4901-a62a-6189c53c855b',	'Password',	'password',	'Password',	'text',	'{\"is_required\":null,\"min\":null,\"max\":null,\"is_numeric\":null,\"is_character\":null,\"setMinCharacter\":null,\"setMaxCharacter\":null}',	'[]',	'employee_pers_nformations',	0,	3,	6,	'2023-06-17 00:18:43',	'2023-06-17 00:18:43'),
(62,	'37f259e0-d5c6-468e-ba6f-1aed2675c1c7',	'Cell Phone',	'cellPhone',	'Cell Phone',	'number',	'{\"is_required\":null,\"min\":null,\"max\":null,\"is_numeric\":null,\"is_character\":null,\"setMinCharacter\":null,\"setMaxCharacter\":null}',	'[]',	'employee_pers_nformations',	0,	3,	6,	'2023-06-17 00:19:33',	'2023-06-17 00:19:33'),
(63,	'235345cb-f1b2-4406-8100-86b555c11374',	'Hourly Rate:',	'hourlyRate:',	'0',	'number',	'{\"is_required\":null,\"min\":null,\"max\":null,\"is_numeric\":null,\"is_character\":null,\"setMinCharacter\":null,\"setMaxCharacter\":null}',	'[]',	'employee_pers_nformations',	0,	3,	6,	'2023-06-17 00:20:43',	'2023-06-17 02:48:11'),
(64,	'e0106ae8-beb7-476b-b397-941fbbad6b19',	'Back up Phone:',	'backUpPhone:',	'Back up Phone',	'number',	'{\"is_required\":null,\"min\":null,\"max\":null,\"is_numeric\":null,\"is_character\":null,\"setMinCharacter\":null,\"setMaxCharacter\":null}',	'[]',	'employee_pers_nformations',	0,	3,	6,	'2023-06-17 00:21:26',	'2023-06-17 02:48:02'),
(65,	'1468faf4-f811-48bd-a349-ae6054f8dee8',	'Commission:',	'commission:',	'Commission',	'text',	'{\"is_required\":null,\"min\":null,\"max\":null,\"is_numeric\":null,\"is_character\":null,\"setMinCharacter\":null,\"setMaxCharacter\":null}',	'[]',	'employee_pers_nformations',	0,	3,	6,	'2023-06-17 00:21:58',	'2023-06-17 02:47:50'),
(66,	'0e55c900-6456-41d3-a35c-e70e55018736',	'Send Text Message',	'sendTextMessage',	'Send Text Message',	'checkbox',	'{\"is_required\":null,\"min\":null,\"max\":null,\"is_numeric\":null,\"is_character\":null,\"setMinCharacter\":null,\"setMaxCharacter\":null}',	'[]',	'employee_pers_nformations',	0,	3,	6,	'2023-06-17 00:22:37',	'2023-06-19 04:37:52'),
(67,	'318bd8ce-3e92-4ad0-b4dd-c277b6f6d878',	'Monthly Cost:',	'monthlyCost:',	'Monthly Cost',	'number',	'{\"is_required\":null,\"min\":null,\"max\":null,\"is_numeric\":null,\"is_character\":null,\"setMinCharacter\":null,\"setMaxCharacter\":null}',	'[]',	'employee_pers_nformations',	0,	3,	6,	'2023-06-17 00:23:27',	'2023-06-17 02:46:06'),
(68,	'4a99c54b-137c-42f5-a452-569166c64cac',	'Department:',	'department:',	'Department',	'dropdownSelect',	'{\"is_required\":null,\"min\":null,\"max\":null,\"is_numeric\":null,\"is_character\":null,\"setMinCharacter\":null,\"setMaxCharacter\":null}',	'[{\"value\":\"it\",\"value1\":\"IT\"},{\"value\":\"finanace\",\"value1\":\"Finanace\"},{\"value\":\"marketing\",\"value1\":\"Marketing\"}]',	'employee_pers_nformations',	0,	3,	6,	'2023-06-17 00:24:50',	'2023-06-17 02:45:47'),
(69,	'f0aac5e6-0a7c-4664-98df-4160f4b02c3b',	'Type Of Employee:',	'typeOfEmployee:',	'Select Employee',	'dropdownSelect',	'{\"is_required\":null,\"min\":null,\"max\":null,\"is_numeric\":null,\"is_character\":null,\"setMinCharacter\":null,\"setMaxCharacter\":null}',	'[{\"value\":\"full time\",\"value1\":\"Full Time\"},{\"value\":\"part time\",\"value1\":\"Part Time\"}]',	'employee_pers_nformations',	0,	3,	6,	'2023-06-17 00:26:11',	'2023-06-17 02:44:59'),
(70,	'31b2593a-7feb-42f7-a2e1-7dbafef1c5ac',	'Status:',	'status:',	'Active',	'dropdownSelect',	'{\"is_required\":null,\"min\":null,\"max\":null,\"is_numeric\":null,\"is_character\":null,\"setMinCharacter\":null,\"setMaxCharacter\":null}',	'[{\"value\":\"active\",\"value1\":\"Active\"},{\"value\":\"unactive\",\"value1\":\"Unactive\"}]',	'employee_pers_nformations',	0,	3,	6,	'2023-06-17 00:27:36',	'2023-06-17 02:44:45'),
(71,	'05178446-965b-4a0a-82fd-21e6f428024a',	'X2 cost because driver has assistant',	'x2CostBecauseDriverHasAssistant',	'X2 cost because driver has assistant',	'checkbox',	'{\"is_required\":null,\"min\":null,\"max\":null,\"is_numeric\":null,\"is_character\":null,\"setMinCharacter\":null,\"setMaxCharacter\":null}',	'[]',	'employee_pers_nformations',	0,	3,	6,	'2023-06-17 00:28:42',	'2023-06-19 04:38:22'),
(72,	'8180ad7c-97f7-41c7-a679-176c89ce4735',	'Mon',	'mon',	'Mon',	'checkbox',	'{\"is_required\":null,\"min\":null,\"max\":null,\"is_numeric\":null,\"is_character\":null,\"setMinCharacter\":null,\"setMaxCharacter\":null}',	'[]',	'employee_cont_informations',	0,	3,	5,	'2023-06-17 00:33:37',	'2023-06-19 04:38:47'),
(73,	'6fb91a78-c35a-44c9-9913-5d67e2766801',	'Tue',	'tue',	'Tue',	'checkbox',	'{\"is_required\":null,\"min\":null,\"max\":null,\"is_numeric\":null,\"is_character\":null,\"setMinCharacter\":null,\"setMaxCharacter\":null}',	'[]',	'employee_pers_nformations',	0,	3,	6,	'2023-06-17 00:35:45',	'2023-06-19 04:39:02'),
(74,	'27dbe45d-99f9-4d1e-b5ad-28cd4450effc',	'Wed',	'wed',	'Wed',	'checkbox',	'{\"is_required\":null,\"min\":null,\"max\":null,\"is_numeric\":null,\"is_character\":null,\"setMinCharacter\":null,\"setMaxCharacter\":null}',	'[]',	'employee_pers_nformations',	0,	3,	6,	'2023-06-17 00:36:02',	'2023-06-19 04:39:18'),
(75,	'f483741c-1012-4d20-81d4-c6f0f5716819',	'Thu',	'thu',	'Thu',	'checkbox',	'{\"is_required\":null,\"min\":null,\"max\":null,\"is_numeric\":null,\"is_character\":null,\"setMinCharacter\":null,\"setMaxCharacter\":null}',	'[]',	'employee_pers_nformations',	0,	3,	6,	'2023-06-17 00:36:27',	'2023-06-19 04:39:35'),
(76,	'e8b3423a-690c-4077-b660-48b087aca608',	'Fri',	'fri',	'Fri',	'checkbox',	'{\"is_required\":null,\"min\":null,\"max\":null,\"is_numeric\":null,\"is_character\":null,\"setMinCharacter\":null,\"setMaxCharacter\":null}',	'[]',	'employee_pers_nformations',	0,	3,	6,	'2023-06-17 00:36:56',	'2023-06-19 04:39:53'),
(77,	'3db91a92-6b31-48fa-8f62-734f68373d90',	'Sat',	'sat',	'Sat',	'checkbox',	'{\"is_required\":null,\"min\":null,\"max\":null,\"is_numeric\":null,\"is_character\":null,\"setMinCharacter\":null,\"setMaxCharacter\":null}',	'[]',	'employee_pers_nformations',	0,	3,	6,	'2023-06-17 00:37:16',	'2023-06-19 04:40:09'),
(78,	'8aedfd35-ee29-4052-aa34-3ae2d79ecf54',	'Sun',	'sun',	'Sun',	'checkbox',	'{\"is_required\":null,\"is_display_frontend\":null,\"min\":null,\"max\":null,\"is_numeric\":null,\"is_character\":null,\"setMinCharacter\":null,\"setMaxCharacter\":null}',	'[]',	'employee_pers_nformations',	0,	3,	6,	'2023-06-17 00:37:42',	'2023-06-19 06:37:07'),
(79,	'aaa8696f-5a29-46c6-81a3-6a047a847198',	'Emergency Name 1:',	'emergencyName1:',	'Emergency Name 1:',	'text',	'{\"is_required\":null,\"min\":null,\"max\":null,\"is_numeric\":null,\"is_character\":null,\"setMinCharacter\":null,\"setMaxCharacter\":null}',	'[]',	'employee_pers_nformations',	0,	3,	6,	'2023-06-17 00:38:36',	'2023-06-17 00:38:36'),
(80,	'c6f33c5d-256b-43dc-8183-d8ad68831970',	'Emergency Phone 1:',	'emergencyPhone1:',	'Emergency Phone 1:',	'number',	'{\"is_required\":null,\"min\":null,\"max\":null,\"is_numeric\":null,\"is_character\":null,\"setMinCharacter\":null,\"setMaxCharacter\":null}',	'[]',	'employee_pers_nformations',	0,	3,	6,	'2023-06-17 00:39:37',	'2023-06-17 00:39:37'),
(81,	'799351b3-0dcd-4956-ae73-275370ef89aa',	'Emergency Name 2 :',	'emergencyName2:',	'Emergency Name 2 :',	'text',	'{\"is_required\":null,\"min\":null,\"max\":null,\"is_numeric\":null,\"is_character\":null,\"setMinCharacter\":null,\"setMaxCharacter\":null}',	'[]',	'employee_pers_nformations',	0,	3,	6,	'2023-06-17 00:40:08',	'2023-06-17 00:40:08'),
(82,	'dc46add7-18e8-495a-af70-6818d0d52e1b',	'Emergency Number 2:',	'emergencyNumber2:',	'Emergency Number 2:',	'number',	'{\"is_required\":null,\"min\":null,\"max\":null,\"is_numeric\":null,\"is_character\":null,\"setMinCharacter\":null,\"setMaxCharacter\":null}',	'[]',	'employee_pers_nformations',	0,	3,	6,	'2023-06-17 00:40:52',	'2023-06-17 00:40:52'),
(83,	'fe97751a-1e9b-4b92-98d0-f79459e3bcba',	'Country',	'country',	'Country...',	'dropdownSelect',	'{\"is_required\":null,\"min\":null,\"max\":null,\"is_numeric\":null,\"is_character\":null,\"setMinCharacter\":null,\"setMaxCharacter\":null}',	'[{\"value\":\"india\",\"value1\":\"India\"},{\"value\":\"china\",\"value1\":\"China\"},{\"value\":\"usa\",\"value1\":\"USA\"}]',	'employee_pers_nformations',	0,	3,	6,	'2023-06-17 00:42:28',	'2023-06-17 00:42:28'),
(84,	'47006794-6766-4a2e-9782-1b8c69bb14f1',	'Skype:',	'skype:',	NULL,	'number',	'{\"is_required\":null,\"min\":null,\"max\":null,\"is_numeric\":null,\"is_character\":null,\"setMinCharacter\":null,\"setMaxCharacter\":null}',	'[]',	'employee_pers_nformations',	0,	3,	6,	'2023-06-17 00:43:12',	'2023-06-17 00:43:12'),
(85,	'3847e33c-3cb5-4a92-9375-063652ea337c',	'WhatsApp:',	'whatsApp:',	NULL,	'number',	'{\"is_required\":null,\"min\":null,\"max\":null,\"is_numeric\":null,\"is_character\":null,\"setMinCharacter\":null,\"setMaxCharacter\":null}',	'[]',	'employee_pers_nformations',	0,	3,	6,	'2023-06-17 00:43:33',	'2023-06-17 00:43:33'),
(86,	'd9303427-ac7d-40ef-bb63-29cbe20c1f1e',	'WeChat:',	'weChat:',	NULL,	'number',	'{\"is_required\":null,\"min\":null,\"max\":null,\"is_numeric\":null,\"is_character\":null,\"setMinCharacter\":null,\"setMaxCharacter\":null}',	'[]',	'employee_pers_nformations',	0,	3,	6,	'2023-06-17 00:44:08',	'2023-06-17 00:44:08'),
(87,	'da563295-08b3-4292-8533-d9f2c44db547',	'Hubsppot Id:',	'hubsppotId:',	NULL,	'number',	'{\"is_required\":null,\"min\":null,\"max\":null,\"is_numeric\":null,\"is_character\":null,\"setMinCharacter\":null,\"setMaxCharacter\":null}',	'[]',	'employee_pers_nformations',	0,	3,	6,	'2023-06-17 00:44:51',	'2023-06-17 00:44:51'),
(88,	'7950ce6f-4c01-47ab-bf41-233f71a9e780',	'Notes:',	'notes:',	NULL,	'textarea',	'{\"is_required\":null,\"min\":null,\"max\":null,\"is_numeric\":null,\"is_character\":null,\"setMinCharacter\":null,\"setMaxCharacter\":null}',	'[]',	'employee_pers_nformations',	0,	3,	6,	'2023-06-17 00:45:20',	'2023-06-17 00:45:20'),
(89,	'db76a052-6a61-4f33-aedc-d1e16efa8b33',	'Marketing Commission',	'marketingCommission',	'Marketing Commission',	'checkbox',	'{\"is_required\":null,\"min\":null,\"max\":null,\"is_numeric\":null,\"is_character\":null,\"setMinCharacter\":null,\"setMaxCharacter\":null}',	'[]',	'employee_pers_nformations',	0,	3,	6,	'2023-06-17 00:45:58',	'2023-06-19 04:40:53'),
(90,	'95811c92-8472-47a9-8f86-be4c1529f1fa',	'Outbound Sales',	'outboundSales',	'Outbound Sales',	'checkbox',	'{\"is_required\":null,\"min\":null,\"max\":null,\"is_numeric\":null,\"is_character\":null,\"setMinCharacter\":null,\"setMaxCharacter\":null}',	'[]',	'employee_pers_nformations',	0,	3,	6,	'2023-06-17 00:46:38',	'2023-06-19 04:43:00'),
(91,	'9463a13f-1cc6-4b65-a589-958778641638',	'Inbound_sales',	'inboundSales',	'Inbound_sales',	'checkbox',	'{\"is_required\":null,\"min\":null,\"max\":null,\"is_numeric\":null,\"is_character\":null,\"setMinCharacter\":null,\"setMaxCharacter\":null}',	'[]',	'employee_pers_nformations',	0,	3,	6,	'2023-06-17 00:47:06',	'2023-06-19 04:43:09'),
(92,	'9cf0a563-d670-4d60-8977-0e8eb38c0202',	'Sales Manager',	'salesManager',	'Sales Manager',	'checkbox',	'{\"is_required\":null,\"min\":null,\"max\":null,\"is_numeric\":null,\"is_character\":null,\"setMinCharacter\":null,\"setMaxCharacter\":null}',	'[]',	'employee_pers_nformations',	0,	3,	6,	'2023-06-17 00:47:43',	'2023-06-19 04:43:17'),
(93,	'fd1d56dc-232c-4ca8-8692-73278113fcdb',	'Marketing Commission Freelancers',	'marketingCommissionFreelancers',	'Marketing Commission Freelancers',	'checkbox',	'{\"is_required\":null,\"min\":null,\"max\":null,\"is_numeric\":null,\"is_character\":null,\"setMinCharacter\":null,\"setMaxCharacter\":null}',	'[]',	'employee_pers_nformations',	0,	3,	6,	'2023-06-17 00:48:20',	'2023-06-19 04:43:28'),
(94,	'fc843aa7-5099-4103-a565-806932c9a311',	'Refund Responsibility Access',	'refundResponsibilityAccess',	'Refund Responsibility Access',	'checkbox',	'{\"is_required\":null,\"min\":null,\"max\":null,\"is_numeric\":null,\"is_character\":null,\"setMinCharacter\":null,\"setMaxCharacter\":null}',	'[]',	'employee_pers_nformations',	0,	3,	6,	'2023-06-17 00:49:00',	'2023-06-19 04:43:39'),
(95,	'db1ad7ce-592a-47e9-aba5-7fff804d8589',	'Allow To Edit/Delete Inventory',	'allowToEdit/DeleteInventory',	'Allow To Edit/Delete Inventory',	'checkbox',	'{\"is_required\":null,\"min\":null,\"max\":null,\"is_numeric\":null,\"is_character\":null,\"setMinCharacter\":null,\"setMaxCharacter\":null}',	'[]',	'employee_pers_nformations',	0,	3,	6,	'2023-06-17 00:49:53',	'2023-06-19 04:43:48'),
(96,	'b110083a-1f68-4429-889c-d21bc40858b9',	'Max Commission I Can Give for Month :',	'maxCommissionICanGiveForMonth:',	NULL,	'textarea',	'{\"is_required\":null,\"min\":null,\"max\":null,\"is_numeric\":null,\"is_character\":null,\"setMinCharacter\":null,\"setMaxCharacter\":null}',	'[]',	'employee_pers_nformations',	0,	3,	6,	'2023-06-17 00:50:52',	'2023-06-17 00:50:52'),
(97,	'010e7478-d5d1-44e2-a83b-bd41d6fe002f',	'Manager - Allow to Add/Edit Commission Total',	'managerAllowToAdd/EditCommissionTotal',	'Manager - Allow to Add/Edit Commission Total',	'checkbox',	'{\"is_required\":null,\"min\":null,\"max\":null,\"is_numeric\":null,\"is_character\":null,\"setMinCharacter\":null,\"setMaxCharacter\":null}',	'[]',	'employee_pers_nformations',	0,	3,	6,	'2023-06-17 00:51:42',	'2023-06-19 04:44:22'),
(98,	'341514f4-2441-463a-a22e-d503ac7f5677',	'Manager - Allow to edit people\'s time',	'managerAllowToEditPeople\'sTime',	'Manager - Allow to edit people\'s time',	'checkbox',	'{\"is_required\":null,\"is_display_frontend\":null,\"min\":null,\"max\":null,\"is_numeric\":null,\"is_character\":null,\"setMinCharacter\":null,\"setMaxCharacter\":null}',	'[]',	'employee_pers_nformations',	0,	3,	6,	'2023-06-17 00:52:45',	'2023-06-19 06:38:00'),
(100,	'f0fabf83-482d-4718-b834-ae10e7439326',	'phone',	'phone',	'phone',	'number',	'{\"is_required\":null,\"min\":null,\"max\":null,\"is_numeric\":null,\"is_character\":null,\"setMinCharacter\":null,\"setMaxCharacter\":null}',	'[]',	'lead_cont_informations',	0,	1,	1,	'2023-06-19 05:50:19',	'2023-06-19 05:50:40'),
(101,	'66a17fa5-ac3e-4ce9-bb5c-44f7dca3ec84',	'abc',	'abc',	'abcc',	'text',	'{\"is_required\":false,\"is_display_frontend\":true,\"min\":null,\"max\":null,\"is_numeric\":null,\"is_character\":null,\"setMinCharacter\":null,\"setMaxCharacter\":null}',	'[]',	'lead_cont_informations',	0,	1,	1,	'2023-06-19 06:54:46',	'2023-06-19 06:54:46'),
(121,	'4f7240f5-7162-4962-9fbd-76d9b0a35322',	'Name',	'name',	'please',	'text',	'{\"is_required\":true,\"is_display_frontend\":true,\"min\":null,\"max\":null,\"is_numeric\":null,\"is_character\":null,\"setMinCharacter\":null,\"setMaxCharacter\":null}',	'[]',	'product_categories',	0,	5,	14,	'2023-06-27 03:28:36',	'2023-06-27 03:28:36'),
(122,	'a4b29fcd-d3a3-45fa-ab8d-e1f03f0118bb',	'Status',	'status',	'Please',	'radio',	'{\"is_required\":true,\"is_display_frontend\":true,\"min\":null,\"max\":null,\"is_numeric\":null,\"is_character\":null,\"setMinCharacter\":null,\"setMaxCharacter\":null}',	'[{\"value\":\"Active\"},{\"value\":\"DeActive\"}]',	'product_categories',	0,	5,	14,	'2023-06-27 03:31:05',	'2023-06-27 03:31:05'),
(123,	'd37bb16a-d818-488e-9842-add4c5f4bf61',	'Select Parent Category',	'selectParentCategory',	'please',	'dropdownSelect',	'{\"is_required\":null,\"is_display_frontend\":true,\"min\":null,\"max\":null,\"is_numeric\":null,\"is_character\":null,\"setMinCharacter\":null,\"setMaxCharacter\":null}',	'[]',	'product_categories',	0,	5,	14,	'2023-06-27 03:32:21',	'2023-06-27 03:32:21'),
(143,	'bc0a8f21-6606-4d9c-b5d9-1297f6c93ed9',	'Project Name',	'projectName',	'Project Name',	'text',	'{\"is_required\":true,\"is_display_frontend\":true,\"min\":null,\"max\":null,\"is_numeric\":null,\"is_character\":null,\"setMinCharacter\":null,\"setMaxCharacter\":null}',	'[]',	'product_pro_details',	0,	4,	15,	'2023-06-28 00:32:47',	'2023-06-28 00:32:47'),
(144,	'cfecb132-51a6-48c4-aaef-96df0f1cda34',	'Category',	'category',	'Category',	'dropdownSelect',	'{\"is_required\":null,\"is_display_frontend\":null,\"min\":null,\"max\":null,\"is_numeric\":null,\"is_character\":null,\"setMinCharacter\":null,\"setMaxCharacter\":null}',	'[]',	'product_pro_details',	0,	4,	15,	'2023-06-28 00:33:50',	'2023-06-28 04:11:38'),
(145,	'ef9c7aeb-6f0f-4818-9b95-8d46ff669879',	'Status',	'status',	'Status',	'dropdownSelect',	'{\"is_required\":true,\"is_display_frontend\":null,\"min\":null,\"max\":null,\"is_numeric\":null,\"is_character\":null,\"setMinCharacter\":null,\"setMaxCharacter\":null}',	'[{\"value\":\"Active\",\"value1\":\"Active\"},{\"value\":\"Deactive\",\"value1\":\"Deactive\"}]',	'product_pro_details',	0,	4,	15,	'2023-06-28 00:34:35',	'2023-06-28 00:34:35'),
(146,	'b60984d0-8922-4999-a6b2-b57606960c1c',	'Product Image',	'productImage',	'Product Image',	'text',	'{\"is_required\":null,\"is_display_frontend\":true,\"min\":null,\"max\":null,\"is_numeric\":null,\"is_character\":null,\"setMinCharacter\":null,\"setMaxCharacter\":null}',	'[]',	'product_pro_details',	0,	4,	15,	'2023-06-28 00:34:58',	'2023-07-04 00:34:33'),
(147,	'90e14c20-737f-42e7-904c-39ed6090e651',	'Breakthrough',	'breakthrough',	'Breakthrough',	'text',	'{\"is_required\":null,\"is_display_frontend\":null,\"min\":null,\"max\":null,\"is_numeric\":null,\"is_character\":null,\"setMinCharacter\":null,\"setMaxCharacter\":null}',	'[]',	'product_pro_details',	0,	4,	15,	'2023-06-28 00:35:42',	'2023-06-28 00:35:42'),
(148,	'c77a9bd3-ce2c-4568-8bb8-34727008edcb',	'Website Link',	'websiteLink',	'Website Link',	'text',	'{\"is_required\":null,\"is_display_frontend\":null,\"min\":null,\"max\":null,\"is_numeric\":null,\"is_character\":null,\"setMinCharacter\":null,\"setMaxCharacter\":null}',	'[]',	'product_pro_details',	0,	4,	15,	'2023-06-28 00:36:05',	'2023-06-28 00:36:05'),
(149,	'5bc6e31f-8518-4e96-9178-d00a36bd2bb8',	'Commission',	'commission',	'Commission',	'checkbox',	'{\"is_required\":null,\"is_display_frontend\":null,\"min\":null,\"max\":null,\"is_numeric\":null,\"is_character\":null,\"setMinCharacter\":null,\"setMaxCharacter\":null}',	'[]',	'product_pro_details',	0,	4,	15,	'2023-06-28 00:36:42',	'2023-06-28 00:36:42'),
(150,	'87d9e6dc-7318-4180-9604-9b2c635df57f',	'Select',	'select',	'Select',	'dropdownSelect',	'{\"is_required\":null,\"is_display_frontend\":null,\"min\":null,\"max\":null,\"is_numeric\":null,\"is_character\":null,\"setMinCharacter\":null,\"setMaxCharacter\":null}',	'[{\"value\":\"car\",\"value1\":\"car\"},{\"value\":\"bike\",\"value1\":\"bike\"}]',	'product_pro_details',	0,	4,	15,	'2023-06-28 00:37:21',	'2023-06-28 00:37:21'),
(151,	'53cc9dad-4b2d-49d3-b57b-4f2758d78faa',	'Available to Dealer to Sell',	'availableToDealerToSell',	'Available to Dealer to Sell',	'checkbox',	'{\"is_required\":null,\"is_display_frontend\":null,\"min\":null,\"max\":null,\"is_numeric\":null,\"is_character\":null,\"setMinCharacter\":null,\"setMaxCharacter\":null}',	'[]',	'product_pro_details',	0,	4,	15,	'2023-06-28 00:37:49',	'2023-06-28 00:37:49'),
(152,	'965562d0-408d-462b-8274-6b4b8a34f208',	'Retail Price',	'retailPrice',	'Retail Price',	'number',	'{\"is_required\":null,\"is_display_frontend\":null,\"min\":null,\"max\":null,\"is_numeric\":null,\"is_character\":null,\"setMinCharacter\":null,\"setMaxCharacter\":null}',	'[]',	'product_pro_details',	0,	4,	15,	'2023-06-28 00:38:14',	'2023-06-28 00:38:14'),
(153,	'66c93803-e310-4d7a-abba-21ed2071e3a3',	'Xprice',	'xprice',	'Xprice',	'number',	'{\"is_required\":null,\"is_display_frontend\":null,\"min\":null,\"max\":null,\"is_numeric\":null,\"is_character\":null,\"setMinCharacter\":null,\"setMaxCharacter\":null}',	'[]',	'product_pro_details',	0,	4,	15,	'2023-06-28 00:38:45',	'2023-06-28 00:38:45'),
(154,	'2aa8c73f-2e95-4896-8dab-7e5a58050d9e',	'Monthly',	'monthly',	'Monthly',	'number',	'{\"is_required\":null,\"is_display_frontend\":null,\"min\":null,\"max\":null,\"is_numeric\":null,\"is_character\":null,\"setMinCharacter\":null,\"setMaxCharacter\":null}',	'[]',	'product_pro_details',	0,	4,	15,	'2023-06-28 00:39:07',	'2023-06-28 00:39:07'),
(155,	'fa9be124-7561-418c-bb43-ea22d1cac70c',	'Discount',	'discount',	'Discount',	'dropdownSelect',	'{\"is_required\":null,\"is_display_frontend\":null,\"min\":null,\"max\":null,\"is_numeric\":null,\"is_character\":null,\"setMinCharacter\":null,\"setMaxCharacter\":null}',	'[{\"value\":\"100%\",\"value1\":\"100%\"},{\"value\":\"75%\",\"value1\":\"75%\"}]',	'product_pro_details',	0,	4,	15,	'2023-06-28 00:39:49',	'2023-06-28 00:39:49'),
(156,	'7d036ee4-395a-4266-9c81-d17a9fc264af',	'Custom Price',	'customPrice',	'Custom Price',	'number',	'{\"is_required\":null,\"is_display_frontend\":null,\"min\":null,\"max\":null,\"is_numeric\":null,\"is_character\":null,\"setMinCharacter\":null,\"setMaxCharacter\":null}',	'[]',	'product_pro_details',	0,	4,	15,	'2023-06-28 00:40:28',	'2023-06-28 00:40:28'),
(157,	'14fa34ab-051a-49c6-8b8c-a8013ffa1f93',	'Item in this order',	'itemInThisOrder',	'Item in this order',	'dropdownSelect',	'{\"is_required\":false,\"is_display_frontend\":false,\"min\":null,\"max\":null,\"is_numeric\":null,\"is_character\":null,\"setMinCharacter\":null,\"setMaxCharacter\":null}',	'[{\"value\":\"1731\",\"value1\":\"1731\"},{\"value\":\"1732\",\"value1\":\"1732\"}]',	'product_pro_details',	0,	4,	15,	'2023-06-28 00:41:14',	'2023-06-28 04:48:49'),
(158,	'17cda82b-47be-4d54-ae8f-0b75787527c4',	'Over Bought',	'overBought',	'Over Bought',	'number',	'{\"is_required\":null,\"is_display_frontend\":null,\"min\":null,\"max\":null,\"is_numeric\":null,\"is_character\":null,\"setMinCharacter\":null,\"setMaxCharacter\":null}',	'[]',	'product_pro_details',	0,	4,	15,	'2023-06-28 00:41:57',	'2023-06-28 00:41:57'),
(159,	'0de734dd-ac13-4f9b-883a-b7760bca3ed0',	'Time left',	'timeLeft',	'Time left',	'time',	'{\"is_required\":null,\"is_display_frontend\":null,\"min\":null,\"max\":null,\"is_numeric\":null,\"is_character\":null,\"setMinCharacter\":null,\"setMaxCharacter\":null}',	'[]',	'product_pro_details',	0,	4,	15,	'2023-06-28 00:42:31',	'2023-06-28 00:42:31'),
(160,	'91d66f86-dc5b-4acf-8494-9c13f72316a3',	'Display',	'display',	'Display',	'checkbox',	'{\"is_required\":null,\"is_display_frontend\":null,\"min\":null,\"max\":null,\"is_numeric\":null,\"is_character\":null,\"setMinCharacter\":null,\"setMaxCharacter\":null}',	'[]',	'product_pro_details',	0,	4,	15,	'2023-06-28 00:43:10',	'2023-06-28 00:43:10'),
(161,	'7e7f6c69-8bfd-4b2e-bdc0-0f017338d6d9',	'Name',	'name',	'Name',	'text',	'{\"is_required\":null,\"is_display_frontend\":null,\"min\":null,\"max\":null,\"is_numeric\":null,\"is_character\":null,\"setMinCharacter\":null,\"setMaxCharacter\":null}',	'[]',	'product_pro_details',	0,	4,	15,	'2023-06-28 00:43:28',	'2023-06-28 00:43:28'),
(162,	'270ef49f-af27-47e2-8d04-67b22a7c2eff',	'Price',	'price',	'Price',	'number',	'{\"is_required\":null,\"is_display_frontend\":null,\"min\":null,\"max\":null,\"is_numeric\":null,\"is_character\":null,\"setMinCharacter\":null,\"setMaxCharacter\":null}',	'[]',	'product_pro_details',	0,	4,	15,	'2023-06-28 00:44:16',	'2023-06-28 00:44:16'),
(163,	'1522d16f-5152-4cdd-8a51-ca15f646bea3',	'Ship Price',	'shipPrice',	'Ship Price',	'number',	'{\"is_required\":null,\"is_display_frontend\":null,\"min\":null,\"max\":null,\"is_numeric\":null,\"is_character\":null,\"setMinCharacter\":null,\"setMaxCharacter\":null}',	'[]',	'product_pro_ship_prices',	0,	4,	17,	'2023-06-28 00:44:43',	'2023-06-28 00:46:26'),
(164,	'58d9214a-5af6-4ba0-8625-dd06d3852b20',	'Actual While Glove Cost',	'actualWhileGloveCost',	'Actual While Glove Cost',	'number',	'{\"is_required\":null,\"is_display_frontend\":null,\"min\":null,\"max\":null,\"is_numeric\":null,\"is_character\":null,\"setMinCharacter\":null,\"setMaxCharacter\":null}',	'[]',	'product_pro_ship_prices',	0,	4,	17,	'2023-06-28 00:45:32',	'2023-06-28 00:46:38'),
(165,	'54b83317-a0f1-417d-8796-9e5635eaedfd',	'Free Shipping + Cur',	'freeShipping+Cur',	'Free Shipping + Cur',	'text',	'{\"is_required\":null,\"is_display_frontend\":null,\"min\":null,\"max\":null,\"is_numeric\":null,\"is_character\":null,\"setMinCharacter\":null,\"setMaxCharacter\":null}',	'[]',	'product_pro_ship_prices',	0,	4,	17,	'2023-06-28 00:47:20',	'2023-06-28 00:47:20'),
(166,	'4f849fd8-fea6-491c-b947-7799178b0cf2',	'Default',	'default',	'Default',	'radio',	'{\"is_required\":null,\"is_display_frontend\":null,\"min\":null,\"max\":null,\"is_numeric\":null,\"is_character\":null,\"setMinCharacter\":null,\"setMaxCharacter\":null}',	'[{\"value\":\"Default\"}]',	'product_pro_ship_prices',	0,	4,	17,	'2023-06-28 00:48:15',	'2023-06-28 00:48:39'),
(167,	'84165913-6b06-4fc2-aca3-22e354dc6ee1',	'Rush Shipping',	'rushShipping',	'Rush Shipping',	'checkbox',	'{\"is_required\":null,\"is_display_frontend\":null,\"min\":null,\"max\":null,\"is_numeric\":null,\"is_character\":null,\"setMinCharacter\":null,\"setMaxCharacter\":null}',	'[]',	'product_pro_ship_prices',	0,	4,	17,	'2023-06-28 00:49:06',	'2023-06-28 00:49:06'),
(168,	'69309bac-84ef-40b3-b5f8-7b2a00b013d6',	'Nick Name',	'nickName',	'Nick Name',	'text',	'{\"is_required\":null,\"is_display_frontend\":true,\"min\":null,\"max\":null,\"is_numeric\":null,\"is_character\":null,\"setMinCharacter\":null,\"setMaxCharacter\":null}',	'[]',	'product_pro_ship_prices',	0,	4,	17,	'2023-06-28 00:49:27',	'2023-06-28 04:53:16'),
(169,	'8595b344-bbe1-4398-9e47-a372c56a7954',	'Disabled',	'disabled',	'Disabled',	'checkbox',	'{\"is_required\":null,\"is_display_frontend\":null,\"min\":null,\"max\":null,\"is_numeric\":null,\"is_character\":null,\"setMinCharacter\":null,\"setMaxCharacter\":null}',	'[]',	'product_pro_ship_prices',	0,	4,	17,	'2023-06-28 00:49:51',	'2023-06-28 00:49:51'),
(170,	'd420f7b1-26a3-409f-bdb6-706fff2b7a7c',	'Key Feature Title',	'keyFeatureTitle',	'Key Feature Title',	'text',	'{\"is_required\":null,\"is_display_frontend\":null,\"min\":null,\"max\":null,\"is_numeric\":null,\"is_character\":null,\"setMinCharacter\":null,\"setMaxCharacter\":null}',	'[]',	'product_pro_prices',	0,	4,	16,	'2023-06-28 00:56:51',	'2023-06-28 00:56:51'),
(171,	'04c77568-82b2-421d-89dd-0e3c9975979f',	'Key Feature Image',	'keyFeatureImage',	'Key Feature Image',	'text',	'{\"is_required\":null,\"is_display_frontend\":null,\"min\":null,\"max\":null,\"is_numeric\":null,\"is_character\":null,\"setMinCharacter\":null,\"setMaxCharacter\":null}',	'[]',	'product_pro_prices',	0,	4,	16,	'2023-06-28 00:57:31',	'2023-06-28 00:57:31'),
(172,	'6fa7e65f-09ac-4f44-ae3a-d575667cd9af',	'Item Name',	'itemName',	'Item Name',	'text',	'{\"is_required\":null,\"is_display_frontend\":null,\"min\":null,\"max\":null,\"is_numeric\":null,\"is_character\":null,\"setMinCharacter\":null,\"setMaxCharacter\":null}',	'[]',	'product_pro_prices',	0,	4,	16,	'2023-06-28 00:57:52',	'2023-06-28 00:57:52'),
(173,	'55041e65-ac59-4206-ace8-5a14e2418a7d',	'Item Subtext',	'itemSubtext',	'Item Subtext',	'text',	'{\"is_required\":null,\"is_display_frontend\":null,\"min\":null,\"max\":null,\"is_numeric\":null,\"is_character\":null,\"setMinCharacter\":null,\"setMaxCharacter\":null}',	'[]',	'product_pro_prices',	0,	4,	16,	'2023-06-28 00:58:16',	'2023-06-28 00:58:16'),
(174,	'e5ef292c-8a17-4409-a560-c48c3a477f82',	'Item Tip',	'itemTip',	'Item Tip',	'text',	'{\"is_required\":null,\"is_display_frontend\":null,\"min\":null,\"max\":null,\"is_numeric\":null,\"is_character\":null,\"setMinCharacter\":null,\"setMaxCharacter\":null}',	'[]',	'product_pro_prices',	0,	4,	16,	'2023-06-28 00:58:41',	'2023-06-28 00:58:41'),
(175,	'1449a4cf-60f3-417f-963e-1c0c7a6117bb',	'Groupon Title',	'grouponTitle',	'Groupon Title',	'text',	'{\"is_required\":null,\"is_display_frontend\":null,\"min\":null,\"max\":null,\"is_numeric\":null,\"is_character\":null,\"setMinCharacter\":null,\"setMaxCharacter\":null}',	'[]',	'product_pro_prices',	0,	4,	16,	'2023-06-28 00:59:15',	'2023-06-28 00:59:15'),
(176,	'a9873a97-52c6-41a0-a9f4-bce8cb595a1c',	'Groupon Price',	'grouponPrice',	'Groupon Price',	'number',	'{\"is_required\":null,\"is_display_frontend\":null,\"min\":null,\"max\":null,\"is_numeric\":null,\"is_character\":null,\"setMinCharacter\":null,\"setMaxCharacter\":null}',	'[]',	'product_pro_prices',	0,	4,	16,	'2023-06-28 00:59:51',	'2023-06-28 00:59:51'),
(177,	'0f723a6d-e049-445f-9022-764a1663fafb',	'Groupon Banner',	'grouponBanner',	'Groupon Banner',	'text',	'{\"is_required\":null,\"is_display_frontend\":null,\"min\":null,\"max\":null,\"is_numeric\":null,\"is_character\":null,\"setMinCharacter\":null,\"setMaxCharacter\":null}',	'[]',	'product_pro_prices',	0,	4,	16,	'2023-06-28 01:00:08',	'2023-06-28 01:00:08'),
(178,	'd0df6fab-8148-4dae-a7dd-0f5f670ff882',	'Price Increases in',	'priceIncreasesIn',	'Price Increases in',	'number',	'{\"is_required\":null,\"is_display_frontend\":null,\"min\":null,\"max\":null,\"is_numeric\":null,\"is_character\":null,\"setMinCharacter\":null,\"setMaxCharacter\":null}',	'[]',	'product_pro_prices',	0,	4,	16,	'2023-06-28 01:00:40',	'2023-06-28 01:00:40'),
(179,	'9e929416-6937-453d-92ee-3225c156c9ed',	'Price Increases By',	'priceIncreasesBy',	'Price Increases By',	'number',	'{\"is_required\":null,\"is_display_frontend\":null,\"min\":null,\"max\":null,\"is_numeric\":null,\"is_character\":null,\"setMinCharacter\":null,\"setMaxCharacter\":null}',	'[]',	'product_pro_prices',	0,	4,	16,	'2023-06-28 01:00:59',	'2023-06-28 01:00:59'),
(180,	'eb23831b-01fa-4c86-ad67-539418b24266',	'Display Colors',	'displayColors',	'Display Colors',	'checkbox',	'{\"is_required\":null,\"is_display_frontend\":null,\"min\":null,\"max\":null,\"is_numeric\":null,\"is_character\":null,\"setMinCharacter\":null,\"setMaxCharacter\":null}',	'[]',	'product_pro_prices',	0,	4,	16,	'2023-06-28 01:01:23',	'2023-06-28 01:01:23'),
(181,	'5c529ede-09d4-49e6-97f8-ce42984e3525',	'Color 1 Name',	'color1Name',	'Color 1 Name',	'dropdownSelect',	'{\"is_required\":null,\"is_display_frontend\":null,\"min\":null,\"max\":null,\"is_numeric\":null,\"is_character\":null,\"setMinCharacter\":null,\"setMaxCharacter\":null}',	'[{\"value\":\"white\",\"value1\":\"white\"},{\"value\":\"black\",\"value1\":\"black\"}]',	'product_pro_prices',	0,	4,	16,	'2023-06-28 01:02:19',	'2023-06-28 01:02:19'),
(182,	'7340b9d8-6a22-46fd-9e7b-d5201c82bb26',	'Instock & Active',	'instock&Active',	'Instock & Active',	'checkbox',	'{\"is_required\":null,\"is_display_frontend\":null,\"min\":null,\"max\":null,\"is_numeric\":null,\"is_character\":null,\"setMinCharacter\":null,\"setMaxCharacter\":null}',	'[]',	'product_pro_prices',	0,	4,	16,	'2023-06-28 01:02:48',	'2023-06-28 01:02:48'),
(183,	'b459a25b-08c6-427d-b091-ce11930fcfae',	'Color 1 large Pictures',	'color1LargePictures',	'Color 1 large Pictures',	'text',	'{\"is_required\":null,\"is_display_frontend\":null,\"min\":null,\"max\":null,\"is_numeric\":null,\"is_character\":null,\"setMinCharacter\":null,\"setMaxCharacter\":null}',	'[]',	'product_pro_prices',	0,	4,	16,	'2023-06-28 01:03:27',	'2023-06-28 01:03:27'),
(184,	'97c96e42-4cfc-4f75-9d77-8fd04a92c96b',	'Color 1 Small Pictures',	'color1SmallPictures',	'Color 1 Small Pictures',	'text',	'{\"is_required\":null,\"is_display_frontend\":null,\"min\":null,\"max\":null,\"is_numeric\":null,\"is_character\":null,\"setMinCharacter\":null,\"setMaxCharacter\":null}',	'[]',	'product_pro_prices',	0,	4,	16,	'2023-06-28 01:03:51',	'2023-06-28 01:03:51'),
(185,	'7eebb0d3-8b03-4521-934a-bf27595ac6f1',	'Color 2 Name',	'color2Name',	'Color 2 Name',	'dropdownSelect',	'{\"is_required\":null,\"is_display_frontend\":null,\"min\":null,\"max\":null,\"is_numeric\":null,\"is_character\":null,\"setMinCharacter\":null,\"setMaxCharacter\":null}',	'[{\"value\":\"cream white\",\"value1\":\"cream white\"},{\"value\":\"black\",\"value1\":\"black\"}]',	'product_pro_prices',	0,	4,	16,	'2023-06-28 01:04:49',	'2023-06-28 01:04:49'),
(186,	'902cd96a-41cd-4ef4-8148-17b6fce11871',	'Instock2 & Active',	'instock2&Active',	'Instock2 & Active',	'checkbox',	'{\"is_required\":null,\"is_display_frontend\":null,\"min\":null,\"max\":null,\"is_numeric\":null,\"is_character\":null,\"setMinCharacter\":null,\"setMaxCharacter\":null}',	'[]',	'product_pro_prices',	0,	4,	16,	'2023-06-28 01:11:36',	'2023-06-28 01:11:36'),
(187,	'8c0da9af-bf09-4d71-bede-08a729ead6af',	'Color 2 Large Picture',	'color2LargePicture',	'Color 2 Large Picture',	'text',	'{\"is_required\":null,\"is_display_frontend\":null,\"min\":null,\"max\":null,\"is_numeric\":null,\"is_character\":null,\"setMinCharacter\":null,\"setMaxCharacter\":null}',	'[]',	'product_pro_prices',	0,	4,	16,	'2023-06-28 01:12:20',	'2023-06-28 01:12:20'),
(188,	'cba364ac-9a94-48d0-919b-2a72053e628e',	'Color 2 Small Picture',	'color2SmallPicture',	'Color 2 Small Picture',	'text',	'{\"is_required\":null,\"is_display_frontend\":null,\"min\":null,\"max\":null,\"is_numeric\":null,\"is_character\":null,\"setMinCharacter\":null,\"setMaxCharacter\":null}',	'[]',	'product_pro_prices',	0,	4,	16,	'2023-06-28 01:12:41',	'2023-06-28 01:12:41'),
(189,	'ba71426a-aa2e-433c-a3c7-edf81cf638ec',	'Color 3 Name',	'color3Name',	'Color 3 Name',	'dropdownSelect',	'{\"is_required\":null,\"is_display_frontend\":null,\"min\":null,\"max\":null,\"is_numeric\":null,\"is_character\":null,\"setMinCharacter\":null,\"setMaxCharacter\":null}',	'[{\"value\":\"red\",\"value1\":\"red\"},{\"value\":\"yellow\",\"value1\":\"yellow\"}]',	'product_pro_prices',	0,	4,	16,	'2023-06-28 01:13:19',	'2023-06-28 01:13:19'),
(190,	'5ad4b5bd-6677-4ef2-bad0-9e0da07d63ce',	'Instock 3 & active',	'instock3&Active',	'Instock 3 & active',	'checkbox',	'{\"is_required\":null,\"is_display_frontend\":null,\"min\":null,\"max\":null,\"is_numeric\":null,\"is_character\":null,\"setMinCharacter\":null,\"setMaxCharacter\":null}',	'[]',	'product_pro_prices',	0,	4,	16,	'2023-06-28 01:13:42',	'2023-06-28 01:13:42'),
(191,	'25bcc5fa-0f44-40d6-92da-229ce1ac5f7b',	'Color 3 Large Picture',	'color3LargePicture',	'Color 3 Large Picture',	'text',	'{\"is_required\":null,\"is_display_frontend\":null,\"min\":null,\"max\":null,\"is_numeric\":null,\"is_character\":null,\"setMinCharacter\":null,\"setMaxCharacter\":null}',	'[]',	'product_pro_prices',	0,	4,	16,	'2023-06-28 01:14:27',	'2023-06-28 01:14:27'),
(192,	'1931f955-6802-47ae-90ff-6ebc0c83349e',	'Color 3 Small Picture',	'color3SmallPicture',	'Color 3 Small Picture',	'text',	'{\"is_required\":null,\"is_display_frontend\":null,\"min\":null,\"max\":null,\"is_numeric\":null,\"is_character\":null,\"setMinCharacter\":null,\"setMaxCharacter\":null}',	'[]',	'product_pro_prices',	0,	4,	16,	'2023-06-28 01:14:49',	'2023-06-28 01:14:49'),
(193,	'b1692d45-09d0-418a-bd46-849ad4e40e7e',	'Color 4 Name',	'color4Name',	'Color 4 Name',	'dropdownSelect',	'{\"is_required\":null,\"is_display_frontend\":null,\"min\":null,\"max\":null,\"is_numeric\":null,\"is_character\":null,\"setMinCharacter\":null,\"setMaxCharacter\":null}',	'[{\"value\":\"tan\",\"value1\":\"Tan\"},{\"value\":\"red\",\"value1\":\"red\"}]',	'product_pro_prices',	0,	4,	16,	'2023-06-28 01:15:39',	'2023-06-28 01:15:39'),
(194,	'f18de1a2-daa4-43e2-a52b-f975b48fd1b3',	'Instock 4 & active',	'instock4&Active',	'Instock 4 & active',	'checkbox',	'{\"is_required\":null,\"is_display_frontend\":null,\"min\":null,\"max\":null,\"is_numeric\":null,\"is_character\":null,\"setMinCharacter\":null,\"setMaxCharacter\":null}',	'[]',	'product_pro_prices',	0,	4,	16,	'2023-06-28 01:16:09',	'2023-06-28 01:16:09'),
(195,	'f32563ea-a616-44dd-a081-89cd12285e4b',	'Color 4 Large Picture',	'color4LargePicture',	'Color 4 Large Picture',	'text',	'{\"is_required\":null,\"is_display_frontend\":null,\"min\":null,\"max\":null,\"is_numeric\":null,\"is_character\":null,\"setMinCharacter\":null,\"setMaxCharacter\":null}',	'[]',	'product_pro_prices',	0,	4,	16,	'2023-06-28 01:16:34',	'2023-06-28 01:16:34'),
(196,	'3e6718c6-a2f2-4bb4-befa-c34bc48ad899',	'Color 4 Small Picture',	'color4SmallPicture',	'Color 4 Small Picture',	'text',	'{\"is_required\":null,\"is_display_frontend\":null,\"min\":null,\"max\":null,\"is_numeric\":null,\"is_character\":null,\"setMinCharacter\":null,\"setMaxCharacter\":null}',	'[]',	'product_pro_prices',	0,	4,	16,	'2023-06-28 01:17:06',	'2023-06-28 01:17:06'),
(197,	'9a7df12b-478c-4a4d-ae3b-4035b8e55126',	'Glove Price0',	'glovePrice0',	'Glove Price0',	'number',	'{\"is_required\":null,\"is_display_frontend\":null,\"min\":null,\"max\":null,\"is_numeric\":null,\"is_character\":null,\"setMinCharacter\":null,\"setMaxCharacter\":null}',	'[]',	'product_pro_attributes',	0,	4,	18,	'2023-06-28 01:19:53',	'2023-06-28 01:19:53'),
(198,	'644634c8-0725-478d-be54-6c947f19cff7',	'Glove Name0',	'gloveName0',	'Glove Name0',	'text',	'{\"is_required\":null,\"is_display_frontend\":null,\"min\":null,\"max\":null,\"is_numeric\":null,\"is_character\":null,\"setMinCharacter\":null,\"setMaxCharacter\":null}',	'[]',	'product_pro_attributes',	0,	4,	18,	'2023-06-28 01:20:27',	'2023-06-28 01:20:27'),
(199,	'53975c62-639d-4739-a4e0-7a8868b4650a',	'Default0',	'default0',	'Default0',	'radio',	'{\"is_required\":null,\"is_display_frontend\":null,\"min\":null,\"max\":null,\"is_numeric\":null,\"is_character\":null,\"setMinCharacter\":null,\"setMaxCharacter\":null}',	'[{\"value\":\"Default0\"}]',	'product_pro_attributes',	0,	4,	18,	'2023-06-28 01:21:38',	'2023-06-28 01:21:38'),
(200,	'1e656280-3130-426a-9496-1b538689e1bd',	'Glove Price1',	'glovePrice1',	'Glove Price1',	'number',	'{\"is_required\":null,\"is_display_frontend\":null,\"min\":null,\"max\":null,\"is_numeric\":null,\"is_character\":null,\"setMinCharacter\":null,\"setMaxCharacter\":null}',	'[]',	'product_pro_attributes',	0,	4,	18,	'2023-06-28 01:22:05',	'2023-06-28 01:22:05'),
(201,	'795beee9-b8f8-464c-b5a8-923b17531fab',	'Glove Name1',	'gloveName1',	'Glove Name1',	'text',	'{\"is_required\":null,\"is_display_frontend\":true,\"min\":null,\"max\":null,\"is_numeric\":null,\"is_character\":null,\"setMinCharacter\":null,\"setMaxCharacter\":null}',	'[]',	'product_pro_attributes',	0,	4,	18,	'2023-06-28 01:22:43',	'2023-06-28 04:52:40'),
(202,	'05a2598d-c8c4-4686-86e2-56607b8cd546',	'Default1',	'default1',	'Default1',	'radio',	'{\"is_required\":null,\"is_display_frontend\":null,\"min\":null,\"max\":null,\"is_numeric\":null,\"is_character\":null,\"setMinCharacter\":null,\"setMaxCharacter\":null}',	'[{\"value\":\"Default1\"}]',	'product_pro_attributes',	0,	4,	18,	'2023-06-28 01:23:14',	'2023-06-28 01:23:14'),
(203,	'2876d9a6-ef8d-4050-9ea1-f48a75e01e40',	'Glove Price2',	'glovePrice2',	'Glove Price2',	'number',	'{\"is_required\":null,\"is_display_frontend\":null,\"min\":null,\"max\":null,\"is_numeric\":null,\"is_character\":null,\"setMinCharacter\":null,\"setMaxCharacter\":null}',	'[]',	'product_pro_attributes',	0,	4,	18,	'2023-06-28 01:23:37',	'2023-06-28 01:23:37'),
(204,	'c6806883-b8fe-4c47-9a19-1fe1e0ef2e31',	'Glove Name2',	'gloveName2',	'Glove Name2',	'text',	'{\"is_required\":false,\"is_display_frontend\":false,\"min\":null,\"max\":null,\"is_numeric\":false,\"is_character\":false,\"setMinCharacter\":false,\"setMaxCharacter\":false}',	'null',	'product_pro_attributes',	0,	4,	18,	'2023-06-28 01:24:20',	'2023-06-28 01:24:20'),
(205,	'e887ccdc-ae6d-4c98-b03e-ac58816e746e',	'Default2',	'default2',	'Default2',	'radio',	'{\"is_required\":null,\"is_display_frontend\":null,\"min\":null,\"max\":null,\"is_numeric\":null,\"is_character\":null,\"setMinCharacter\":null,\"setMaxCharacter\":null}',	'[{\"value\":\"Default2\"}]',	'product_pro_attributes',	0,	4,	18,	'2023-06-28 01:24:49',	'2023-06-28 01:24:49'),
(206,	'7552b3a8-0f6e-4374-8d3a-50828e535694',	'Glove Price3',	'glovePrice3',	'Glove Price3',	'number',	'{\"is_required\":null,\"is_display_frontend\":null,\"min\":null,\"max\":null,\"is_numeric\":null,\"is_character\":null,\"setMinCharacter\":null,\"setMaxCharacter\":null}',	'[]',	'product_pro_attributes',	0,	4,	18,	'2023-06-28 01:25:13',	'2023-06-28 01:25:13'),
(207,	'9da3e0c2-16c0-450e-b8f7-eae952789721',	'Glove Name3',	'gloveName3',	'Glove Name3',	'text',	'{\"is_required\":null,\"is_display_frontend\":null,\"min\":null,\"max\":null,\"is_numeric\":null,\"is_character\":null,\"setMinCharacter\":null,\"setMaxCharacter\":null}',	'[]',	'product_pro_attributes',	0,	4,	18,	'2023-06-28 01:25:33',	'2023-06-28 01:25:33'),
(208,	'c58aafb5-96c6-426b-915a-dfe9700e4e3b',	'Default3',	'default3',	'Default3',	'radio',	'{\"is_required\":null,\"is_display_frontend\":null,\"min\":null,\"max\":null,\"is_numeric\":null,\"is_character\":null,\"setMinCharacter\":null,\"setMaxCharacter\":null}',	'[{\"value\":\"Default3\"}]',	'product_pro_attributes',	0,	4,	18,	'2023-06-28 01:26:17',	'2023-06-28 01:26:17'),
(209,	'f205af70-334c-462c-bb5a-5635fa7416d6',	'Glove Price4',	'glovePrice4',	'Glove Price4',	'number',	'{\"is_required\":null,\"is_display_frontend\":null,\"min\":null,\"max\":null,\"is_numeric\":null,\"is_character\":null,\"setMinCharacter\":null,\"setMaxCharacter\":null}',	'[]',	'product_pro_attributes',	0,	4,	18,	'2023-06-28 01:26:37',	'2023-06-28 01:26:37'),
(210,	'c918ddb1-c529-4603-b7c6-5e21a98fc302',	'Glove Name4',	'gloveName4',	'Glove Name4',	'text',	'{\"is_required\":null,\"is_display_frontend\":false,\"min\":null,\"max\":null,\"is_numeric\":null,\"is_character\":null,\"setMinCharacter\":null,\"setMaxCharacter\":null}',	'[]',	'product_pro_prices',	0,	4,	16,	'2023-06-28 01:27:03',	'2023-06-28 04:52:06'),
(211,	'b79d0f42-42a7-4c08-bdff-bfe6fb6bcd7e',	'Default4',	'default4',	'Default4',	'radio',	'{\"is_required\":null,\"is_display_frontend\":null,\"min\":null,\"max\":null,\"is_numeric\":null,\"is_character\":null,\"setMinCharacter\":null,\"setMaxCharacter\":null}',	'[{\"value\":\"Default4\"}]',	'product_pro_attributes',	0,	4,	18,	'2023-06-28 01:27:38',	'2023-06-28 01:27:38'),
(212,	'a44b3924-714c-4f97-966f-b4f06fa5a32f',	'Glove Price5',	'glovePrice5',	'Glove Price5',	'number',	'{\"is_required\":null,\"is_display_frontend\":null,\"min\":null,\"max\":null,\"is_numeric\":null,\"is_character\":null,\"setMinCharacter\":null,\"setMaxCharacter\":null}',	'[]',	'product_pro_attributes',	0,	4,	18,	'2023-06-28 01:28:04',	'2023-06-28 01:28:04'),
(213,	'5bb7c8cb-5251-4187-91c0-9f6e331598bb',	'Glove Name5',	'gloveName5',	'Glove Name5',	'text',	'{\"is_required\":null,\"is_display_frontend\":null,\"min\":null,\"max\":null,\"is_numeric\":null,\"is_character\":null,\"setMinCharacter\":null,\"setMaxCharacter\":null}',	'[]',	'product_pro_attributes',	0,	4,	18,	'2023-06-28 01:28:23',	'2023-06-28 01:28:23'),
(214,	'a8ec0b3e-0844-4c75-9d0c-3c6fd59a06c1',	'Default5',	'default5',	'Default5',	'radio',	'{\"is_required\":null,\"is_display_frontend\":null,\"min\":null,\"max\":null,\"is_numeric\":null,\"is_character\":null,\"setMinCharacter\":null,\"setMaxCharacter\":null}',	'[{\"value\":\"Default5\"}]',	'product_pro_attributes',	0,	4,	18,	'2023-06-28 01:28:51',	'2023-06-28 01:28:51'),
(215,	'33e52918-df08-48bb-a218-2462afa47319',	'Glove Price6',	'glovePrice6',	'Glove Price6',	'number',	'{\"is_required\":null,\"is_display_frontend\":null,\"min\":null,\"max\":null,\"is_numeric\":null,\"is_character\":null,\"setMinCharacter\":null,\"setMaxCharacter\":null}',	'[]',	'product_pro_attributes',	0,	4,	18,	'2023-06-28 01:29:15',	'2023-06-28 01:29:15'),
(216,	'b993a11f-5d2d-4035-a67e-dd339c7660e5',	'Glove Name6',	'gloveName6',	'Glove Name6',	'text',	'{\"is_required\":null,\"is_display_frontend\":null,\"min\":null,\"max\":null,\"is_numeric\":null,\"is_character\":null,\"setMinCharacter\":null,\"setMaxCharacter\":null}',	'[]',	'product_pro_attributes',	0,	4,	18,	'2023-06-28 01:29:41',	'2023-06-28 01:29:41'),
(217,	'2c76ca8c-08d8-4697-a87a-fd63dead4bed',	'Default6',	'default6',	'Default6',	'radio',	'{\"is_required\":null,\"is_display_frontend\":null,\"min\":null,\"max\":null,\"is_numeric\":null,\"is_character\":null,\"setMinCharacter\":null,\"setMaxCharacter\":null}',	'[{\"value\":\"Default6\"}]',	'product_pro_attributes',	0,	4,	18,	'2023-06-28 01:30:11',	'2023-06-28 01:30:11'),
(269,	'f766892b-aafb-474e-9637-3f8d93094426',	'1 Days warranty Date',	'1DaysWarrantyDate',	'1 Days warranty Date',	'text',	'{\"is_required\":true,\"is_display_frontend\":true,\"min\":null,\"max\":null,\"is_numeric\":null,\"is_character\":null,\"setMinCharacter\":null,\"setMaxCharacter\":null}',	'[]',	'order_tops',	0,	6,	19,	'2023-07-05 00:17:39',	'2023-07-05 00:17:39'),
(270,	'b0e60d23-67c1-4cbc-9783-8bf6ecf9d9f5',	'Ordered Date',	'orderedDate',	'Ordered Date',	'date',	'{\"is_required\":false,\"is_display_frontend\":true,\"min\":null,\"max\":null,\"is_numeric\":null,\"is_character\":null,\"setMinCharacter\":null,\"setMaxCharacter\":null}',	'[]',	'order_tops',	0,	6,	19,	'2023-07-05 00:22:24',	'2023-07-05 00:22:24'),
(271,	'12e26b9c-21f9-4f99-9b76-b24cbdb04858',	'Actual Ship',	'actualShip',	'Actual Ship',	'text',	'{\"is_required\":null,\"is_display_frontend\":null,\"min\":null,\"max\":null,\"is_numeric\":null,\"is_character\":null,\"setMinCharacter\":null,\"setMaxCharacter\":null}',	'[]',	'order_tops',	0,	6,	19,	'2023-07-05 00:22:55',	'2023-07-05 00:22:55'),
(272,	'b007db71-c668-45bc-a3a4-bc5b2ff5ed57',	'Sales Channel Order',	'salesChannelOrder',	'Sales Channel Order',	'text',	'{\"is_required\":null,\"is_display_frontend\":null,\"min\":null,\"max\":null,\"is_numeric\":null,\"is_character\":null,\"setMinCharacter\":null,\"setMaxCharacter\":null}',	'[]',	'order_tops',	0,	6,	19,	'2023-07-05 00:23:43',	'2023-07-05 00:23:43'),
(273,	'2854635e-b9e0-4298-aa84-4855b46aa7cc',	'Serial Number',	'serialNumber',	'Serial Number',	'number',	'{\"is_required\":null,\"is_display_frontend\":null,\"min\":null,\"max\":null,\"is_numeric\":null,\"is_character\":null,\"setMinCharacter\":null,\"setMaxCharacter\":null}',	'[]',	'order_tops',	0,	6,	19,	'2023-07-05 00:24:28',	'2023-07-05 00:24:28'),
(274,	'e829a806-14de-44dc-a764-6e18470922fd',	'Golden Design Model',	'goldenDesignModel',	'Golden Design Model',	'text',	'{\"is_required\":null,\"is_display_frontend\":null,\"min\":null,\"max\":null,\"is_numeric\":null,\"is_character\":null,\"setMinCharacter\":null,\"setMaxCharacter\":null}',	'[]',	'order_tops',	0,	6,	19,	'2023-07-05 00:26:18',	'2023-07-05 00:26:18'),
(275,	'820f6700-83a8-4991-afbf-f96482565546',	'Cali - Local',	'caliLocal',	'Cali - Local',	'dropdownSelect',	'{\"is_required\":null,\"is_display_frontend\":null,\"min\":null,\"max\":null,\"is_numeric\":null,\"is_character\":null,\"setMinCharacter\":null,\"setMaxCharacter\":null}',	'[{\"value\":\"abc\",\"value1\":\"abc\"},{\"value\":\"bcd\",\"value1\":\"bcd\"}]',	'order_tops',	0,	6,	19,	'2023-07-05 00:27:12',	'2023-07-05 00:27:12'),
(276,	'7aaaea98-776a-4730-83ba-deb294c569f8',	'How Urgent is this Customer?',	'howUrgentIsThisCustomer?',	'How Urgent is this Customer?',	'dropdownSelect',	'{\"is_required\":null,\"is_display_frontend\":null,\"min\":null,\"max\":null,\"is_numeric\":null,\"is_character\":null,\"setMinCharacter\":null,\"setMaxCharacter\":null}',	'[{\"value\":\"one\",\"value1\":\"one\"},{\"value\":\"two\",\"value1\":\"two\"}]',	'order_ship_options',	0,	6,	20,	'2023-07-05 00:28:41',	'2023-07-05 00:28:41'),
(277,	'e7f678e7-6aa3-44f1-a347-b4f71838128d',	'Customer Shipping Notes',	'customerShippingNotes',	'Customer Shipping Notes',	'textarea',	'{\"is_required\":null,\"is_display_frontend\":null,\"min\":null,\"max\":null,\"is_numeric\":null,\"is_character\":null,\"setMinCharacter\":null,\"setMaxCharacter\":null}',	'[]',	'order_ship_options',	0,	6,	20,	'2023-07-05 00:29:28',	'2023-07-05 00:29:28'),
(278,	'4648f639-747b-4420-89d8-0260bdd42722',	'Problem With This Order',	'problemWithThisOrder',	'Problem With This Order',	'textarea',	'{\"is_required\":null,\"is_display_frontend\":null,\"min\":null,\"max\":null,\"is_numeric\":null,\"is_character\":null,\"setMinCharacter\":null,\"setMaxCharacter\":null}',	'[]',	'order_ship_options',	0,	6,	20,	'2023-07-05 00:30:03',	'2023-07-05 00:30:03'),
(279,	'1a9f05d9-9a38-4692-b2fa-0209777e3b68',	'Proof',	'proof',	'Proof',	'textarea',	'{\"is_required\":null,\"is_display_frontend\":null,\"min\":null,\"max\":null,\"is_numeric\":null,\"is_character\":null,\"setMinCharacter\":null,\"setMaxCharacter\":null}',	'[]',	'order_ship_options',	0,	6,	20,	'2023-07-05 00:30:22',	'2023-07-05 00:30:22'),
(280,	'4c56ab1d-4023-41f4-928f-72c4f8177090',	'First Delivery Driver',	'firstDeliveryDriver',	'First Delivery Driver',	'dropdownSelect',	'{\"is_required\":null,\"is_display_frontend\":null,\"min\":null,\"max\":null,\"is_numeric\":null,\"is_character\":null,\"setMinCharacter\":null,\"setMaxCharacter\":null}',	'[{\"value\":\"Rakesh\",\"value1\":\"Rakesh\"},{\"value\":\"Jonny\",\"value1\":\"Jonny\"}]',	'order_ship_options',	0,	6,	20,	'2023-07-05 00:31:14',	'2023-07-05 00:31:14'),
(281,	'9b337e30-3348-43b7-a139-dd220618b136',	'Cosmetic Damage- Damage During Shipping',	'cosmeticDamageDamageDuringShipping',	'Cosmetic Damage- Damage During Shipping',	'checkbox',	'{\"is_required\":null,\"is_display_frontend\":null,\"min\":null,\"max\":null,\"is_numeric\":null,\"is_character\":null,\"setMinCharacter\":null,\"setMaxCharacter\":null}',	'[]',	'order_ship_options',	0,	6,	20,	'2023-07-05 00:32:47',	'2023-07-05 00:32:47'),
(282,	'6860c3ea-f079-4b79-af12-beae554fabb8',	'Not in Stock',	'notInStock',	'Not in Stock',	'checkbox',	'{\"is_required\":null,\"is_display_frontend\":null,\"min\":null,\"max\":null,\"is_numeric\":null,\"is_character\":null,\"setMinCharacter\":null,\"setMaxCharacter\":null}',	'[]',	'order_ship_options',	0,	6,	20,	'2023-07-05 00:33:12',	'2023-07-05 00:33:12'),
(283,	'3e345bc2-3c6b-402d-b779-185048b190c9',	'In Stock - Stuck in WareHouse',	'inStockStuckInWareHouse',	'In Stock - Stuck in WareHouse',	'checkbox',	'{\"is_required\":null,\"is_display_frontend\":null,\"min\":null,\"max\":null,\"is_numeric\":null,\"is_character\":null,\"setMinCharacter\":null,\"setMaxCharacter\":null}',	'[]',	'order_ship_options',	0,	6,	20,	'2023-07-05 00:33:55',	'2023-07-05 00:33:55'),
(284,	'ff62ff02-d8f4-412f-a64e-5fc03f50554b',	'Add to Driver List',	'addToDriverList',	'Add to Driver List',	'checkbox',	'{\"is_required\":null,\"is_display_frontend\":null,\"min\":null,\"max\":null,\"is_numeric\":null,\"is_character\":null,\"setMinCharacter\":null,\"setMaxCharacter\":null}',	'[]',	'order_ship_options',	0,	6,	20,	'2023-07-05 00:35:57',	'2023-07-05 00:35:57'),
(285,	'692df3a3-1ea4-4f69-b76d-dd84851dd19c',	'Pickup ,Customer Return',	'pickup,CustomerReturn',	'`Pickup ,Customer Return',	'checkbox',	'{\"is_required\":null,\"is_display_frontend\":null,\"min\":null,\"max\":null,\"is_numeric\":null,\"is_character\":null,\"setMinCharacter\":null,\"setMaxCharacter\":null}',	'[]',	'order_ship_options',	0,	6,	20,	'2023-07-05 00:36:33',	'2023-07-05 00:36:33'),
(286,	'5e70c574-3702-4001-9f1f-dd53539ff598',	'Swap',	'swap',	'Swap',	'checkbox',	'{\"is_required\":null,\"is_display_frontend\":null,\"min\":null,\"max\":null,\"is_numeric\":null,\"is_character\":null,\"setMinCharacter\":null,\"setMaxCharacter\":null}',	'[]',	'order_ship_options',	0,	6,	20,	'2023-07-05 00:36:53',	'2023-07-05 00:36:53'),
(287,	'ef6f6754-f245-43e9-bd82-0ba05ecbdd22',	'Customer Already has Product',	'customerAlreadyHasProduct',	'Customer Already has Product',	'checkbox',	'{\"is_required\":null,\"is_display_frontend\":null,\"min\":null,\"max\":null,\"is_numeric\":null,\"is_character\":null,\"setMinCharacter\":null,\"setMaxCharacter\":null}',	'[]',	'order_ship_options',	0,	6,	20,	'2023-07-05 00:37:30',	'2023-07-05 00:37:30'),
(288,	'b9bec20a-c404-4888-96c5-41f0ad26a62d',	'Hold Until Customer Calls',	'holdUntilCustomerCalls',	'Hold Until Customer Calls',	'checkbox',	'{\"is_required\":null,\"is_display_frontend\":null,\"min\":null,\"max\":null,\"is_numeric\":null,\"is_character\":null,\"setMinCharacter\":null,\"setMaxCharacter\":null}',	'[]',	'order_ship_options',	0,	6,	20,	'2023-07-05 00:38:04',	'2023-07-05 00:38:04'),
(289,	'19d36a11-4874-4df2-8f3d-9ef74403fb1a',	'Max Approved, even if Negative',	'maxApproved,EvenIfNegative',	'Max Approved, even if Negative',	'checkbox',	'{\"is_required\":null,\"is_display_frontend\":null,\"min\":null,\"max\":null,\"is_numeric\":null,\"is_character\":null,\"setMinCharacter\":null,\"setMaxCharacter\":null}',	'[]',	'order_ship_options',	0,	6,	20,	'2023-07-05 00:38:56',	'2023-07-05 00:38:56'),
(290,	'5d309753-201b-42a6-98ee-ed4fc85a1de5',	'Reconsign to Someone else',	'reconsignToSomeoneElse',	'Reconsign to Someone else',	'checkbox',	'{\"is_required\":null,\"is_display_frontend\":null,\"min\":null,\"max\":null,\"is_numeric\":null,\"is_character\":null,\"setMinCharacter\":null,\"setMaxCharacter\":null}',	'[]',	'order_ship_options',	0,	6,	20,	'2023-07-05 00:40:07',	'2023-07-05 00:40:07'),
(291,	'3b572bb5-dbe8-44fa-bf30-11172b75ae16',	'Bought From Third Party with Warranty',	'boughtFromThirdPartyWithWarranty',	'Bought From Third Party with Warranty',	'checkbox',	'{\"is_required\":null,\"is_display_frontend\":null,\"min\":null,\"max\":null,\"is_numeric\":null,\"is_character\":null,\"setMinCharacter\":null,\"setMaxCharacter\":null}',	'[]',	'order_ship_options',	0,	6,	20,	'2023-07-05 00:41:40',	'2023-07-05 00:41:40'),
(292,	'46d4a412-0ade-4a80-b4db-6bbde37da714',	'Bought From Third Party without Warranty',	'boughtFromThirdPartyWithoutWarranty',	'Bought From Third Party without Warranty',	'checkbox',	'{\"is_required\":null,\"is_display_frontend\":null,\"min\":null,\"max\":null,\"is_numeric\":null,\"is_character\":null,\"setMinCharacter\":null,\"setMaxCharacter\":null}',	'[]',	'order_ship_options',	0,	6,	20,	'2023-07-05 00:42:15',	'2023-07-05 00:42:15'),
(293,	'111347d0-ed8a-4680-a739-cc356ff29241',	'Max Approved, not Fraud',	'maxApproved,NotFraud',	'Max Approved, not Fraud',	'checkbox',	'{\"is_required\":null,\"is_display_frontend\":null,\"min\":null,\"max\":null,\"is_numeric\":null,\"is_character\":null,\"setMinCharacter\":null,\"setMaxCharacter\":null}',	'[]',	'order_ship_options',	0,	6,	20,	'2023-07-05 00:42:56',	'2023-07-05 00:42:56'),
(294,	'52093534-1014-4c40-96e3-6496e7a3e772',	'Fraud Order',	'fraudOrder',	'Fraud Order',	'checkbox',	'{\"is_required\":null,\"is_display_frontend\":null,\"min\":null,\"max\":null,\"is_numeric\":null,\"is_character\":null,\"setMinCharacter\":null,\"setMaxCharacter\":null}',	'[]',	'order_ship_options',	0,	6,	20,	'2023-07-05 00:43:25',	'2023-07-05 00:43:25'),
(295,	'613e46a5-bfb3-42d6-9cf9-f63274f15e86',	'Remove from Shipping',	'removeFromShipping',	'Remove from Shipping',	'checkbox',	'{\"is_required\":null,\"is_display_frontend\":null,\"min\":null,\"max\":null,\"is_numeric\":null,\"is_character\":null,\"setMinCharacter\":null,\"setMaxCharacter\":null}',	'[]',	'order_ship_options',	0,	6,	20,	'2023-07-05 00:43:50',	'2023-07-05 00:43:50'),
(296,	'cf96e5f8-5426-45ce-84b8-dc1fde40404c',	'Check Cleared',	'checkCleared',	'Check Cleared',	'checkbox',	'{\"is_required\":null,\"is_display_frontend\":null,\"min\":null,\"max\":null,\"is_numeric\":null,\"is_character\":null,\"setMinCharacter\":null,\"setMaxCharacter\":null}',	'[]',	'order_ship_options',	0,	6,	20,	'2023-07-05 00:44:11',	'2023-07-05 00:44:11'),
(297,	'2a8ce40f-8647-431e-bcc2-69b95cd8ed3c',	'Custom Sauna - You Can ship',	'customSaunaYouCanShip',	'Custom Sauna - You Can ship',	'checkbox',	'{\"is_required\":null,\"is_display_frontend\":null,\"min\":null,\"max\":null,\"is_numeric\":null,\"is_character\":null,\"setMinCharacter\":null,\"setMaxCharacter\":null}',	'[]',	'order_ship_options',	0,	6,	20,	'2023-07-05 00:44:46',	'2023-07-05 00:44:46'),
(299,	'6dcc45a9-f8e5-4a33-b7dd-a616d4d27cd9',	'custom sauna - Fully Paid, don\'t charge them anymore',	'customSaunaFullyPaid,Don\'tChargeThemAnymore',	'custom sauna - Fully Paid, don\'t charge them anymore.',	'checkbox',	'{\"is_required\":null,\"is_display_frontend\":null,\"min\":null,\"max\":null,\"is_numeric\":null,\"is_character\":null,\"setMinCharacter\":null,\"setMaxCharacter\":null}',	'[]',	'order_ship_options',	0,	6,	20,	'2023-07-05 01:02:01',	'2023-07-05 01:02:01'),
(300,	'3c80e4fa-1a3e-44d6-aa22-9f90a020d5dc',	'Bought from a dealer',	'boughtFromADealer',	'Bought from a dealer',	'checkbox',	'{\"is_required\":null,\"is_display_frontend\":null,\"min\":null,\"max\":null,\"is_numeric\":null,\"is_character\":null,\"setMinCharacter\":null,\"setMaxCharacter\":null}',	'[]',	'order_ship_options',	0,	6,	20,	'2023-07-05 01:02:54',	'2023-07-05 01:02:54'),
(301,	'8928a946-a4d1-4932-8fd1-6217dce0791f',	'Do not ship, need to verfiy',	'doNotShip,NeedToVerfiy',	'Do not ship, need to verfiy',	'checkbox',	'{\"is_required\":null,\"is_display_frontend\":null,\"min\":null,\"max\":null,\"is_numeric\":null,\"is_character\":null,\"setMinCharacter\":null,\"setMaxCharacter\":null}',	'[]',	'order_ship_options',	0,	6,	20,	'2023-07-05 01:03:28',	'2023-07-05 01:03:28'),
(302,	'731bce4e-b686-4d9a-8550-0385502bc753',	'Willing to be a reference',	'willingToBeAReference',	'Willing to be a reference',	'checkbox',	'{\"is_required\":null,\"is_display_frontend\":null,\"min\":null,\"max\":null,\"is_numeric\":null,\"is_character\":null,\"setMinCharacter\":null,\"setMaxCharacter\":null}',	'[]',	'order_ship_options',	0,	6,	20,	'2023-07-05 01:04:35',	'2023-07-05 01:04:35'),
(303,	'3aa4176b-004f-4709-aab5-1fee1aaff36c',	'Construction Company',	'constructionCompany',	'Construction Company',	'checkbox',	'{\"is_required\":null,\"is_display_frontend\":null,\"min\":null,\"max\":null,\"is_numeric\":null,\"is_character\":null,\"setMinCharacter\":null,\"setMaxCharacter\":null}',	'[]',	'order_ship_options',	0,	6,	20,	'2023-07-05 01:05:07',	'2023-07-05 01:05:07'),
(304,	'2d68d417-b166-44e4-badb-e68b1431b2d1',	'Designer',	'designer',	'Designer',	'checkbox',	'{\"is_required\":null,\"is_display_frontend\":null,\"min\":null,\"max\":null,\"is_numeric\":null,\"is_character\":null,\"setMinCharacter\":null,\"setMaxCharacter\":null}',	'[]',	'order_ship_options',	0,	6,	20,	'2023-07-05 01:05:29',	'2023-07-05 01:05:29'),
(305,	'3c74747e-ffc6-430c-8303-fe6be57220db',	'Product',	'product',	'Product Select',	'dropdownSelect',	'{\"is_required\":null,\"is_display_frontend\":null,\"min\":null,\"max\":null,\"is_numeric\":null,\"is_character\":null,\"setMinCharacter\":null,\"setMaxCharacter\":null}',	'[{\"value\":\"Nature 8 plus - Hybrid - Outdoor Medical sauna - Flat Roof\",\"value1\":\"Nature 8 plus - Hybrid - Outdoor Medical sauna - Flat Roof\"},{\"value\":\"Natures 9 plus - Hybrid - Outdoor Medical sauna - Flat Roofs\",\"value1\":\"Natures 9 plus - Hybrid - Outdoor Medical sauna - Flat Roofs\"}]',	'order_prod_infos',	0,	6,	21,	'2023-07-05 01:09:13',	'2023-07-05 01:09:13'),
(306,	'5973925e-f174-459b-9e27-c2880eefcaa8',	'Color',	'color',	'Select Color',	'dropdownSelect',	'{\"is_required\":null,\"is_display_frontend\":null,\"min\":null,\"max\":null,\"is_numeric\":null,\"is_character\":null,\"setMinCharacter\":null,\"setMaxCharacter\":null}',	'[{\"value\":\"red\",\"value1\":\"red\"},{\"value\":\"black\",\"value1\":\"black\"}]',	'order_prod_infos',	0,	6,	21,	'2023-07-05 01:10:04',	'2023-07-05 01:10:04'),
(307,	'6cf2542f-e723-4a5a-a7bc-f1fdce8e76af',	'Refurbish Product',	'refurbishProduct',	'Refurbish Product',	'checkbox',	'{\"is_required\":null,\"is_display_frontend\":null,\"min\":null,\"max\":null,\"is_numeric\":null,\"is_character\":null,\"setMinCharacter\":null,\"setMaxCharacter\":null}',	'[]',	'order_prod_infos',	0,	6,	21,	'2023-07-05 01:10:57',	'2023-07-05 01:10:57'),
(308,	'7664563b-c25e-493b-b1bb-bff30e055f26',	'Quantity',	'quantity',	'Quantity',	'number',	'{\"is_required\":null,\"is_display_frontend\":null,\"min\":null,\"max\":null,\"is_numeric\":null,\"is_character\":null,\"setMinCharacter\":null,\"setMaxCharacter\":null}',	'[]',	'order_prod_infos',	0,	6,	21,	'2023-07-05 01:11:46',	'2023-07-05 01:11:46'),
(309,	'5cf1e25e-dc3d-4214-bbc7-df31f17a1923',	'Total Product Price',	'totalProductPrice',	'Total Product Price',	'number',	'{\"is_required\":null,\"is_display_frontend\":null,\"min\":null,\"max\":null,\"is_numeric\":null,\"is_character\":null,\"setMinCharacter\":null,\"setMaxCharacter\":null}',	'[]',	'order_prod_infos',	0,	6,	21,	'2023-07-05 01:12:22',	'2023-07-05 01:12:22'),
(310,	'cae95d6c-83f6-4e12-a85e-cdb59dda26a6',	'Textarea 1',	'textarea1',	'Textarea 1',	'textarea',	'{\"is_required\":null,\"is_display_frontend\":null,\"min\":null,\"max\":null,\"is_numeric\":null,\"is_character\":null,\"setMinCharacter\":null,\"setMaxCharacter\":null}',	'[]',	'order_cust_sauna_options',	0,	6,	22,	'2023-07-05 01:15:18',	'2023-07-05 01:15:18'),
(311,	'5544912f-0233-425b-82dd-397a611cd04c',	'Textarea 2',	'textarea2',	'Textarea 2',	'textarea',	'{\"is_required\":null,\"is_display_frontend\":null,\"min\":null,\"max\":null,\"is_numeric\":null,\"is_character\":null,\"setMinCharacter\":null,\"setMaxCharacter\":null}',	'[]',	'order_cust_sauna_options',	0,	6,	22,	'2023-07-05 01:15:49',	'2023-07-05 01:15:49'),
(312,	'a885fcaf-7c32-4ffa-b93b-1f186fea099e',	'Select Progress',	'selectProgress',	'Select Progress',	'dropdownSelect',	'{\"is_required\":null,\"is_display_frontend\":null,\"min\":null,\"max\":null,\"is_numeric\":null,\"is_character\":null,\"setMinCharacter\":null,\"setMaxCharacter\":null}',	'[{\"value\":\"Progress 1\",\"value1\":\"Progress 1\"},{\"value\":\"Progress 2\",\"value1\":\"Progress 2\"}]',	'order_cust_sauna_options',	0,	6,	22,	'2023-07-05 01:16:36',	'2023-07-05 01:16:36'),
(313,	'e07a0871-4084-45c5-8626-76d25c5bc7a5',	'Select Manufacturer',	'selectManufacturer',	'Select Manufacturer',	'dropdownSelect',	'{\"is_required\":null,\"is_display_frontend\":null,\"min\":null,\"max\":null,\"is_numeric\":null,\"is_character\":null,\"setMinCharacter\":null,\"setMaxCharacter\":null}',	'[{\"value\":\"asd\",\"value1\":\"asd\"},{\"value\":\"abc\",\"value1\":\"abc\"}]',	'order_cust_sauna_options',	0,	6,	22,	'2023-07-05 01:17:13',	'2023-07-05 01:17:13'),
(314,	'0f4f170d-30fb-4709-9010-47af2e532c74',	'Date in Valencia',	'dateInValencia',	'Date in Valencia',	'date',	'{\"is_required\":null,\"is_display_frontend\":null,\"min\":null,\"max\":null,\"is_numeric\":null,\"is_character\":null,\"setMinCharacter\":null,\"setMaxCharacter\":null}',	'[]',	'order_cust_sauna_options',	0,	6,	22,	'2023-07-05 01:17:44',	'2023-07-05 01:17:44'),
(315,	'35580187-5017-4614-9e0b-ab71232c9fa6',	'Commercial sauna - Used 10 hours a day , make it double the wood',	'commercialSaunaUsed10HoursADay,MakeItDoubleTheWood',	'Commercial sauna - Used 10 hours a day , make it double the wood',	'checkbox',	'{\"is_required\":null,\"is_display_frontend\":null,\"min\":null,\"max\":null,\"is_numeric\":null,\"is_character\":null,\"setMinCharacter\":null,\"setMaxCharacter\":null}',	'[]',	'order_cust_sauna_options',	0,	6,	22,	'2023-07-05 01:18:49',	'2023-07-05 01:18:49'),
(316,	'7727ed63-6e96-4f98-9693-953bf3075930',	'Installation Video Customer don\'t know how to intsall',	'installationVideoCustomerDon\'tKnowHowToIntsall',	'Installation Video Customer don\'t know how to intsall',	'text',	'{\"is_required\":null,\"is_display_frontend\":null,\"min\":null,\"max\":null,\"is_numeric\":null,\"is_character\":null,\"setMinCharacter\":null,\"setMaxCharacter\":null}',	'[]',	'order_prod_infos',	0,	6,	21,	'2023-07-05 01:21:13',	'2023-07-05 01:46:58'),
(317,	'6442deee-fbcd-4476-b207-de1608a9237a',	'DIFFERENT COLOR Wood Wood comes out different color',	'dIFFERENTCOLORWoodWoodComesOutDifferentColor',	'DIFFERENT COLOR Wood Wood comes out different color',	'text',	'{\"is_required\":null,\"is_display_frontend\":null,\"min\":null,\"max\":null,\"is_numeric\":null,\"is_character\":null,\"setMinCharacter\":null,\"setMaxCharacter\":null}',	'[]',	'order_cust_sauna_options',	0,	6,	22,	'2023-07-05 01:22:32',	'2023-07-05 01:46:47'),
(318,	'fa166afa-5f9c-41d8-aac2-14d091d069d5',	'THIN GLASS Glass is very  thin , when use push it bends',	'tHINGLASSGlassIsVeryThin,WhenUsePushItBends',	'THIN GLASS Glass is very  thin , when use push it bends',	'text',	'{\"is_required\":null,\"is_display_frontend\":null,\"min\":null,\"max\":null,\"is_numeric\":null,\"is_character\":null,\"setMinCharacter\":null,\"setMaxCharacter\":null}',	'[]',	'order_cust_sauna_options',	0,	6,	22,	'2023-07-05 01:23:42',	'2023-07-05 01:46:33'),
(319,	'd95e4564-e162-4a77-9c75-2ad02645cc04',	'All seals one piece large saunas',	'allSealsOnePieceLargeSaunas',	'All seals one piece large saunas, the seal comes in many pieces looks very ugly, Also the melts at 194, customer want refunds',	'text',	'{\"is_required\":null,\"is_display_frontend\":null,\"min\":null,\"max\":null,\"is_numeric\":null,\"is_character\":null,\"setMinCharacter\":null,\"setMaxCharacter\":null}',	'[]',	'order_cust_sauna_options',	0,	6,	22,	'2023-07-05 01:27:11',	'2023-07-05 01:46:21'),
(320,	'f7cacd2e-34f1-4533-b265-d6f489042213',	'Ten Guys Standing on Sauna Video',	'tenGuysStandingOnSaunaVideo',	'Ten Guys Standing on Sauna Video',	'text',	'{\"is_required\":null,\"is_display_frontend\":null,\"min\":null,\"max\":null,\"is_numeric\":null,\"is_character\":null,\"setMinCharacter\":null,\"setMaxCharacter\":null}',	'[]',	'order_cust_sauna_options',	0,	6,	22,	'2023-07-05 01:28:21',	'2023-07-05 01:44:37'),
(321,	'ed306136-d3e8-46c6-b0cc-2adf45e96bb5',	'Demo & Detailed Quality Video',	'demo&DetailedQualityVideo',	'Demo & Detailed Quality Video All the wood is different colors, nothing matches',	'text',	'{\"is_required\":null,\"is_display_frontend\":null,\"min\":null,\"max\":null,\"is_numeric\":null,\"is_character\":null,\"setMinCharacter\":null,\"setMaxCharacter\":null}',	'[]',	'order_cust_sauna_options',	0,	6,	22,	'2023-07-05 01:30:34',	'2023-07-05 01:44:24'),
(322,	'9ea28f4d-029d-488f-ba30-e86b64e935c7',	'Packaging Video Sauna',	'packagingVideoSauna',	'Packaging Video Sauna is package badly also china lies, they say it is loaded but it is still at their factory',	'text',	'{\"is_required\":null,\"is_display_frontend\":null,\"min\":null,\"max\":null,\"is_numeric\":null,\"is_character\":null,\"setMinCharacter\":null,\"setMaxCharacter\":null}',	'[]',	'order_cust_sauna_options',	0,	6,	22,	'2023-07-05 01:34:07',	'2023-07-05 01:43:21'),
(323,	'c62abd8b-3706-4552-afd2-8fe54420403d',	'Manual',	'manual',	'Manual',	'text',	'{\"is_required\":null,\"is_display_frontend\":null,\"min\":null,\"max\":null,\"is_numeric\":null,\"is_character\":null,\"setMinCharacter\":null,\"setMaxCharacter\":null}',	'[]',	'order_cust_sauna_options',	0,	6,	22,	'2023-07-05 01:34:30',	'2023-07-05 01:34:30');

DROP TABLE IF EXISTS `medical_form_object_type_groups`;
CREATE TABLE `medical_form_object_type_groups` (
  `id` bigint unsigned NOT NULL AUTO_INCREMENT,
  `name` varchar(255) CHARACTER SET utf8mb4 COLLATE utf8mb4_unicode_ci NOT NULL,
  `machine_name` varchar(255) CHARACTER SET utf8mb4 COLLATE utf8mb4_unicode_ci NOT NULL,
  `is_active` tinyint(1) NOT NULL DEFAULT '1',
  `form_object_type_id` bigint unsigned NOT NULL,
  `created_at` timestamp NULL DEFAULT NULL,
  `updated_at` timestamp NULL DEFAULT NULL,
  PRIMARY KEY (`id`),
  KEY `medical_form_object_type_groups_form_object_type_id_foreign` (`form_object_type_id`),
  CONSTRAINT `medical_form_object_type_groups_form_object_type_id_foreign` FOREIGN KEY (`form_object_type_id`) REFERENCES `medical_form_object_types` (`id`) ON DELETE CASCADE
) ENGINE=InnoDB DEFAULT CHARSET=utf8mb4 COLLATE=utf8mb4_unicode_ci;

INSERT INTO `medical_form_object_type_groups` (`id`, `name`, `machine_name`, `is_active`, `form_object_type_id`, `created_at`, `updated_at`) VALUES
(1,	'Contact Information',	'cont_informations',	1,	1,	NULL,	NULL),
(2,	'Personal Information',	'pers_nformations',	1,	1,	NULL,	NULL),
(3,	'Contact Information',	'cont_informations',	1,	2,	NULL,	NULL),
(4,	'Personal Information',	'pers_nformations',	1,	2,	NULL,	NULL),
(5,	'Contact Information ',	'cont_informations',	1,	3,	NULL,	NULL),
(6,	'Personal Information',	'pers_nformations',	1,	3,	NULL,	NULL),
(14,	'Category',	'categories',	1,	5,	'2023-06-27 00:55:57',	'2023-06-27 00:55:57'),
(15,	'Product Details',	'pro_details',	1,	4,	NULL,	NULL),
(16,	'Product Price',	'pro_prices',	1,	4,	NULL,	NULL),
(17,	'Product Ship Price',	'pro_ship_prices',	1,	4,	NULL,	NULL),
(18,	'Product Attribute',	'pro_attributes',	1,	4,	NULL,	NULL),
(19,	'Top',	'tops',	1,	6,	NULL,	NULL),
(20,	'Shipping Options',	'ship_options',	1,	6,	NULL,	NULL),
(21,	'Products Info',	'prod_infos',	1,	6,	NULL,	NULL),
(22,	'Custom Sauna Options',	'cust_sauna_options',	1,	6,	NULL,	NULL),
(23,	'Support Tickets',	'supp_tickets',	1,	6,	NULL,	NULL),
(24,	'Admin Notes',	'adm_notes',	1,	6,	NULL,	NULL),
(25,	'Pricing Info',	'prici_infos',	1,	6,	NULL,	NULL),
(26,	'Transactions Info',	'trans_infos',	1,	6,	NULL,	NULL),
(27,	'Commission Info',	'commi_infos',	1,	6,	NULL,	NULL),
(28,	'User Info',	'user_infos',	1,	6,	NULL,	NULL),
(29,	'Billing Info',	'billing_infos',	1,	6,	NULL,	NULL),
(30,	'Shipping Info',	'ship_infos',	1,	6,	NULL,	NULL),
(31,	'Problems/Mistakes',	'prob_mistakes',	1,	6,	NULL,	NULL),
(32,	'Chargebacks Info',	'charg_back_infos',	1,	6,	NULL,	NULL),
(33,	'Income/Refunds',	'incom_refunds',	1,	6,	NULL,	NULL),
(34,	'Technicians Info',	'techni_infos',	1,	6,	NULL,	NULL),
(35,	'Marketing Info',	'mark_infos',	1,	6,	NULL,	NULL),
(36,	'Bottom',	'bottoms',	1,	6,	NULL,	NULL);

DROP TABLE IF EXISTS `medical_form_object_types`;
CREATE TABLE `medical_form_object_types` (
  `id` bigint unsigned NOT NULL AUTO_INCREMENT,
  `name` varchar(255) CHARACTER SET utf8mb4 COLLATE utf8mb4_unicode_ci NOT NULL,
  `machine_name` varchar(255) CHARACTER SET utf8mb4 COLLATE utf8mb4_unicode_ci NOT NULL,
  `is_active` tinyint(1) NOT NULL DEFAULT '1',
  `created_at` timestamp NULL DEFAULT NULL,
  `updated_at` timestamp NULL DEFAULT NULL,
  PRIMARY KEY (`id`),
  UNIQUE KEY `form_object_types` (`machine_name`)
) ENGINE=InnoDB DEFAULT CHARSET=utf8mb4 COLLATE=utf8mb4_unicode_ci;

INSERT INTO `medical_form_object_types` (`id`, `name`, `machine_name`, `is_active`, `created_at`, `updated_at`) VALUES
(1,	'Lead',	'lead',	1,	NULL,	NULL),
(2,	'Quote',	'quote',	1,	NULL,	NULL),
(3,	'Employee',	'employee',	1,	NULL,	NULL),
(4,	'Product',	'product',	1,	NULL,	NULL),
(5,	'Product Category',	'product_category',	1,	'2023-06-27 00:49:52',	'2023-06-27 00:49:52'),
(6,	'Order',	'order',	1,	NULL,	NULL);

DROP TABLE IF EXISTS `medical_lead_cont_informations`;
CREATE TABLE `medical_lead_cont_informations` (
  `id` bigint unsigned NOT NULL AUTO_INCREMENT,
  `lead_id` bigint unsigned NOT NULL,
  `is_convert` int unsigned DEFAULT NULL,
  `ed` varchar(255) CHARACTER SET utf8mb4 COLLATE utf8mb4_unicode_ci DEFAULT NULL,
  `created_at` timestamp NULL DEFAULT NULL,
  `updated_at` timestamp NULL DEFAULT NULL,
  `aircallType` varchar(255) CHARACTER SET utf8mb4 COLLATE utf8mb4_unicode_ci DEFAULT NULL,
  `notes` varchar(255) CHARACTER SET utf8mb4 COLLATE utf8mb4_unicode_ci DEFAULT NULL,
  `products` varchar(255) CHARACTER SET utf8mb4 COLLATE utf8mb4_unicode_ci DEFAULT NULL,
  `referralCode` bigint DEFAULT NULL,
  `appointmentDate` varchar(255) CHARACTER SET utf8mb4 COLLATE utf8mb4_unicode_ci DEFAULT NULL,
  `time` varchar(255) CHARACTER SET utf8mb4 COLLATE utf8mb4_unicode_ci DEFAULT NULL,
  `backupPhoneNumber` varchar(255) CHARACTER SET utf8mb4 COLLATE utf8mb4_unicode_ci DEFAULT NULL,
  `pp` varchar(255) CHARACTER SET utf8mb4 COLLATE utf8mb4_unicode_ci DEFAULT NULL,
  `s` varchar(255) CHARACTER SET utf8mb4 COLLATE utf8mb4_unicode_ci DEFAULT NULL,
  `test` varchar(20) CHARACTER SET utf8mb4 COLLATE utf8mb4_unicode_ci DEFAULT NULL,
  `pratik` varchar(255) CHARACTER SET utf8mb4 COLLATE utf8mb4_unicode_ci DEFAULT NULL,
  `rakeh` varchar(255) CHARACTER SET utf8mb4 COLLATE utf8mb4_unicode_ci DEFAULT NULL,
  `testProp` varchar(255) CHARACTER SET utf8mb4 COLLATE utf8mb4_unicode_ci DEFAULT NULL,
  `phone` bigint DEFAULT NULL,
  `abc` varchar(255) CHARACTER SET utf8mb4 COLLATE utf8mb4_unicode_ci DEFAULT NULL,
  `asdfghjk` varchar(255) CHARACTER SET utf8mb4 COLLATE utf8mb4_unicode_ci DEFAULT NULL,
  `awertyu` bigint DEFAULT NULL,
  `multiLine` varchar(255) CHARACTER SET utf8mb4 COLLATE utf8mb4_unicode_ci DEFAULT NULL,
  `mutliLineNumber` bigint DEFAULT NULL,
  `as` date DEFAULT NULL,
  `dateAgain` bigint DEFAULT NULL,
  `mutliNumber` text CHARACTER SET utf8mb4 COLLATE utf8mb4_unicode_ci,
  `dateAgain4` varchar(255) CHARACTER SET utf8mb4 COLLATE utf8mb4_unicode_ci DEFAULT NULL,
  `again5DATE` varchar(255) CHARACTER SET utf8mb4 COLLATE utf8mb4_unicode_ci DEFAULT NULL,
  `dateAgain6` date DEFAULT NULL,
  `wed` varchar(255) CHARACTER SET utf8mb4 COLLATE utf8mb4_unicode_ci DEFAULT NULL,
  `qwe` tinyint(1) DEFAULT NULL,
  `w` varchar(255) CHARACTER SET utf8mb4 COLLATE utf8mb4_unicode_ci DEFAULT NULL,
  `v` varchar(255) CHARACTER SET utf8mb4 COLLATE utf8mb4_unicode_ci DEFAULT NULL,
  `radio` varchar(255) CHARACTER SET utf8mb4 COLLATE utf8mb4_unicode_ci DEFAULT NULL,
  `gender` varchar(255) CHARACTER SET utf8mb4 COLLATE utf8mb4_unicode_ci DEFAULT NULL,
  `ww` varchar(255) CHARACTER SET utf8mb4 COLLATE utf8mb4_unicode_ci DEFAULT NULL,
  `adipisicingNostrum` varchar(255) CHARACTER SET utf8mb4 COLLATE utf8mb4_unicode_ci DEFAULT NULL,
  `food` varchar(255) CHARACTER SET utf8mb4 COLLATE utf8mb4_unicode_ci DEFAULT NULL,
  PRIMARY KEY (`id`),
  KEY `medical_lead_cont_informations_lead_id_foreign` (`lead_id`),
  CONSTRAINT `medical_lead_cont_informations_lead_id_foreign` FOREIGN KEY (`lead_id`) REFERENCES `medical_leads` (`id`) ON DELETE CASCADE
) ENGINE=InnoDB DEFAULT CHARSET=utf8mb4 COLLATE=utf8mb4_unicode_ci;

INSERT INTO `medical_lead_cont_informations` (`id`, `lead_id`, `is_convert`, `ed`, `created_at`, `updated_at`, `aircallType`, `notes`, `products`, `referralCode`, `appointmentDate`, `time`, `backupPhoneNumber`, `pp`, `s`, `test`, `pratik`, `rakeh`, `testProp`, `phone`, `abc`, `asdfghjk`, `awertyu`, `multiLine`, `mutliLineNumber`, `as`, `dateAgain`, `mutliNumber`, `dateAgain4`, `again5DATE`, `dateAgain6`, `wed`, `qwe`, `w`, `v`, `radio`, `gender`, `ww`, `adipisicingNostrum`, `food`) VALUES
(15,	37,	NULL,	NULL,	NULL,	NULL,	'air call type',	'notes by pratik',	'car',	9876,	'2023-12-31',	'00:30',	'987654321',	NULL,	NULL,	NULL,	NULL,	NULL,	NULL,	NULL,	NULL,	NULL,	NULL,	NULL,	NULL,	NULL,	NULL,	NULL,	NULL,	NULL,	NULL,	NULL,	NULL,	NULL,	NULL,	NULL,	NULL,	NULL,	NULL,	NULL),
(16,	38,	NULL,	NULL,	NULL,	NULL,	'air call type',	'23444324343',	'car',	12344,	'2023-06-28',	'03:45',	'3423432434',	NULL,	NULL,	NULL,	NULL,	NULL,	NULL,	NULL,	NULL,	NULL,	NULL,	NULL,	NULL,	NULL,	NULL,	NULL,	NULL,	NULL,	NULL,	NULL,	NULL,	NULL,	NULL,	NULL,	NULL,	NULL,	NULL,	NULL),
(17,	39,	NULL,	NULL,	NULL,	NULL,	NULL,	'3422222',	'mobile',	NULL,	NULL,	NULL,	NULL,	NULL,	NULL,	NULL,	NULL,	NULL,	NULL,	NULL,	NULL,	NULL,	NULL,	NULL,	NULL,	NULL,	NULL,	NULL,	NULL,	NULL,	NULL,	NULL,	NULL,	NULL,	NULL,	NULL,	NULL,	NULL,	NULL,	NULL),
(18,	40,	1,	NULL,	NULL,	NULL,	NULL,	'vdcvddf',	'laptop',	NULL,	NULL,	NULL,	'4543',	NULL,	NULL,	NULL,	NULL,	NULL,	NULL,	NULL,	NULL,	NULL,	NULL,	NULL,	NULL,	NULL,	NULL,	NULL,	NULL,	NULL,	NULL,	NULL,	NULL,	NULL,	NULL,	NULL,	NULL,	NULL,	NULL,	NULL),
(19,	41,	NULL,	NULL,	NULL,	NULL,	'air call type',	'Aut facilis dolor ea',	'mobile',	9876,	'1981-01-17',	'17:15',	'474',	NULL,	NULL,	NULL,	NULL,	'Dolorem qui deleniti',	NULL,	NULL,	NULL,	NULL,	NULL,	NULL,	NULL,	NULL,	NULL,	NULL,	NULL,	NULL,	NULL,	NULL,	NULL,	NULL,	NULL,	NULL,	NULL,	NULL,	NULL,	NULL),
(20,	42,	1,	NULL,	NULL,	NULL,	'air call type',	'Tempor neque veniam',	'car',	9876,	'2022-08-31',	'13:30',	'981',	NULL,	NULL,	NULL,	NULL,	NULL,	NULL,	NULL,	NULL,	NULL,	NULL,	NULL,	NULL,	NULL,	NULL,	NULL,	NULL,	NULL,	NULL,	NULL,	NULL,	NULL,	NULL,	NULL,	NULL,	NULL,	NULL,	NULL),
(21,	43,	1,	NULL,	NULL,	NULL,	'air call type',	'Exercitation eligend',	'car',	12344,	'1974-06-13',	'18:00',	'900',	NULL,	NULL,	NULL,	NULL,	NULL,	NULL,	NULL,	NULL,	NULL,	NULL,	NULL,	NULL,	NULL,	NULL,	NULL,	NULL,	NULL,	NULL,	NULL,	NULL,	NULL,	NULL,	NULL,	NULL,	NULL,	NULL,	NULL),
(22,	44,	1,	NULL,	NULL,	NULL,	'air call type',	'Dolorum eius Nam et',	'mobile',	12344,	'1981-08-28',	'16:00',	'946',	NULL,	NULL,	NULL,	NULL,	NULL,	NULL,	50,	'Dolore et nemo perfe',	NULL,	NULL,	NULL,	NULL,	NULL,	NULL,	NULL,	NULL,	NULL,	NULL,	NULL,	NULL,	NULL,	NULL,	NULL,	NULL,	NULL,	NULL,	NULL),
(23,	45,	1,	NULL,	NULL,	NULL,	'air call type',	'Aliqua Atque ipsum',	'mobile',	12344,	'1980-11-11',	'09:45',	'897',	NULL,	NULL,	NULL,	NULL,	NULL,	NULL,	32,	'Incidunt elit ea q',	NULL,	NULL,	NULL,	NULL,	NULL,	NULL,	NULL,	NULL,	NULL,	NULL,	NULL,	NULL,	NULL,	NULL,	NULL,	NULL,	NULL,	NULL,	NULL),
(24,	46,	1,	NULL,	NULL,	NULL,	'air call type',	'Et modi dolores nost',	'car',	9876,	'1976-03-14',	'06:00',	'287',	NULL,	NULL,	NULL,	NULL,	NULL,	NULL,	31,	'Qui mollitia ut Nam',	NULL,	NULL,	NULL,	NULL,	NULL,	NULL,	NULL,	NULL,	NULL,	NULL,	NULL,	NULL,	NULL,	NULL,	NULL,	NULL,	NULL,	NULL,	NULL),
(25,	47,	NULL,	NULL,	NULL,	NULL,	'air call type',	'Dolor et omnis ratio',	'car',	9876,	'1984-07-07',	'21:45',	'967',	NULL,	NULL,	NULL,	NULL,	NULL,	NULL,	28,	'Elit eligendi sint',	'Quaerat in id volup',	NULL,	NULL,	NULL,	NULL,	NULL,	NULL,	NULL,	NULL,	NULL,	NULL,	NULL,	NULL,	NULL,	NULL,	NULL,	NULL,	NULL,	NULL),
(26,	48,	NULL,	NULL,	NULL,	NULL,	'air call type',	'Nihil mollit blandit',	'car',	9876,	'2016-01-09',	'13:30',	'139',	NULL,	NULL,	NULL,	NULL,	NULL,	NULL,	55,	'Ipsa consequatur N',	'Similique dolor opti',	NULL,	NULL,	NULL,	NULL,	NULL,	NULL,	NULL,	NULL,	NULL,	NULL,	NULL,	NULL,	NULL,	NULL,	NULL,	NULL,	NULL,	NULL),
(27,	53,	NULL,	NULL,	NULL,	NULL,	'air call type',	'Cupidatat qui corrup',	'mobile',	12344,	'2012-11-20',	'08:30',	'473',	NULL,	NULL,	NULL,	NULL,	NULL,	NULL,	34,	'Nihil autem labore d',	'Ab similique est re',	1234,	NULL,	NULL,	NULL,	NULL,	NULL,	NULL,	NULL,	NULL,	NULL,	NULL,	NULL,	NULL,	NULL,	NULL,	NULL,	NULL,	NULL),
(28,	57,	NULL,	NULL,	NULL,	NULL,	'air call type',	'Dolor animi mollit',	'laptop',	12344,	'1976-03-11',	'04:30',	'245',	NULL,	NULL,	NULL,	NULL,	NULL,	NULL,	36,	'Aliquam ab distincti',	'Impedit excepturi i',	123,	NULL,	NULL,	NULL,	NULL,	NULL,	NULL,	NULL,	NULL,	NULL,	NULL,	NULL,	NULL,	NULL,	NULL,	NULL,	NULL,	NULL),
(29,	59,	NULL,	NULL,	NULL,	NULL,	'air call type',	'Voluptas autem adipi',	'car',	9876,	'2023-06-19',	'18:45',	'672',	NULL,	NULL,	NULL,	NULL,	NULL,	NULL,	39,	'Qui anim aut et ulla',	'Nihil veritatis impe',	4567,	NULL,	NULL,	NULL,	NULL,	NULL,	NULL,	NULL,	NULL,	NULL,	NULL,	NULL,	NULL,	NULL,	NULL,	NULL,	NULL,	NULL),
(30,	61,	NULL,	NULL,	NULL,	NULL,	'air call type',	'Aut deleniti natus a',	'laptop',	12344,	'1971-01-24',	'22:15',	'714',	NULL,	NULL,	NULL,	NULL,	NULL,	NULL,	22,	'Sit deserunt offici',	'Minima sit magnam u',	23,	NULL,	NULL,	NULL,	NULL,	NULL,	NULL,	NULL,	NULL,	NULL,	NULL,	NULL,	NULL,	NULL,	NULL,	NULL,	NULL,	NULL),
(31,	62,	NULL,	NULL,	NULL,	NULL,	'air call type',	'Ad fugiat et dolorum',	'mobile',	9876,	'2001-12-01',	'06:30',	'62',	NULL,	NULL,	NULL,	NULL,	NULL,	NULL,	14,	'Ut deserunt enim des',	NULL,	NULL,	'Mollit ut fuga Accu',	NULL,	NULL,	NULL,	NULL,	NULL,	NULL,	NULL,	NULL,	NULL,	NULL,	NULL,	NULL,	NULL,	NULL,	NULL,	NULL),
(32,	63,	NULL,	NULL,	NULL,	NULL,	'air call type',	'Dignissimos soluta v',	'mobile',	9876,	'1974-10-03',	'12:00',	'230',	NULL,	NULL,	NULL,	NULL,	NULL,	NULL,	57,	'Aut non modi quae in',	NULL,	NULL,	'Officia repudiandae',	223,	NULL,	NULL,	NULL,	NULL,	NULL,	NULL,	NULL,	NULL,	NULL,	NULL,	NULL,	NULL,	NULL,	NULL,	NULL),
(33,	69,	NULL,	NULL,	NULL,	NULL,	'air call type',	'Veniam sed sit esse',	'car',	12344,	'2005-10-05',	'15:15',	'77',	NULL,	NULL,	NULL,	NULL,	NULL,	NULL,	90,	'Aut sint animi dol',	NULL,	NULL,	'Quas asperiores reru',	23,	'2021-12-19',	NULL,	NULL,	NULL,	NULL,	NULL,	NULL,	NULL,	NULL,	NULL,	NULL,	NULL,	NULL,	NULL,	NULL),
(34,	70,	NULL,	NULL,	NULL,	NULL,	'air call type',	'Aperiam est ea molli',	'car',	9876,	'2000-05-31',	'22:45',	'876',	NULL,	NULL,	NULL,	NULL,	NULL,	NULL,	72,	'Beatae sint aspernat',	NULL,	NULL,	'Voluptatum possimus',	NULL,	'2010-08-22',	NULL,	NULL,	NULL,	NULL,	NULL,	NULL,	NULL,	NULL,	NULL,	NULL,	NULL,	NULL,	NULL,	NULL),
(35,	74,	NULL,	NULL,	NULL,	NULL,	'air call type',	'Et excepturi rerum e',	'mobile',	12344,	'1984-11-10',	'23:00',	'318',	NULL,	NULL,	NULL,	NULL,	NULL,	NULL,	31,	'Commodo voluptatem a',	NULL,	NULL,	'A sed eos mollit nos',	NULL,	'1979-10-17',	NULL,	'234',	NULL,	NULL,	NULL,	NULL,	NULL,	NULL,	NULL,	NULL,	NULL,	NULL,	NULL,	NULL),
(36,	77,	NULL,	NULL,	NULL,	NULL,	'air call type',	'Vel non voluptas ea',	'laptop',	9876,	'1985-05-22',	'16:00',	'381',	NULL,	NULL,	NULL,	NULL,	NULL,	NULL,	5,	'Excepteur sunt est',	NULL,	NULL,	'234',	NULL,	'2021-08-23',	NULL,	NULL,	NULL,	NULL,	NULL,	NULL,	NULL,	NULL,	NULL,	NULL,	NULL,	NULL,	NULL,	NULL),
(37,	78,	NULL,	NULL,	NULL,	NULL,	'air call type',	'Voluptas numquam eos',	'laptop',	12344,	'1976-07-29',	'05:15',	'772',	NULL,	NULL,	NULL,	NULL,	NULL,	NULL,	20,	'Sapiente officia qua',	NULL,	NULL,	'qw',	NULL,	'1986-03-13',	NULL,	NULL,	NULL,	NULL,	NULL,	NULL,	NULL,	NULL,	NULL,	NULL,	NULL,	NULL,	NULL,	NULL),
(38,	79,	NULL,	NULL,	NULL,	NULL,	'air call type',	'Voluptatem Consequa',	'mobile',	9876,	'1976-04-27',	'09:30',	'157',	NULL,	NULL,	NULL,	NULL,	NULL,	NULL,	3,	'Et occaecat voluptat',	NULL,	NULL,	'234',	NULL,	'1985-09-27',	NULL,	NULL,	NULL,	NULL,	NULL,	NULL,	NULL,	NULL,	NULL,	NULL,	NULL,	NULL,	NULL,	NULL),
(39,	80,	NULL,	NULL,	NULL,	NULL,	'air call type',	'Ad distinctio Lauda',	'car',	9876,	'1981-12-13',	'23:15',	'331',	NULL,	NULL,	NULL,	NULL,	NULL,	NULL,	70,	'Excepteur at cupidat',	NULL,	NULL,	'Ad ab reiciendis mol',	NULL,	'2019-08-04',	NULL,	NULL,	NULL,	NULL,	NULL,	NULL,	NULL,	NULL,	NULL,	NULL,	NULL,	NULL,	NULL,	NULL),
(40,	85,	NULL,	NULL,	NULL,	NULL,	'air call type',	'Sed aliquid minus am',	'car',	12344,	'1998-09-11',	'21:45',	'142',	NULL,	NULL,	NULL,	NULL,	NULL,	NULL,	67,	'Amet nihil ipsa mo',	NULL,	NULL,	'Nisi consequat Ex a',	NULL,	'1999-10-26',	NULL,	'12345678',	NULL,	NULL,	NULL,	NULL,	NULL,	NULL,	NULL,	NULL,	NULL,	NULL,	NULL,	NULL),
(41,	87,	NULL,	NULL,	NULL,	NULL,	'air call type',	'Dolor reprehenderit',	'mobile',	12344,	'1993-05-15',	'01:45',	'435',	NULL,	NULL,	NULL,	NULL,	NULL,	NULL,	28,	'Pariatur Adipisicin',	NULL,	NULL,	'Sequi quod exercitat',	NULL,	'1976-03-20',	NULL,	'234',	NULL,	NULL,	NULL,	NULL,	NULL,	NULL,	NULL,	NULL,	NULL,	NULL,	NULL,	NULL),
(42,	90,	NULL,	NULL,	NULL,	NULL,	'air call type',	'Beatae voluptate ut',	'car',	9876,	'1986-05-13',	'08:45',	'479',	NULL,	NULL,	NULL,	NULL,	NULL,	NULL,	73,	'Rem officia veniam',	NULL,	NULL,	'Non laborum Iste au',	NULL,	'2013-05-03',	NULL,	'1234',	NULL,	NULL,	NULL,	NULL,	NULL,	NULL,	NULL,	NULL,	NULL,	NULL,	NULL,	NULL),
(43,	91,	NULL,	NULL,	NULL,	NULL,	'air call type',	'Dicta nostrud possim',	'car',	12344,	'2001-11-21',	'13:15',	'41',	NULL,	NULL,	NULL,	NULL,	NULL,	NULL,	81,	'Beatae ipsum facilis',	NULL,	NULL,	'Reprehenderit a reic',	NULL,	'2012-05-08',	NULL,	'Et nihil modi tenetu',	NULL,	NULL,	NULL,	NULL,	NULL,	NULL,	NULL,	NULL,	NULL,	NULL,	NULL,	NULL),
(44,	92,	NULL,	NULL,	NULL,	NULL,	'air call type',	'Temporibus laborum',	'car',	9876,	'2020-02-12',	'01:30',	'412',	NULL,	NULL,	NULL,	NULL,	NULL,	NULL,	3,	'Rem cupidatat est qu',	NULL,	NULL,	'Dolores atque minus',	NULL,	'2009-09-08',	NULL,	'Reprehenderit deleni',	'2005-09-28',	NULL,	NULL,	NULL,	NULL,	NULL,	NULL,	NULL,	NULL,	NULL,	NULL,	NULL),
(45,	93,	NULL,	NULL,	NULL,	NULL,	'air call type',	'Quas eligendi libero',	'mobile',	9876,	'2014-06-28',	'06:00',	'843',	NULL,	NULL,	NULL,	NULL,	NULL,	NULL,	19,	'Veritatis commodi ul',	NULL,	NULL,	'Similique voluptatem',	NULL,	'1984-02-01',	NULL,	'Qui nulla aut atque',	'2021-04-25',	'1999-01-16',	NULL,	NULL,	NULL,	NULL,	NULL,	NULL,	NULL,	NULL,	NULL,	NULL),
(46,	98,	NULL,	NULL,	NULL,	NULL,	'air call type',	'Aperiam qui dolorem',	'mobile',	9876,	'1971-08-30',	'06:45',	'92',	NULL,	NULL,	NULL,	NULL,	NULL,	NULL,	61,	'Reprehenderit qui it',	NULL,	NULL,	NULL,	NULL,	NULL,	NULL,	NULL,	NULL,	NULL,	NULL,	NULL,	NULL,	NULL,	NULL,	NULL,	NULL,	NULL,	NULL,	NULL),
(47,	99,	NULL,	NULL,	NULL,	NULL,	'air call type',	'Nihil unde sint omn',	'car',	9876,	'1981-11-16',	'16:00',	'544',	NULL,	NULL,	NULL,	NULL,	NULL,	NULL,	53,	'Voluptatem aut conse',	NULL,	NULL,	NULL,	NULL,	NULL,	NULL,	NULL,	NULL,	NULL,	NULL,	NULL,	NULL,	NULL,	NULL,	NULL,	NULL,	NULL,	NULL,	NULL),
(48,	101,	NULL,	NULL,	NULL,	NULL,	'air call type',	'Et natus impedit in',	'laptop',	12344,	'2003-03-27',	'17:45',	'152',	NULL,	NULL,	NULL,	NULL,	NULL,	NULL,	98,	'Sunt qui magni fugia',	NULL,	NULL,	NULL,	NULL,	NULL,	NULL,	NULL,	NULL,	NULL,	NULL,	NULL,	NULL,	'w',	'v',	NULL,	NULL,	NULL,	NULL,	NULL),
(49,	102,	NULL,	NULL,	NULL,	NULL,	'air call type',	'Porro occaecat ab ar',	'mobile',	9876,	'1994-12-13',	'22:30',	'203',	NULL,	NULL,	NULL,	NULL,	NULL,	NULL,	32,	'Ex optio exercitati',	NULL,	NULL,	NULL,	NULL,	NULL,	NULL,	NULL,	NULL,	NULL,	NULL,	NULL,	NULL,	NULL,	NULL,	'Female',	'female',	NULL,	NULL,	NULL),
(50,	103,	NULL,	NULL,	NULL,	NULL,	'air call type',	'Reiciendis consequat',	'mobile',	12344,	'1978-10-05',	'18:00',	'260',	NULL,	NULL,	NULL,	NULL,	NULL,	NULL,	17,	'Tempu',	NULL,	NULL,	NULL,	NULL,	NULL,	NULL,	NULL,	NULL,	NULL,	NULL,	NULL,	NULL,	NULL,	NULL,	NULL,	'female',	NULL,	NULL,	NULL),
(51,	104,	1,	NULL,	NULL,	NULL,	'air call type',	'Cupiditate dolores l',	'car',	9876,	'1999-09-29',	'04:00',	'366',	NULL,	NULL,	NULL,	NULL,	NULL,	NULL,	59,	'Possimus consequatu',	NULL,	NULL,	NULL,	NULL,	NULL,	NULL,	NULL,	NULL,	NULL,	NULL,	NULL,	NULL,	NULL,	NULL,	NULL,	'female',	NULL,	NULL,	NULL),
(52,	105,	NULL,	NULL,	NULL,	NULL,	'air call type',	'Temporibus quia debi',	'mobile',	12344,	'1982-11-23',	'07:00',	'687',	NULL,	NULL,	NULL,	NULL,	NULL,	NULL,	48,	'Iste et pariatur Cu',	NULL,	NULL,	NULL,	NULL,	NULL,	NULL,	NULL,	NULL,	NULL,	NULL,	NULL,	NULL,	NULL,	NULL,	NULL,	'female',	NULL,	NULL,	NULL),
(53,	106,	NULL,	NULL,	NULL,	NULL,	'air call type',	'Officia aut ut nesci',	'car',	12344,	'1977-11-08',	'10:15',	'384',	NULL,	NULL,	NULL,	NULL,	NULL,	NULL,	31,	'Excepteur dolore qui',	NULL,	NULL,	NULL,	NULL,	NULL,	NULL,	NULL,	NULL,	NULL,	NULL,	NULL,	NULL,	NULL,	NULL,	NULL,	'female',	NULL,	NULL,	NULL),
(54,	107,	NULL,	NULL,	NULL,	NULL,	'air call type',	'Aliquip quod sit au',	'laptop',	12344,	'2011-07-17',	'19:00',	'343',	NULL,	NULL,	NULL,	NULL,	NULL,	NULL,	5,	'Dolore occaecat saep',	NULL,	NULL,	NULL,	NULL,	NULL,	NULL,	NULL,	NULL,	NULL,	NULL,	NULL,	NULL,	NULL,	NULL,	NULL,	'female',	NULL,	NULL,	NULL),
(55,	108,	NULL,	NULL,	NULL,	NULL,	'air call type',	'Ad ut enim obcaecati',	'car',	12344,	'1971-04-21',	'08:30',	'121',	NULL,	NULL,	NULL,	NULL,	NULL,	NULL,	91,	'Vel mollit laudantiu',	NULL,	NULL,	NULL,	NULL,	NULL,	NULL,	NULL,	NULL,	NULL,	NULL,	NULL,	NULL,	NULL,	NULL,	NULL,	'female',	NULL,	NULL,	'nonveg');

DROP TABLE IF EXISTS `medical_lead_pers_nformations`;
CREATE TABLE `medical_lead_pers_nformations` (
  `id` bigint unsigned NOT NULL AUTO_INCREMENT,
  `lead_id` bigint unsigned NOT NULL,
  `created_at` timestamp NULL DEFAULT NULL,
  `updated_at` timestamp NULL DEFAULT NULL,
  `leadPhoneNumber` bigint DEFAULT NULL,
  `firstName` varchar(255) CHARACTER SET utf8mb4 COLLATE utf8mb4_unicode_ci DEFAULT NULL,
  `lastName` varchar(255) CHARACTER SET utf8mb4 COLLATE utf8mb4_unicode_ci DEFAULT NULL,
  `notes` varchar(255) CHARACTER SET utf8mb4 COLLATE utf8mb4_unicode_ci DEFAULT NULL,
  `email` varchar(255) CHARACTER SET utf8mb4 COLLATE utf8mb4_unicode_ci DEFAULT NULL,
  `cellNumber` varchar(255) CHARACTER SET utf8mb4 COLLATE utf8mb4_unicode_ci DEFAULT NULL,
  `test` varchar(20) CHARACTER SET utf8mb4 COLLATE utf8mb4_unicode_ci DEFAULT NULL,
  `first` varchar(255) CHARACTER SET utf8mb4 COLLATE utf8mb4_unicode_ci DEFAULT NULL,
  PRIMARY KEY (`id`),
  KEY `medical_lead_pers_nformations_lead_id_foreign` (`lead_id`),
  CONSTRAINT `medical_lead_pers_nformations_lead_id_foreign` FOREIGN KEY (`lead_id`) REFERENCES `medical_leads` (`id`) ON DELETE CASCADE
) ENGINE=InnoDB DEFAULT CHARSET=utf8mb4 COLLATE=utf8mb4_unicode_ci;

INSERT INTO `medical_lead_pers_nformations` (`id`, `lead_id`, `created_at`, `updated_at`, `leadPhoneNumber`, `firstName`, `lastName`, `notes`, `email`, `cellNumber`, `test`, `first`) VALUES
(37,	37,	NULL,	NULL,	987654321,	'pratik k',	'kumar',	NULL,	'pratikv2100@gmail.com',	'987654321',	NULL,	NULL),
(38,	38,	NULL,	NULL,	4343443,	'24343',	'234',	NULL,	'323233344443',	'3423244332334',	NULL,	NULL),
(39,	39,	NULL,	NULL,	3422222222,	'3244444',	NULL,	NULL,	NULL,	'4322222',	NULL,	NULL),
(40,	40,	NULL,	NULL,	45435345,	'Naveen',	NULL,	NULL,	NULL,	'43567',	NULL,	NULL),
(41,	41,	NULL,	NULL,	586,	'Geraldine',	'Gentry',	NULL,	'zumoxygok@mailinator.com',	'791',	NULL,	NULL),
(42,	42,	NULL,	NULL,	703,	'Marvin',	'Chase',	NULL,	'quxib@mailinator.com',	'150',	NULL,	NULL),
(43,	43,	NULL,	NULL,	476,	'Ifeoma',	'Key',	NULL,	'suqac@mailinator.com',	'47',	NULL,	NULL),
(44,	44,	NULL,	NULL,	224,	'Sacha',	'Zamora',	NULL,	'locygoquj@mailinator.com',	'320',	NULL,	NULL),
(45,	45,	NULL,	NULL,	118,	'Damon',	'Avila',	NULL,	'qini@mailinator.com',	'900',	NULL,	NULL),
(46,	46,	NULL,	NULL,	600,	'Paki',	'Mccray',	NULL,	'qixuwyc@mailinator.com',	'908',	NULL,	NULL),
(47,	47,	NULL,	NULL,	260,	'Garrett',	'Macias',	NULL,	'repasan@mailinator.com',	'663',	NULL,	NULL),
(48,	48,	NULL,	NULL,	373,	'Marah',	'Richard',	NULL,	'jywyxetiq@mailinator.com',	'570',	NULL,	NULL),
(49,	49,	NULL,	NULL,	602,	'Isaiah',	'Mullen',	NULL,	'memogabus@mailinator.com',	'457',	NULL,	NULL),
(50,	50,	NULL,	NULL,	602,	'Isaiah',	'Mullen',	NULL,	'memogabus@mailinator.com',	'457',	NULL,	NULL),
(51,	51,	NULL,	NULL,	602,	'Isaiah',	'Mullen',	NULL,	'memogabus@mailinator.com',	'457',	NULL,	NULL),
(52,	52,	NULL,	NULL,	602,	'Isaiah',	'Mullen',	NULL,	'memogabus@mailinator.com',	'457',	NULL,	NULL),
(53,	53,	NULL,	NULL,	602,	'Isaiah',	'Mullen',	NULL,	'memogabus@mailinator.com',	'457',	NULL,	NULL),
(54,	54,	NULL,	NULL,	841,	'Troy',	'Dillon',	NULL,	'pidy@mailinator.com',	'998',	NULL,	NULL),
(55,	55,	NULL,	NULL,	841,	'Troy',	'Dillon',	NULL,	'pidy@mailinator.com',	'998',	NULL,	NULL),
(56,	56,	NULL,	NULL,	841,	'Troy',	'Dillon',	NULL,	'pidy@mailinator.com',	'998',	NULL,	NULL),
(57,	57,	NULL,	NULL,	841,	'Troy',	'Dillon',	NULL,	'pidy@mailinator.com',	'998',	NULL,	NULL),
(58,	58,	NULL,	NULL,	445,	'Wesley',	'Hodge',	NULL,	'kadut@mailinator.com',	'352',	NULL,	NULL),
(59,	59,	NULL,	NULL,	445,	'Wesley',	'Hodge',	NULL,	'kadut@mailinator.com',	'352',	NULL,	NULL),
(60,	60,	NULL,	NULL,	490,	'Mohammad',	'Simmons',	NULL,	'bubucob@mailinator.com',	'615',	NULL,	NULL),
(61,	61,	NULL,	NULL,	800,	'Whitney',	'Barber',	NULL,	'cuwagaqu@mailinator.com',	'544',	NULL,	NULL),
(62,	62,	NULL,	NULL,	680,	'Martena',	'Wilcox',	NULL,	'delavaduc@mailinator.com',	'153',	NULL,	NULL),
(63,	63,	NULL,	NULL,	49,	'Freya',	'Edwards',	NULL,	'liryliqif@mailinator.com',	'513',	NULL,	NULL),
(64,	64,	NULL,	NULL,	415,	'Kendall',	'Horton',	NULL,	'qebulu@mailinator.com',	'288',	NULL,	NULL),
(65,	65,	NULL,	NULL,	925,	'Destiny',	'Parks',	NULL,	'lajeqyb@mailinator.com',	'67',	NULL,	NULL),
(66,	66,	NULL,	NULL,	711,	'Marah',	'Cohen',	NULL,	'jufadejiv@mailinator.com',	'642',	NULL,	NULL),
(67,	67,	NULL,	NULL,	711,	'Marah',	'Cohen',	NULL,	'jufadejiv@mailinator.com',	'642',	NULL,	NULL),
(68,	68,	NULL,	NULL,	185,	'Fredericka',	'Burton',	NULL,	'mekam@mailinator.com',	'674',	NULL,	NULL),
(69,	69,	NULL,	NULL,	185,	'Fredericka',	'Burton',	NULL,	'mekam@mailinator.com',	'674',	NULL,	NULL),
(70,	70,	NULL,	NULL,	866,	'Brielle',	'Beach',	NULL,	'pixyn@mailinator.com',	'78',	NULL,	NULL),
(71,	71,	NULL,	NULL,	102,	'Nolan',	'Humphrey',	NULL,	'toruty@mailinator.com',	'377',	NULL,	NULL),
(72,	72,	NULL,	NULL,	341,	'Signe',	'Brown',	NULL,	'fanav@mailinator.com',	'891',	NULL,	NULL),
(73,	73,	NULL,	NULL,	385,	'Zahir',	'Pruitt',	NULL,	'silowowuh@mailinator.com',	'800',	NULL,	NULL),
(74,	74,	NULL,	NULL,	385,	'Zahir',	'Pruitt',	NULL,	'silowowuh@mailinator.com',	'800',	NULL,	NULL),
(75,	75,	NULL,	NULL,	796,	'Colleen',	'Alston',	NULL,	'cudapym@mailinator.com',	'801',	NULL,	NULL),
(76,	76,	NULL,	NULL,	796,	'Colleen',	'Alston',	NULL,	'cudapym@mailinator.com',	'801',	NULL,	NULL),
(77,	77,	NULL,	NULL,	576,	'Carissa',	'Bradford',	NULL,	'hosyso@mailinator.com',	'450',	NULL,	NULL),
(78,	78,	NULL,	NULL,	261,	'Fulton',	'Franco',	NULL,	'sosesiwula@mailinator.com',	'547',	NULL,	NULL),
(79,	79,	NULL,	NULL,	822,	'Joshua',	'Brooks',	NULL,	'rafuqenet@mailinator.com',	'724',	NULL,	NULL),
(80,	80,	NULL,	NULL,	543,	'Nathan',	'Hunt',	NULL,	'luzulem@mailinator.com',	'629',	NULL,	NULL),
(81,	81,	NULL,	NULL,	870,	'Lewis',	'Lucas',	NULL,	'nuhoqutoj@mailinator.com',	'386',	NULL,	NULL),
(82,	82,	NULL,	NULL,	167,	'Adrian',	'Jennings',	NULL,	'rajacah@mailinator.com',	'405',	NULL,	NULL),
(83,	83,	NULL,	NULL,	452,	'Finn',	'Gomez',	NULL,	'weja@mailinator.com',	'188',	NULL,	NULL),
(84,	84,	NULL,	NULL,	517,	'Karly',	'Byers',	NULL,	'kileja@mailinator.com',	'499',	NULL,	NULL),
(85,	85,	NULL,	NULL,	830,	'Kiayada',	'Boyle',	NULL,	'zydumy@mailinator.com',	'457',	NULL,	NULL),
(86,	86,	NULL,	NULL,	506,	'Preston',	'Burnett',	NULL,	'qovefuty@mailinator.com',	'789',	NULL,	NULL),
(87,	87,	NULL,	NULL,	74,	'Price',	'Hull',	NULL,	'xywidemoky@mailinator.com',	'589',	NULL,	NULL),
(88,	88,	NULL,	NULL,	738,	'Kelly',	'Ratliff',	NULL,	'gimaza@mailinator.com',	'962',	NULL,	NULL),
(89,	89,	NULL,	NULL,	738,	'Kelly',	'Ratliff',	NULL,	'gimaza@mailinator.com',	'962',	NULL,	NULL),
(90,	90,	NULL,	NULL,	465,	'Uriah',	'Wilkins',	NULL,	'coholucyma@mailinator.com',	'2',	NULL,	NULL),
(91,	91,	NULL,	NULL,	830,	'Katell',	'Willis',	NULL,	'bekomy@mailinator.com',	'173',	NULL,	NULL),
(92,	92,	NULL,	NULL,	25,	'Lareina',	'Strickland',	NULL,	'tyfa@mailinator.com',	'725',	NULL,	NULL),
(93,	93,	NULL,	NULL,	555,	'Ferris',	'Hendrix',	NULL,	'diriqizuby@mailinator.com',	'107',	NULL,	NULL),
(94,	98,	NULL,	NULL,	107,	'Hedda',	'Holder',	NULL,	'jydewa@mailinator.com',	'536',	'a',	NULL),
(95,	99,	NULL,	NULL,	506,	'Rhona',	'Holloway',	NULL,	'zisy@mailinator.com',	'554',	'b',	NULL),
(96,	100,	NULL,	NULL,	843,	'Jaden',	'Holcomb',	NULL,	'pixu@mailinator.com',	'927',	'a',	NULL),
(97,	101,	NULL,	NULL,	743,	'Moana',	'Trujillo',	NULL,	'muloha@mailinator.com',	'241',	NULL,	NULL),
(98,	102,	NULL,	NULL,	534,	'Sage',	'Little',	NULL,	'lihasocydy@mailinator.com',	'746',	NULL,	NULL),
(99,	103,	NULL,	NULL,	444,	'Ella',	'Tran',	NULL,	'xalonefy@mailinator.com',	'360',	NULL,	NULL),
(100,	104,	NULL,	NULL,	406,	'Courtney',	'Whitney',	NULL,	'byro@mailinator.com',	'764',	NULL,	NULL),
(101,	105,	NULL,	NULL,	373,	'Fleur',	'Steele',	NULL,	'dodudyse@mailinator.com',	'709',	NULL,	NULL),
(102,	106,	NULL,	NULL,	899,	'Keiko',	'Alvarado',	NULL,	'zuwywex@mailinator.com',	'241',	NULL,	NULL),
(103,	107,	NULL,	NULL,	408,	'Rosalyn',	'Mclean',	NULL,	'tydedyqadu@mailinator.com',	'252',	NULL,	NULL),
(104,	108,	NULL,	NULL,	418,	'Chelsea',	'Evans',	NULL,	'qymywyre@mailinator.com',	'986',	NULL,	NULL);

DROP TABLE IF EXISTS `medical_leads`;
CREATE TABLE `medical_leads` (
  `id` bigint unsigned NOT NULL AUTO_INCREMENT,
  `uuid` char(36) CHARACTER SET utf8mb4 COLLATE utf8mb4_unicode_ci NOT NULL,
  `is_convert` int unsigned DEFAULT NULL,
  `is_deleted` tinyint(1) NOT NULL DEFAULT '0',
  `created_at` timestamp NULL DEFAULT NULL,
  `updated_at` timestamp NULL DEFAULT NULL,
  PRIMARY KEY (`id`)
) ENGINE=InnoDB DEFAULT CHARSET=utf8mb4 COLLATE=utf8mb4_unicode_ci;

INSERT INTO `medical_leads` (`id`, `uuid`, `is_convert`, `is_deleted`, `created_at`, `updated_at`) VALUES
(37,	'42ea94f2-ed0d-443d-9c6a-551920a7e2fc',	NULL,	1,	'2023-06-16 04:32:26',	'2023-06-17 03:07:59'),
(38,	'1dbdef44-1882-4de1-96d7-513042093e4c',	NULL,	1,	'2023-06-16 04:42:02',	'2023-06-30 04:51:46'),
(39,	'320a7c83-7a50-4962-a6cb-bf4f6e25a78e',	NULL,	1,	'2023-06-16 04:50:22',	'2023-06-30 04:51:44'),
(40,	'f714f024-084a-4e71-aeee-524b1027187f',	NULL,	1,	'2023-06-16 04:52:40',	'2023-06-30 04:51:43'),
(41,	'4a0cc650-78eb-4bda-80dc-2742aa6ed2b8',	NULL,	1,	'2023-06-17 03:11:39',	'2023-06-17 03:12:01'),
(42,	'c9e14a76-ce83-446e-a2de-04559b372146',	NULL,	1,	'2023-06-19 05:44:55',	'2023-06-30 04:51:41'),
(43,	'bd6d8b66-3409-4875-9a57-4262f4762a04',	NULL,	1,	'2023-06-19 05:45:36',	'2023-06-30 04:51:38'),
(44,	'90db6800-06b4-477a-8bc3-f5ed7cd3dc64',	NULL,	0,	'2023-06-19 08:18:32',	'2023-06-19 08:18:32'),
(45,	'ee6d42e4-b844-470f-9170-9843db5cbd3c',	NULL,	0,	'2023-06-19 23:44:12',	'2023-06-19 23:44:12'),
(46,	'22d86f3f-4e3e-4c7d-86d9-53900564314c',	NULL,	1,	'2023-06-28 04:55:06',	'2023-06-30 05:37:54'),
(47,	'17cb16cb-6ca3-40d5-b769-29d8b7da0a71',	NULL,	0,	'2023-06-30 04:52:41',	'2023-06-30 04:52:41'),
(48,	'01e71f9c-bfde-40e8-ac1a-83e2842e8700',	NULL,	0,	'2023-06-30 04:52:50',	'2023-06-30 04:52:50'),
(49,	'71b85092-3dd3-47e6-ad65-eafb71865600',	NULL,	1,	'2023-06-30 04:53:44',	'2023-06-30 04:59:23'),
(50,	'e4e15a8a-cb3a-436c-8595-8a94b6fdea7c',	NULL,	1,	'2023-06-30 04:53:45',	'2023-06-30 04:59:21'),
(51,	'e46fa0f3-155e-4adb-bc36-7a2d99b87ed4',	NULL,	1,	'2023-06-30 04:53:45',	'2023-06-30 04:59:20'),
(52,	'f80c9049-e093-4e2a-85e8-2affd9fc588e',	NULL,	1,	'2023-06-30 04:53:51',	'2023-06-30 04:59:19'),
(53,	'6859cf8b-e5f9-486b-99da-46c4f80f8a8c',	NULL,	0,	'2023-06-30 04:58:23',	'2023-06-30 04:58:23'),
(54,	'1beb5c69-7db8-4446-9546-f58c5a20ad9b',	NULL,	1,	'2023-06-30 04:58:56',	'2023-06-30 04:59:17'),
(55,	'5d33c831-3ac5-41c9-8491-75dd3977ca50',	NULL,	1,	'2023-06-30 04:58:57',	'2023-06-30 04:59:16'),
(56,	'0339624d-a651-46a2-b4a9-62ce11af5a24',	NULL,	1,	'2023-06-30 04:58:57',	'2023-06-30 04:59:15'),
(57,	'fdba6156-209e-4076-943c-42234a96e1e5',	NULL,	0,	'2023-06-30 04:59:02',	'2023-06-30 04:59:02'),
(58,	'084fc342-40f5-40a7-8477-d25e3bc116fb',	NULL,	1,	'2023-06-30 06:08:15',	'2023-06-30 06:18:17'),
(59,	'6eb5520b-8311-4756-ba6f-2b5b73465f2f',	NULL,	0,	'2023-06-30 06:08:20',	'2023-06-30 06:08:20'),
(60,	'90406076-8f48-4dbf-ad6b-5d02687cdf40',	NULL,	1,	'2023-06-30 06:08:32',	'2023-06-30 06:10:11'),
(61,	'136ad6a9-4464-407b-bdd0-86b978d50e56',	NULL,	0,	'2023-06-30 06:09:03',	'2023-06-30 06:09:03'),
(62,	'd237dacc-40b5-406a-9407-1500e572c657',	NULL,	0,	'2023-06-30 06:18:23',	'2023-06-30 06:18:23'),
(63,	'07a510a0-8613-4047-a1ec-e49854a29f47',	NULL,	0,	'2023-06-30 06:19:30',	'2023-06-30 06:19:30'),
(64,	'e562417e-d48c-4c27-ab0d-ce647398c6f4',	NULL,	1,	'2023-06-30 06:19:36',	'2023-06-30 06:19:45'),
(65,	'50e08e52-1d3f-4fea-89e0-30bad7ff49c3',	NULL,	1,	'2023-06-30 06:20:54',	'2023-06-30 06:21:16'),
(66,	'30458970-0eb0-47f5-bb12-24959ff4f324',	NULL,	1,	'2023-06-30 06:21:29',	'2023-06-30 06:23:19'),
(67,	'b36b2f57-f7ae-4ece-a0fc-431613190539',	NULL,	1,	'2023-06-30 06:21:52',	'2023-06-30 06:23:17'),
(68,	'cfa6fbe9-8f13-4c18-88ca-ad714d8c5cce',	NULL,	1,	'2023-06-30 06:22:36',	'2023-06-30 06:23:16'),
(69,	'e14cdfc6-d71b-4a37-8f36-72eaf1622de9',	NULL,	0,	'2023-06-30 06:23:09',	'2023-06-30 06:23:09'),
(70,	'4ee1badb-28e7-4fd2-a5ea-f3a55ce1c1b0',	NULL,	0,	'2023-06-30 06:28:27',	'2023-06-30 06:28:27'),
(71,	'ca5f5f84-44c7-4276-a02e-48e167bf9391',	NULL,	1,	'2023-06-30 06:30:33',	'2023-06-30 06:32:34'),
(72,	'43fe2936-4242-4dac-9d9e-ae3dd845e727',	NULL,	1,	'2023-06-30 06:30:42',	'2023-06-30 06:32:31'),
(73,	'85a26fe4-8298-4c36-8b33-94862e93d0e6',	NULL,	1,	'2023-06-30 06:32:45',	'2023-06-30 06:33:03'),
(74,	'd3c92bd9-8723-42aa-838e-a83e026c9570',	NULL,	0,	'2023-06-30 06:32:57',	'2023-06-30 06:32:57'),
(75,	'f90fc1ad-bd6b-4508-8466-3c542f410780',	NULL,	1,	'2023-06-30 06:53:06',	'2023-06-30 06:53:50'),
(76,	'8bf699eb-8dad-4ecf-bf20-c7d760523aa6',	NULL,	1,	'2023-06-30 06:53:08',	'2023-06-30 06:53:48'),
(77,	'c6893e26-7d2e-4cd3-90b7-76c1629012be',	NULL,	0,	'2023-06-30 06:54:18',	'2023-06-30 06:54:18'),
(78,	'80aeb3ed-7f06-49e6-be9c-e92af236d9bf',	NULL,	0,	'2023-06-30 06:55:03',	'2023-06-30 06:55:03'),
(79,	'79f48bc3-b2a7-4842-a9ce-6cc67705e937',	NULL,	0,	'2023-06-30 06:55:27',	'2023-06-30 06:55:27'),
(80,	'6988dbef-a498-4aed-bdc5-5f4ffad74a3e',	NULL,	0,	'2023-06-30 07:02:23',	'2023-06-30 07:02:23'),
(81,	'bd017ee1-965f-4d9f-b19d-7762c6b64714',	NULL,	1,	'2023-06-30 07:03:17',	'2023-07-02 23:40:06'),
(82,	'9b963d13-4ab2-49b3-813a-b4a9a76a6720',	NULL,	1,	'2023-06-30 07:08:35',	'2023-07-02 23:40:02'),
(83,	'4622e454-0605-496b-a0a1-2405c2529d0f',	NULL,	1,	'2023-06-30 07:10:45',	'2023-07-02 23:39:59'),
(84,	'26cae6bc-817f-4550-87e9-00259ec5f6f4',	NULL,	1,	'2023-06-30 07:12:04',	'2023-07-02 23:39:44'),
(85,	'dc2916c2-8f66-400b-8e6f-589f04399493',	NULL,	0,	'2023-06-30 07:13:09',	'2023-06-30 07:13:09'),
(86,	'b4e65ce8-5ad8-46f0-bdd8-4d119622ecc6',	NULL,	1,	'2023-06-30 07:26:30',	'2023-07-02 23:39:56'),
(87,	'862a317c-a82f-4847-bd1a-ef680f492195',	NULL,	0,	'2023-06-30 07:26:39',	'2023-06-30 07:26:39'),
(88,	'425dc600-e2cd-4193-b098-9c492d55ba4f',	NULL,	0,	'2023-07-03 00:11:26',	'2023-07-03 00:11:26'),
(89,	'35502c74-b7ac-4b1e-b8d2-d34369a30e37',	NULL,	0,	'2023-07-03 00:11:31',	'2023-07-03 00:11:31'),
(90,	'f23e88e9-7ac2-4687-8740-b9a93ee5cf9d',	NULL,	0,	'2023-07-03 00:12:02',	'2023-07-03 00:12:02'),
(91,	'c85b1efc-ca05-4d71-a68e-0408a2042f96',	NULL,	0,	'2023-07-03 00:14:01',	'2023-07-03 00:14:01'),
(92,	'f373dfa2-c960-43cf-ad3e-5610794ac36c',	NULL,	0,	'2023-07-03 01:38:51',	'2023-07-03 01:38:51'),
(93,	'041b7bd6-8edf-4ea8-b3f5-c00e777356dd',	NULL,	0,	'2023-07-03 01:41:02',	'2023-07-03 01:41:02'),
(94,	'77f95acf-1e10-4578-a55f-e3286934a514',	NULL,	0,	'2023-07-03 04:31:50',	'2023-07-03 04:31:50'),
(95,	'2faee2ac-59ff-4398-a8de-d025d3c3be5c',	NULL,	0,	'2023-07-03 04:34:03',	'2023-07-03 04:34:03'),
(96,	'edbbb6db-ecf6-4308-a5be-e5fe849d857c',	NULL,	0,	'2023-07-03 04:34:08',	'2023-07-03 04:34:08'),
(97,	'c03860da-7653-4f97-bd7a-64bb881c0ef7',	NULL,	0,	'2023-07-03 04:35:08',	'2023-07-03 04:35:08'),
(98,	'de47b60a-8d05-4488-b0d9-703f20a4f836',	NULL,	0,	'2023-07-03 04:35:49',	'2023-07-03 04:35:49'),
(99,	'70545bb3-3ff8-43b1-a796-c5e736d6f9dd',	NULL,	0,	'2023-07-03 04:47:42',	'2023-07-03 04:47:42'),
(100,	'5567ad47-d770-4c9f-ac5d-70178f8dda14',	NULL,	1,	'2023-07-03 04:48:28',	'2023-07-11 08:14:34'),
(101,	'2fc262bf-b38f-4714-ab32-d95d476f8d2a',	NULL,	0,	'2023-07-03 05:17:29',	'2023-07-03 05:17:29'),
(102,	'9a970bd5-29a7-4a6c-9ada-cd9508905aea',	NULL,	0,	'2023-07-03 05:23:39',	'2023-07-03 05:23:39'),
(103,	'8273fc2f-d7b6-4b96-a253-156198cd3fce',	NULL,	0,	'2023-07-03 05:29:23',	'2023-07-03 05:29:23'),
(104,	'd693bbb0-2f21-4919-b512-262c507b1f61',	NULL,	0,	'2023-07-03 06:40:51',	'2023-07-03 06:40:51'),
(105,	'1fdaa4dd-ac73-493f-97c2-7286778bdecd',	NULL,	0,	'2023-07-04 00:49:36',	'2023-07-04 00:49:36'),
(106,	'479a4884-f899-40ba-a875-58d747deea8b',	NULL,	0,	'2023-07-04 00:54:24',	'2023-07-04 00:54:24'),
(107,	'52b986cb-d615-4ae7-ad79-7cad2c46001d',	NULL,	0,	'2023-07-04 01:09:27',	'2023-07-04 01:09:27'),
(108,	'6b6a0677-fe69-4e60-9672-dee5936618ba',	NULL,	0,	'2023-07-04 03:29:49',	'2023-07-04 03:29:49');

DROP TABLE IF EXISTS `medical_migrations`;
CREATE TABLE `medical_migrations` (
  `id` int unsigned NOT NULL AUTO_INCREMENT,
  `migration` varchar(255) CHARACTER SET utf8mb4 COLLATE utf8mb4_unicode_ci NOT NULL,
  `batch` int NOT NULL,
  PRIMARY KEY (`id`)
) ENGINE=InnoDB DEFAULT CHARSET=utf8mb4 COLLATE=utf8mb4_unicode_ci;

INSERT INTO `medical_migrations` (`id`, `migration`, `batch`) VALUES
(1,	'2014_10_12_000000_create_users_table',	1),
(2,	'2014_10_12_100000_create_password_resets_table',	1),
(3,	'2016_06_01_000001_create_oauth_auth_codes_table',	1),
(4,	'2016_06_01_000002_create_oauth_access_tokens_table',	1),
(5,	'2016_06_01_000003_create_oauth_refresh_tokens_table',	1),
(6,	'2016_06_01_000004_create_oauth_clients_table',	1),
(7,	'2016_06_01_000005_create_oauth_personal_access_clients_table',	1),
(8,	'2019_08_19_000000_create_failed_jobs_table',	1),
(9,	'2019_12_14_000001_create_personal_access_tokens_table',	1),
(10,	'2023_05_11_062809_create_roles_table',	1),
(11,	'2023_05_11_105250_create_form_object_types_table',	1),
(12,	'2023_05_11_105524_create_form_object_type_groups_table',	1),
(13,	'2023_05_11_105742_create_form_fields_table',	1),
(14,	'2023_05_18_062025_create_leads_table',	1),
(15,	'2023_05_22_070830_create_quotes_table',	1),
(16,	'2023_06_16_124727_create_employees_table',	2),
(17,	'2023_06_21_090829_create_products_table',	3),
(20,	'2023_06_27_054620_create_product_categories_table',	4),
(23,	'2023_06_27_105543_create_products_table',	5),
(24,	'2023_07_04_123353_create_orders_table',	6),
(25,	'2023_07_06_061323_create_my_products_table',	6),
(26,	'2023_07_11_083441_create_my_product_sidebars',	7),
(27,	'2023_07_11_060120_create_my_product_youtubelinks_table',	8),
(28,	'2023_07_11_065025_create_my_product_tablesequences',	9);

DROP TABLE IF EXISTS `medical_my_product_assing_features`;
CREATE TABLE `medical_my_product_assing_features` (
  `id` bigint unsigned NOT NULL AUTO_INCREMENT,
  `my_product_id` bigint unsigned NOT NULL,
  `my_feature_id` bigint unsigned NOT NULL,
  `is_deleted` tinyint(1) NOT NULL DEFAULT '0',
  `created_at` timestamp NULL DEFAULT NULL,
  `updated_at` timestamp NULL DEFAULT NULL,
  PRIMARY KEY (`id`),
  KEY `medical_my_product_assing_features_my_product_id_foreign` (`my_product_id`),
  KEY `medical_my_product_assing_features_my_feature_id_foreign` (`my_feature_id`),
  CONSTRAINT `medical_my_product_assing_features_my_feature_id_foreign` FOREIGN KEY (`my_feature_id`) REFERENCES `medical_my_product_multi_features` (`id`) ON DELETE CASCADE,
  CONSTRAINT `medical_my_product_assing_features_my_product_id_foreign` FOREIGN KEY (`my_product_id`) REFERENCES `medical_my_products` (`id`) ON DELETE CASCADE
) ENGINE=InnoDB DEFAULT CHARSET=utf8mb4 COLLATE=utf8mb4_unicode_ci;

INSERT INTO `medical_my_product_assing_features` (`id`, `my_product_id`, `my_feature_id`, `is_deleted`, `created_at`, `updated_at`) VALUES
(1,	53,	1,	0,	NULL,	NULL),
(2,	53,	2,	0,	NULL,	NULL),
(3,	53,	3,	0,	NULL,	NULL),
(4,	58,	2,	0,	NULL,	NULL),
(5,	10,	1,	0,	NULL,	NULL),
(6,	70,	2,	0,	NULL,	NULL),
(9,	80,	1,	0,	NULL,	NULL),
(10,	80,	2,	0,	NULL,	NULL),
(11,	80,	3,	0,	NULL,	NULL),
(15,	81,	1,	0,	NULL,	NULL),
(16,	82,	1,	0,	NULL,	NULL),
(17,	103,	1,	0,	NULL,	NULL),
(24,	101,	1,	0,	NULL,	NULL),
(25,	101,	2,	0,	NULL,	NULL),
(26,	101,	3,	0,	NULL,	NULL),
(27,	102,	1,	0,	NULL,	NULL),
(28,	102,	2,	0,	NULL,	NULL),
(29,	102,	3,	0,	NULL,	NULL),
(30,	100,	1,	0,	NULL,	NULL),
(31,	100,	2,	0,	NULL,	NULL),
(32,	100,	3,	0,	NULL,	NULL),
(34,	99,	1,	0,	NULL,	NULL),
(35,	99,	2,	0,	NULL,	NULL),
(36,	98,	1,	0,	NULL,	NULL),
(38,	137,	2,	0,	NULL,	NULL),
(39,	166,	1,	0,	NULL,	NULL),
(40,	166,	2,	0,	NULL,	NULL),
(41,	168,	1,	0,	NULL,	NULL),
(42,	168,	2,	0,	NULL,	NULL),
(43,	171,	2,	0,	NULL,	NULL),
(44,	171,	3,	0,	NULL,	NULL),
(45,	172,	13,	0,	NULL,	NULL),
(46,	172,	14,	0,	NULL,	NULL),
(47,	182,	5,	0,	NULL,	NULL),
(48,	182,	6,	0,	NULL,	NULL),
(49,	182,	7,	0,	NULL,	NULL),
(50,	182,	8,	0,	NULL,	NULL),
(51,	183,	1,	0,	NULL,	NULL),
(52,	183,	2,	0,	NULL,	NULL),
(53,	183,	3,	0,	NULL,	NULL),
(54,	183,	4,	0,	NULL,	NULL),
(55,	183,	5,	0,	NULL,	NULL),
(61,	188,	1,	0,	NULL,	NULL),
(62,	188,	2,	0,	NULL,	NULL),
(63,	188,	3,	0,	NULL,	NULL),
(64,	188,	4,	0,	NULL,	NULL),
(65,	188,	5,	0,	NULL,	NULL),
(66,	188,	6,	0,	NULL,	NULL),
(67,	189,	1,	0,	NULL,	NULL),
(68,	189,	2,	0,	NULL,	NULL),
(69,	189,	3,	0,	NULL,	NULL),
(70,	189,	4,	0,	NULL,	NULL),
(71,	189,	5,	0,	NULL,	NULL),
(72,	189,	6,	0,	NULL,	NULL),
(73,	189,	7,	0,	NULL,	NULL),
(74,	189,	8,	0,	NULL,	NULL),
(75,	189,	9,	0,	NULL,	NULL),
(76,	189,	10,	0,	NULL,	NULL),
(77,	189,	11,	0,	NULL,	NULL),
(78,	187,	5,	0,	NULL,	NULL),
(79,	187,	6,	0,	NULL,	NULL),
(80,	187,	7,	0,	NULL,	NULL),
(81,	187,	13,	0,	NULL,	NULL),
(82,	187,	14,	0,	NULL,	NULL),
(83,	186,	8,	0,	NULL,	NULL),
(84,	186,	9,	0,	NULL,	NULL),
(85,	186,	10,	0,	NULL,	NULL),
(86,	186,	11,	0,	NULL,	NULL),
(87,	190,	1,	0,	NULL,	NULL),
(88,	190,	2,	0,	NULL,	NULL),
(89,	191,	1,	0,	NULL,	NULL),
(90,	192,	1,	0,	NULL,	NULL),
(91,	192,	2,	0,	NULL,	NULL),
(92,	192,	6,	0,	NULL,	NULL),
(93,	192,	7,	0,	NULL,	NULL),
(94,	192,	8,	0,	NULL,	NULL),
(95,	192,	12,	0,	NULL,	NULL),
(96,	192,	13,	0,	NULL,	NULL),
(97,	192,	14,	0,	NULL,	NULL),
(98,	193,	1,	0,	NULL,	NULL),
(99,	193,	2,	0,	NULL,	NULL),
(100,	193,	3,	0,	NULL,	NULL),
(101,	193,	4,	0,	NULL,	NULL),
(102,	194,	1,	0,	NULL,	NULL),
(103,	194,	7,	0,	NULL,	NULL),
(104,	194,	8,	0,	NULL,	NULL),
(105,	194,	9,	0,	NULL,	NULL),
(106,	194,	10,	0,	NULL,	NULL),
(107,	194,	13,	0,	NULL,	NULL),
(108,	207,	1,	0,	NULL,	NULL),
(109,	207,	2,	0,	NULL,	NULL),
(110,	207,	13,	0,	NULL,	NULL),
(111,	207,	14,	0,	NULL,	NULL),
(116,	208,	1,	0,	NULL,	NULL),
(117,	208,	6,	0,	NULL,	NULL),
(118,	208,	7,	0,	NULL,	NULL),
(119,	208,	8,	0,	NULL,	NULL),
(120,	208,	9,	0,	NULL,	NULL),
(121,	208,	14,	0,	NULL,	NULL),
(122,	210,	1,	0,	NULL,	NULL),
(123,	210,	2,	0,	NULL,	NULL),
(124,	210,	5,	0,	NULL,	NULL),
(125,	210,	6,	0,	NULL,	NULL),
(126,	210,	11,	0,	NULL,	NULL),
(127,	210,	12,	0,	NULL,	NULL),
(252,	211,	1,	0,	NULL,	NULL),
(253,	211,	2,	0,	NULL,	NULL),
(254,	211,	3,	0,	NULL,	NULL),
(255,	211,	4,	0,	NULL,	NULL),
(256,	211,	5,	0,	NULL,	NULL),
(257,	211,	6,	0,	NULL,	NULL),
(258,	211,	7,	0,	NULL,	NULL),
(259,	211,	8,	0,	NULL,	NULL),
(260,	211,	37,	0,	NULL,	NULL),
(263,	225,	10,	0,	NULL,	NULL),
(264,	225,	11,	0,	NULL,	NULL),
(265,	227,	1,	0,	NULL,	NULL),
(266,	227,	2,	0,	NULL,	NULL),
(267,	227,	3,	0,	NULL,	NULL),
(268,	227,	4,	0,	NULL,	NULL),
(269,	227,	37,	0,	NULL,	NULL),
(270,	222,	43,	0,	NULL,	NULL),
(271,	222,	44,	0,	NULL,	NULL),
(272,	233,	1,	0,	NULL,	NULL),
(273,	233,	2,	0,	NULL,	NULL),
(274,	249,	5,	0,	NULL,	NULL);

DROP TABLE IF EXISTS `medical_my_product_faqs`;
CREATE TABLE `medical_my_product_faqs` (
  `id` bigint unsigned NOT NULL AUTO_INCREMENT,
  `my_product_id` bigint unsigned NOT NULL,
  `title` varchar(255) CHARACTER SET utf8mb4 COLLATE utf8mb4_unicode_ci NOT NULL,
  `description` longtext CHARACTER SET utf8mb4 COLLATE utf8mb4_unicode_ci NOT NULL,
  `order_by` varchar(255) CHARACTER SET utf8mb4 COLLATE utf8mb4_unicode_ci DEFAULT NULL,
  `is_deleted` tinyint(1) NOT NULL DEFAULT '0',
  `created_at` timestamp NULL DEFAULT NULL,
  `updated_at` timestamp NULL DEFAULT NULL,
  PRIMARY KEY (`id`),
  KEY `medical_my_product_faqs_my_product_id_foreign` (`my_product_id`),
  CONSTRAINT `medical_my_product_faqs_my_product_id_foreign` FOREIGN KEY (`my_product_id`) REFERENCES `medical_my_products` (`id`) ON DELETE CASCADE
) ENGINE=InnoDB DEFAULT CHARSET=utf8mb4 COLLATE=utf8mb4_unicode_ci;

INSERT INTO `medical_my_product_faqs` (`id`, `my_product_id`, `title`, `description`, `order_by`, `is_deleted`, `created_at`, `updated_at`) VALUES
(1,	40,	'Tempore corrupti c',	'Rerum aperiam proide',	NULL,	0,	NULL,	NULL),
(2,	10,	'Fugiat lorem Nam ne',	'Velit qui nesciunt',	NULL,	0,	NULL,	NULL),
(3,	6,	'Quod eius necessitat',	'Autem saepe sit eli',	NULL,	0,	NULL,	NULL),
(4,	5,	'Ad deserunt elit es',	'Odio est non atque e',	NULL,	0,	NULL,	NULL),
(5,	5,	'Veniam nihil cupidi',	'Et praesentium sunt',	NULL,	0,	NULL,	NULL),
(6,	6,	'Eaque et unde ullam',	'Sequi dolore aliquip',	NULL,	0,	NULL,	NULL),
(7,	6,	'Elit magnam at inve',	'Perspiciatis tenetu',	NULL,	0,	NULL,	NULL),
(8,	74,	'sss',	'ssss',	NULL,	0,	NULL,	NULL),
(9,	74,	'dddd',	'ddd',	NULL,	0,	NULL,	NULL),
(10,	77,	'Incidunt facere ita',	'Tenetur aut fugiat',	NULL,	0,	NULL,	NULL),
(11,	77,	'Dolore maiores ipsam',	'Veniam ea elit del',	NULL,	0,	NULL,	NULL),
(12,	77,	'Voluptatem doloremq',	'Exercitation eu vel',	NULL,	0,	NULL,	NULL),
(13,	77,	'Aliquid omnis amet',	'Dolor amet ut velit',	NULL,	0,	NULL,	NULL),
(20,	80,	'Mollit numquam expli',	'Itaque nulla volupta',	NULL,	0,	NULL,	NULL),
(21,	80,	'dsdsdd',	'dsdsdsdd',	NULL,	0,	NULL,	NULL),
(22,	103,	'd',	'dd',	NULL,	0,	NULL,	NULL),
(23,	103,	'ee',	'ff',	NULL,	0,	NULL,	NULL),
(25,	145,	'sss',	'ddd',	NULL,	0,	NULL,	NULL),
(26,	145,	'vish',	'v',	NULL,	0,	NULL,	NULL),
(35,	149,	'pratik kumar',	'vishwakrama',	NULL,	0,	NULL,	NULL),
(36,	149,	'ravi kumar',	'p',	NULL,	0,	NULL,	NULL),
(43,	151,	'Di',	'Quis',	NULL,	0,	NULL,	NULL),
(44,	151,	'p',	'd',	NULL,	0,	NULL,	NULL),
(45,	151,	'pr',	'fd',	NULL,	0,	NULL,	NULL),
(47,	152,	'pppp',	'ddd',	NULL,	0,	NULL,	NULL),
(48,	152,	'www',	'wddd',	NULL,	0,	NULL,	NULL),
(49,	166,	'sdfgh',	'fgh',	NULL,	0,	NULL,	NULL),
(50,	168,	'dddd',	'eee',	NULL,	0,	NULL,	NULL),
(51,	170,	'ddd',	'ddd',	NULL,	0,	NULL,	NULL),
(53,	172,	'Ea dolore nesciunt',	'Consequatur fugit d',	NULL,	0,	NULL,	NULL),
(54,	182,	'Tempore assumenda d',	'Possimus amet volu',	NULL,	0,	NULL,	NULL),
(55,	182,	'Molestias omnis comm',	'Enim provident et a',	NULL,	0,	NULL,	NULL),
(56,	182,	'Quae voluptates vel',	'Ab tempor ut aut at',	NULL,	0,	NULL,	NULL),
(57,	183,	'Expedita soluta accu',	'Aliquid anim beatae',	NULL,	0,	NULL,	NULL),
(58,	183,	'Ipsum sint et molli',	'Voluptas dolores nis',	NULL,	0,	NULL,	NULL),
(59,	183,	'Nihil qui deleniti d',	'Iusto consequuntur d',	NULL,	0,	NULL,	NULL),
(60,	186,	'Non labore fuga Qui',	'Deleniti voluptatum',	NULL,	0,	NULL,	NULL),
(61,	186,	'Sit dolore reprehen',	'Voluptatem voluptati',	NULL,	0,	NULL,	NULL),
(62,	186,	'Beatae culpa quis t',	'Aute culpa et dolore',	NULL,	0,	NULL,	NULL),
(63,	186,	'Numquam ad voluptas',	'Omnis velit incidid',	NULL,	0,	NULL,	NULL),
(64,	186,	'Obcaecati cupiditate',	'Dolore voluptatum ad',	NULL,	0,	NULL,	NULL),
(65,	188,	'Minus veritatis beat',	'Incidunt et sint qu',	NULL,	0,	NULL,	NULL),
(66,	188,	'Culpa consequuntur',	'Mollitia magni esse',	NULL,	0,	NULL,	NULL),
(67,	188,	'Aliquid eos veritati',	'Nemo dolore mollitia',	NULL,	0,	NULL,	NULL),
(68,	189,	'Fugit quidem labore',	'Rem accusantium ut m',	NULL,	0,	NULL,	NULL),
(69,	189,	'Quis quod esse ut au',	'Consequatur officia',	NULL,	0,	NULL,	NULL),
(70,	189,	'Placeat odio conseq',	'Pariatur Eiusmod si',	NULL,	0,	NULL,	NULL),
(71,	190,	'Magni totam sit vol',	'Et minima dolorem be',	NULL,	0,	NULL,	NULL),
(72,	190,	'Non do necessitatibu',	'Sunt fugiat sunt mi',	NULL,	0,	NULL,	NULL),
(73,	190,	'At aut sed laboriosa',	'Reiciendis recusanda',	NULL,	0,	NULL,	NULL),
(74,	192,	'Nulla modi quia offi',	'Odit commodi tempori',	NULL,	0,	NULL,	NULL),
(75,	192,	'Aut iusto minima ill',	'Magnam recusandae I',	NULL,	0,	NULL,	NULL),
(76,	192,	'Eum excepturi necess',	'Qui incidunt totam',	NULL,	0,	NULL,	NULL),
(77,	192,	'Ut nisi eligendi max',	'Aut voluptatem Expl',	NULL,	0,	NULL,	NULL),
(78,	193,	'Esse rerum nostrud',	'Sed aute voluptas qu',	NULL,	0,	NULL,	NULL),
(79,	193,	'Tenetur voluptate au',	'Cupiditate eu quos b',	NULL,	0,	NULL,	NULL),
(80,	193,	'Nostrum adipisicing',	'Ut culpa laborum qu',	NULL,	0,	NULL,	NULL),
(81,	194,	'Aliquam amet minim',	'A sunt qui eos nih',	NULL,	0,	NULL,	NULL),
(82,	194,	'Vitae occaecat sit u',	'Sed voluptas quam ad',	NULL,	0,	NULL,	NULL),
(83,	194,	'Placeat veniam omn',	'Ea harum id in veni',	NULL,	0,	NULL,	NULL),
(84,	207,	'Vero tempora odit de',	'Dolorum dolor do in',	NULL,	0,	NULL,	NULL),
(85,	207,	'Voluptatem Ipsum do',	'Sapiente soluta inci',	NULL,	0,	NULL,	NULL),
(86,	207,	'Dolor perferendis fu',	'Error reprehenderit',	NULL,	0,	NULL,	NULL),
(89,	208,	'Veritatis nobis123456789',	'Odit cupidatat volup',	NULL,	0,	NULL,	NULL),
(90,	208,	'Ut voluptas eiusmod2134567890',	'Veniam ut laudantiu23456789',	NULL,	0,	NULL,	NULL),
(91,	210,	'Test 1',	'test 1',	NULL,	0,	NULL,	NULL),
(92,	210,	'test 2',	'test 2',	NULL,	0,	NULL,	NULL),
(93,	211,	'Voluptatum corporis',	'Sint repellendus Do',	NULL,	0,	NULL,	NULL),
(94,	211,	'Maiores dolor provid',	'Ut pariatur Quidem',	NULL,	0,	NULL,	NULL),
(104,	217,	'Voluptatem ut ad co',	'Excepteur similique',	NULL,	0,	NULL,	NULL),
(105,	217,	'df',	'df',	NULL,	1,	NULL,	'2023-07-31 06:34:35'),
(106,	227,	'In dolor consequuntu',	'Ut repudiandae et ra',	NULL,	0,	NULL,	NULL),
(107,	227,	'Totam ea officiis in',	'Possimus voluptate',	NULL,	0,	NULL,	NULL),
(108,	222,	'Voluptate dolore fug',	'Enim ipsa maiores v',	NULL,	0,	NULL,	NULL),
(109,	222,	'Pariatur Et veritat',	'Occaecat ea aspernat',	NULL,	0,	NULL,	NULL),
(110,	235,	'Est quia quis deleni',	'Necessitatibus cupid',	NULL,	0,	NULL,	NULL),
(111,	235,	'Neque anim ea ut vit',	'Est ipsam pariatur',	NULL,	0,	NULL,	NULL),
(112,	249,	'ds',	'd',	NULL,	0,	NULL,	NULL),
(120,	251,	'ssss',	's',	NULL,	0,	NULL,	NULL),
(121,	251,	'sdsdsfdvc',	'ddsdsds',	NULL,	1,	NULL,	'2023-08-17 00:30:00');

DROP TABLE IF EXISTS `medical_my_product_features`;
CREATE TABLE `medical_my_product_features` (
  `id` bigint unsigned NOT NULL AUTO_INCREMENT,
  `my_product_id` bigint unsigned NOT NULL,
  `icon_path` varchar(255) CHARACTER SET utf8mb4 COLLATE utf8mb4_unicode_ci DEFAULT NULL,
  `title` varchar(255) CHARACTER SET utf8mb4 COLLATE utf8mb4_unicode_ci NOT NULL,
  `description` longtext CHARACTER SET utf8mb4 COLLATE utf8mb4_unicode_ci NOT NULL,
  `order_by` varchar(255) CHARACTER SET utf8mb4 COLLATE utf8mb4_unicode_ci DEFAULT NULL,
  `is_deleted` tinyint(1) NOT NULL DEFAULT '0',
  `created_at` timestamp NULL DEFAULT NULL,
  `updated_at` timestamp NULL DEFAULT NULL,
  PRIMARY KEY (`id`),
  KEY `medical_my_product_features_my_product_id_foreign` (`my_product_id`),
  CONSTRAINT `medical_my_product_features_my_product_id_foreign` FOREIGN KEY (`my_product_id`) REFERENCES `medical_my_products` (`id`) ON DELETE CASCADE
) ENGINE=InnoDB DEFAULT CHARSET=utf8mb4 COLLATE=utf8mb4_unicode_ci;

INSERT INTO `medical_my_product_features` (`id`, `my_product_id`, `icon_path`, `title`, `description`, `order_by`, `is_deleted`, `created_at`, `updated_at`) VALUES
(1,	48,	'product_images/64acff59cc099.png',	'Quia fuga Enim cons',	'Molestias dolores vo',	NULL,	0,	NULL,	NULL),
(2,	49,	'product_images/64acffce4e103.png',	'Qui consectetur temp',	'Sit quae dolores vel',	NULL,	0,	NULL,	NULL),
(3,	49,	'product_images/64acffce4f53b.png',	'Ut dolor molestiae e',	'Consectetur placeat',	NULL,	0,	NULL,	NULL),
(4,	49,	'product_images/64acffce508f4.png',	'Cillum culpa reicien',	'Est officia sapient',	NULL,	0,	NULL,	NULL),
(5,	50,	'product_images/64ad05007c3f5.png',	'Vitae amet ipsam au',	'Elit qui nihil ad q',	NULL,	0,	NULL,	NULL),
(6,	50,	'product_images/64ad05007d9cb.png',	'Elit facere eos do',	'Voluptatem est reici',	NULL,	0,	NULL,	NULL),
(7,	10,	'product_images/64ae36e9a5941.png',	'Veniam sit architec',	'Eveniet laborum sun',	NULL,	0,	NULL,	NULL),
(8,	10,	'product_images/64ae383786bec.png',	'Sunt alias ea deleni',	'Esse do ipsum facil',	NULL,	0,	NULL,	NULL),
(9,	80,	'product_images/64ae9b4ad83d3.png',	'Duis repudiandae eni',	'Proident officia au',	NULL,	0,	NULL,	NULL),
(10,	80,	'product_images/64ae9ba457d32.png',	'Sed labore nemo a qu',	'Perspiciatis quaera',	NULL,	0,	NULL,	NULL),
(11,	80,	'product_images/64ae9ba459697.png',	'Aliquam reprehenderi',	'Reiciendis voluptatu',	NULL,	0,	NULL,	NULL),
(12,	81,	'product_images/64aeab4a3d3ee.png',	'Mollitia esse quo ci',	'Nobis minima aliquam',	NULL,	0,	NULL,	NULL),
(13,	95,	'product_images/64afcbd2e904f.png',	'Cupidatat assumenda',	'Sint alias nobis al',	NULL,	0,	NULL,	NULL),
(14,	99,	'product_images/64afce0dac5e8.png',	'Eos veniam odit nu',	'Facilis ad molestias',	NULL,	0,	NULL,	NULL),
(15,	99,	'product_images/64afcedf36f81.png',	'Eos veniam odit nu',	'Facilis ad molestias',	NULL,	0,	NULL,	NULL),
(16,	100,	'product_images/64afd2d7dac54.png',	'ss',	'ss',	NULL,	0,	NULL,	NULL),
(17,	100,	'product_images/64afd2d7dbe75.png',	'ss',	'ss',	NULL,	0,	NULL,	NULL),
(18,	101,	'product_images/64afd5a64cedc.png',	'f',	'g',	NULL,	0,	NULL,	NULL),
(19,	102,	'product_images/64afd78abc293.png',	'Aute in voluptas nos',	'Esse commodo ex quia',	NULL,	0,	NULL,	NULL),
(20,	102,	'product_images/64afd78abd834.png',	'A quo est quae et al',	'Ad ut dignissimos ip',	NULL,	0,	NULL,	NULL),
(21,	103,	'product_images/64afe33525483.png',	'Sed adipisicing culp',	'Rerum esse cupidita',	NULL,	0,	NULL,	NULL),
(22,	103,	'product_images/64afe33526bc1.png',	'Sunt modi iusto est',	'Nisi aspernatur corp',	NULL,	0,	NULL,	NULL),
(23,	122,	'product_images/64b23d522b656.png',	'Nesciunt ipsum odi',	'Excepturi quod esse',	NULL,	0,	NULL,	NULL),
(24,	123,	'product_images/64b243ce3e903.png',	'sdy',	'rtyu',	NULL,	0,	NULL,	NULL),
(25,	124,	'product_images/64b24c9662959.png',	'f',	'y',	NULL,	0,	NULL,	NULL),
(26,	125,	'product_images/64b254c26a947.png',	'ddd',	'ddd',	NULL,	0,	NULL,	NULL),
(27,	131,	'product_images/64b267006838f.png',	'Dolores pariatur Do',	'Dolor id totam conse',	NULL,	0,	NULL,	NULL),
(28,	132,	'product_images/64b26b1e1200c.png',	'Quia ad voluptatem',	'Quasi laboris esse',	NULL,	0,	NULL,	NULL),
(29,	135,	'product_images/64b4e4e362c00.png',	'Eaque culpa consequa',	'Inventore consectetu',	NULL,	0,	NULL,	NULL),
(30,	136,	'product_images/64b4e5088bc9a.png',	'Sint vel voluptatem',	'Sed proident recusa',	NULL,	0,	NULL,	NULL),
(31,	136,	'product_images/64b4e5088d244.png',	'Atque aliquid animi',	'Ullam tempora eligen',	NULL,	0,	NULL,	NULL),
(32,	137,	'product_images/64b4e53730f32.png',	'Aut sit dignissimos',	'Eos est consequat C',	NULL,	0,	NULL,	NULL),
(33,	137,	'product_images/64b4e53732398.png',	'Esse modi officiis',	'Temporibus ex quis d',	NULL,	0,	NULL,	NULL),
(34,	137,	'product_images/64b4e537334aa.png',	'Ut fugiat porro ab',	'Nulla magni similiqu',	NULL,	0,	NULL,	NULL),
(35,	141,	'product_images/64b50655824ea.png',	'Dolor doloremque et',	'Sit odio pariatur',	NULL,	0,	NULL,	NULL),
(36,	145,	'product_images/64b50804a3fce.png',	'Beatae ratione vel d',	'Culpa aliquip aliqu',	NULL,	0,	NULL,	NULL),
(37,	149,	NULL,	'Inventore repellendu',	'Molestiae labore et',	NULL,	0,	NULL,	'2023-07-17 05:15:41'),
(38,	149,	'product_images/64b517d459883.png',	'Inventore repellendu',	'Molestiae labore et',	NULL,	0,	NULL,	NULL),
(39,	149,	'product_images/64b517d45acd1.png',	'sdd',	'dd',	NULL,	0,	NULL,	NULL),
(40,	151,	'product_images/64b524ac0d994.png',	'Similiqsss',	'Distinctio Sint do',	NULL,	0,	NULL,	NULL),
(41,	151,	'product_images/64b525b725b4f.png',	'ss',	'dd',	NULL,	0,	NULL,	NULL),
(42,	151,	'product_images/64b525d50b844.png',	'praitkm',	'ccccc',	NULL,	0,	NULL,	NULL),
(43,	150,	'product_images/64b5417f26459.png',	'Voluptatem Consecte',	'Aute vel in fugiat',	NULL,	0,	NULL,	NULL),
(44,	152,	'product_images/64b541895f85c.png',	'Com',	'Enim est ullata',	NULL,	0,	NULL,	NULL),
(45,	152,	'product_images/64b5419c198b6.png',	'sss',	'www',	NULL,	0,	NULL,	NULL),
(46,	155,	'product_images/64b61a04d8c18.png',	'Provident accusamus',	'Aute sunt quos et p',	NULL,	0,	NULL,	NULL),
(47,	157,	'product_images/64b61df051ed6.png',	'Odio qui eum rerum n',	'Sequi eos sint qui',	NULL,	0,	NULL,	NULL),
(48,	164,	'product_images/64b6676e0e7ed.png',	'Mollitia nulla quaer',	'In optio sed invent',	NULL,	0,	NULL,	NULL),
(49,	164,	'product_images/64b67025103ca.png',	'dd',	'dd',	NULL,	0,	NULL,	NULL),
(50,	164,	'product_images/64b676b153060.png',	'sss',	'ss',	NULL,	0,	NULL,	NULL),
(51,	166,	'product_images/64b6e5e0bbe27.png',	'hhh',	'n',	NULL,	0,	NULL,	NULL),
(52,	168,	'product_images/64b6e93086490.png',	'sdfb',	'sd',	NULL,	0,	NULL,	NULL),
(53,	168,	'product_images/64b7a46198625.png',	'ss',	'dd',	NULL,	0,	NULL,	NULL),
(54,	170,	'product_images/64b7cdfdd35e2.png',	'sss',	'ddd',	NULL,	0,	NULL,	NULL),
(55,	171,	'product_images/64b7e99ad11be.png',	'ddd',	'dd',	NULL,	0,	NULL,	NULL),
(56,	172,	'product_images/64b8c33062239.png',	'Corporis blanditiis',	'Officia quidem moles',	NULL,	0,	NULL,	NULL),
(57,	174,	'product_images/64b8e139c1e11.png',	'tab',	'normal',	NULL,	0,	NULL,	NULL),
(58,	175,	'product_images/64b8e1b231aaf.png',	'qw1',	'qw',	NULL,	0,	NULL,	NULL),
(59,	176,	'product_images/64b90d4b68c29.png',	'Est optio nemo culp',	'Nulla temporibus iur',	NULL,	0,	NULL,	NULL),
(60,	182,	'product_images/64ba1c7c25780.png',	'Qui eiusmod sed fugi',	'Nam corporis ducimus',	NULL,	0,	NULL,	NULL),
(61,	182,	'product_images/64ba1c7c26c18.png',	'Proident explicabo',	'Aspernatur et et eaq',	NULL,	0,	NULL,	NULL),
(62,	183,	'product_images/64ba58c6b9381.png',	'Eius dolorum vero vo',	'Nisi expedita dolore',	NULL,	0,	NULL,	NULL),
(63,	183,	'product_images/64ba58c6ba65b.png',	'Aut ex doloribus qua',	'Recusandae Deleniti',	NULL,	0,	NULL,	NULL),
(64,	183,	'product_images/64ba58c6bba3a.png',	'Magna nemo possimus',	'Doloremque sit volu',	NULL,	0,	NULL,	NULL),
(65,	184,	'product_images/64ba5b2656e9f.png',	'Consequatur ut dele',	'Omnis laboris ut rat',	NULL,	0,	NULL,	NULL),
(66,	184,	'product_images/64ba5b2658211.png',	'Cillum maiores volup',	'Excepturi ut tempori',	NULL,	0,	NULL,	NULL),
(67,	184,	'product_images/64ba5b26591e9.png',	'Adipisci aut nulla v',	'Autem sint ea ullam',	NULL,	0,	NULL,	NULL),
(68,	186,	'product_images/64ba7175ec7ff.png',	'Velit optio incidun',	'Facere cillum ipsum',	NULL,	0,	NULL,	NULL),
(69,	186,	'product_images/64ba7175edb97.png',	'Corrupti laboris et',	'Ratione totam velit',	NULL,	0,	NULL,	NULL),
(70,	186,	'product_images/64ba7175eec3d.png',	'Corrupti similique',	'Adipisicing sint si',	NULL,	0,	NULL,	NULL),
(71,	188,	'product_images/64ba7fb9ce956.png',	'qw',	'asa',	NULL,	0,	NULL,	NULL),
(72,	189,	'product_images/64be5c0e5d79c.png',	'Est quo cumque odit',	'Alias consequatur A',	NULL,	0,	NULL,	NULL),
(73,	189,	'product_images/64be5c0e5ee72.png',	'Ab qui voluptas nisi',	'Tempore similique e',	NULL,	0,	NULL,	NULL),
(74,	190,	'product_images/64be6f167686a.png',	'Dicta nisi adipisci',	'Voluptas aut nisi ve',	NULL,	0,	NULL,	NULL),
(75,	191,	'product_images/64bff58c8f9ba.png',	'gffggfgf',	'hg',	NULL,	0,	NULL,	NULL),
(76,	192,	'product_images/64c0fbf0df221.png',	'Dolores quaerat reru',	'At voluptas cum corp',	NULL,	0,	NULL,	NULL),
(77,	192,	'product_images/64c0fbf0e0776.png',	'Molestias deserunt d',	'Sit voluptatum inci',	NULL,	0,	NULL,	NULL),
(78,	192,	'product_images/64c0fbf0e1c02.png',	'Minima aut maxime qu',	'Id voluptates volupt',	NULL,	0,	NULL,	NULL),
(79,	193,	'product_images/64c119b697c90.png',	'Est ex doloribus qui',	'Numquam ducimus eve',	NULL,	0,	NULL,	NULL),
(80,	193,	'product_images/64c119b699296.png',	'Esse sed rerum quo',	'Consequatur quia con',	NULL,	0,	NULL,	NULL),
(81,	193,	'product_images/64c119b69a6b4.png',	'Aliquid quia et volu',	'Dolor dolor qui amet',	NULL,	0,	NULL,	NULL),
(82,	194,	'product_images/64c34b727e526.png',	'Proper Fitting',	'greeb',	NULL,	0,	NULL,	NULL),
(83,	194,	'product_images/64c34b727f977.png',	'stylish watch',	'amazing',	NULL,	0,	NULL,	NULL),
(84,	194,	'product_images/64c3533547e93.png',	'eee',	'eee',	NULL,	0,	NULL,	NULL),
(85,	203,	'product_images/64c364b821b5c.png',	'Id magnam dolor vol',	'Dolor laborum Adipi',	NULL,	0,	NULL,	NULL),
(86,	203,	'product_images/64c364d77fece.png',	's',	'd',	NULL,	0,	NULL,	NULL),
(87,	203,	'product_images/64c364e908757.png',	'f',	'f',	NULL,	0,	NULL,	NULL),
(88,	207,	'product_images/64c39b4b2117c.png',	'Id debitis soluta c',	'Quos adipisicing dol',	NULL,	0,	NULL,	NULL),
(89,	207,	'product_images/64c39b4b22cb6.png',	'In reprehenderit re',	'Qui qui molestiae ex',	NULL,	0,	NULL,	NULL),
(90,	208,	'product_images/64c39c8ee8d71.png',	'Exercit1233',	'Dicta rerum minima a',	NULL,	0,	NULL,	NULL),
(91,	208,	'product_images/64c39c8eea23b.png',	'Inventore enim sed a344',	'Rem occaecat corrupt',	NULL,	0,	NULL,	NULL),
(92,	208,	'product_images/64c3a237a1422.png',	'erty',	'dsfghj',	NULL,	0,	NULL,	NULL),
(93,	210,	'product_images/64c3a6e019a6d.png',	'abc',	'wery',	NULL,	0,	NULL,	NULL),
(94,	210,	'product_images/64c3a6e01acf4.png',	'rtuhg',	'bgfrt',	NULL,	0,	NULL,	NULL),
(95,	211,	'product_images/64c3b20d5dc60.jpeg',	'test1',	'amazing',	NULL,	0,	NULL,	NULL),
(96,	212,	'product_images/64c756e275241.png',	'Eos inventore amet',	'Veritatis mollit con',	NULL,	0,	NULL,	NULL),
(97,	213,	'product_images/64c757849820e.png',	'Incididunt quod volu',	'Laboriosam quae dol',	NULL,	0,	NULL,	NULL),
(98,	213,	'product_images/64c75bfe0a2f0.png',	'wdf',	'wef',	NULL,	0,	NULL,	NULL),
(99,	216,	'product_images/64c75dac7965a.png',	'Ipsum quidem aliqua',	'Ab aut dolor volupta',	NULL,	0,	NULL,	NULL),
(100,	216,	'product_images/64c75dac7a9e0.png',	'Nobis lorem lorem in',	'Necessitatibus assum',	NULL,	0,	NULL,	NULL),
(101,	217,	'product_images/64c796aa5a7d0.png',	'Et quia deleniti deb',	'Ut iure qui quia mag',	NULL,	0,	NULL,	NULL),
(102,	217,	'product_images/64c796aa5fbf6.png',	'Fugit molestiae nos',	'Reiciendis asperiore',	NULL,	1,	NULL,	'2023-07-31 05:52:33'),
(103,	217,	'product_images/64c79786d1392.png',	'sadf',	'wadf',	NULL,	1,	NULL,	'2023-07-31 05:52:15'),
(104,	217,	'product_images/64c799a110032.png',	'wefrg',	'sdf',	NULL,	1,	NULL,	'2023-07-31 05:53:23'),
(105,	217,	'product_images/64c799c0b4d31.png',	'sdvsad',	'sdfdf',	NULL,	1,	NULL,	'2023-07-31 05:54:08'),
(106,	217,	'product_images/64c799c0b5feb.png',	'fesdf',	'dfsd',	NULL,	1,	NULL,	'2023-07-31 05:54:09'),
(107,	217,	'product_images/64c79a7c86391.png',	'sd',	'dsf',	NULL,	1,	NULL,	'2023-07-31 05:56:57'),
(108,	217,	'product_images/64c7a460d1ce5.png',	'sdf',	'sd',	NULL,	0,	NULL,	NULL),
(109,	225,	'product_images/64d2454db3991.png',	'Et debitis natus dig',	'Ex accusamus perfere',	NULL,	0,	NULL,	NULL),
(110,	225,	'product_images/64d2454db4f4c.png',	'Atque quisquam labor',	'Explicabo Sit sint',	NULL,	0,	NULL,	NULL),
(111,	227,	'product_images/64d3733c1abcb.png',	'Ex aut at vitae quo',	'Sequi aliquip tenetu',	NULL,	0,	NULL,	NULL),
(112,	227,	'product_images/64d3733c1bd8d.png',	'Aliquip dolore delec',	'Numquam earum expedi',	NULL,	0,	NULL,	NULL),
(113,	227,	'product_images/64d3733c1d0a4.png',	'Obcaecati velit cum',	'Enim dolor cupidatat',	NULL,	0,	NULL,	NULL),
(114,	222,	'product_images/64d47a569cc0f.png',	'Aperiam soluta hic e',	'Duis deserunt non de',	NULL,	0,	NULL,	NULL),
(115,	222,	'product_images/64d47a56a0008.png',	'Ut voluptas iusto ve',	'Ex sint in nulla at',	NULL,	1,	NULL,	'2023-08-10 00:19:18'),
(116,	222,	'product_images/64d47a91a8511.png',	'sdf',	'df',	NULL,	0,	NULL,	NULL),
(117,	235,	'product_images/64d5ff540f7d9.png',	'Fugiat recusandae',	'Id vero veritatis q',	NULL,	0,	NULL,	NULL),
(118,	249,	'product_images/64dc93ef26e1d.png',	's',	'd',	NULL,	0,	NULL,	NULL),
(119,	251,	'product_images/64ddb24a3524c.png',	'Victoria Frost',	'Nulla sint rerum aut',	NULL,	0,	NULL,	NULL),
(120,	251,	'product_images/64ddb6bfd2e2a.png',	'sdc',	'sd',	NULL,	1,	NULL,	'2023-08-17 00:27:29'),
(121,	254,	'product_images/64e72bc6a90d9.png',	'sasdasd',	'assadsdsdsdasd',	NULL,	0,	NULL,	NULL),
(122,	254,	'product_images/64e72bc6aa334.png',	'dssasa',	'sdsddddddd',	NULL,	1,	NULL,	'2023-08-24 04:37:52');

DROP TABLE IF EXISTS `medical_my_product_features_compares`;
CREATE TABLE `medical_my_product_features_compares` (
  `id` bigint unsigned NOT NULL AUTO_INCREMENT,
  `my_product_id` bigint unsigned NOT NULL,
  `my_product_with_id` bigint unsigned NOT NULL,
  `is_deleted` tinyint(1) NOT NULL DEFAULT '0',
  `created_at` timestamp NULL DEFAULT NULL,
  `updated_at` timestamp NULL DEFAULT NULL,
  PRIMARY KEY (`id`),
  KEY `medical_my_product_features_compares_my_product_id_foreign` (`my_product_id`),
  KEY `medical_my_product_features_compares_my_product_with_id_foreign` (`my_product_with_id`),
  CONSTRAINT `medical_my_product_features_compares_my_product_id_foreign` FOREIGN KEY (`my_product_id`) REFERENCES `medical_my_products` (`id`) ON DELETE CASCADE,
  CONSTRAINT `medical_my_product_features_compares_my_product_with_id_foreign` FOREIGN KEY (`my_product_with_id`) REFERENCES `medical_my_products` (`id`) ON DELETE CASCADE
) ENGINE=InnoDB DEFAULT CHARSET=utf8mb4 COLLATE=utf8mb4_unicode_ci;

INSERT INTO `medical_my_product_features_compares` (`id`, `my_product_id`, `my_product_with_id`, `is_deleted`, `created_at`, `updated_at`) VALUES
(1,	10,	12,	0,	NULL,	NULL),
(2,	11,	14,	0,	NULL,	NULL),
(3,	13,	22,	0,	NULL,	NULL),
(4,	12,	17,	0,	NULL,	NULL),
(5,	165,	3,	0,	NULL,	NULL),
(6,	165,	4,	0,	NULL,	NULL),
(7,	165,	5,	0,	NULL,	NULL),
(8,	165,	2,	0,	NULL,	NULL),
(9,	165,	3,	0,	NULL,	NULL),
(10,	165,	4,	0,	NULL,	NULL),
(11,	165,	6,	0,	NULL,	NULL),
(12,	165,	95,	0,	NULL,	NULL),
(13,	165,	96,	0,	NULL,	NULL),
(14,	165,	97,	0,	NULL,	NULL),
(15,	164,	3,	0,	NULL,	NULL),
(16,	164,	4,	0,	NULL,	NULL),
(17,	164,	5,	0,	NULL,	NULL),
(18,	164,	3,	0,	NULL,	NULL),
(19,	164,	6,	0,	NULL,	NULL),
(20,	164,	9,	0,	NULL,	NULL),
(21,	164,	3,	0,	NULL,	NULL),
(22,	164,	5,	0,	NULL,	NULL),
(23,	164,	6,	0,	NULL,	NULL),
(24,	164,	7,	0,	NULL,	NULL),
(25,	164,	8,	0,	NULL,	NULL),
(26,	164,	1,	0,	NULL,	NULL),
(27,	164,	2,	0,	NULL,	NULL),
(28,	164,	3,	0,	NULL,	NULL),
(29,	164,	5,	0,	NULL,	NULL),
(30,	164,	6,	0,	NULL,	NULL),
(31,	164,	7,	0,	NULL,	NULL),
(32,	164,	2,	0,	NULL,	NULL),
(33,	164,	20,	0,	NULL,	NULL),
(34,	164,	21,	0,	NULL,	NULL),
(35,	164,	3,	0,	NULL,	NULL),
(36,	164,	4,	0,	NULL,	NULL),
(37,	164,	5,	0,	NULL,	NULL),
(38,	166,	5,	0,	NULL,	NULL),
(39,	166,	6,	0,	NULL,	NULL),
(40,	166,	7,	0,	NULL,	NULL),
(41,	166,	3,	0,	NULL,	NULL),
(42,	166,	4,	0,	NULL,	NULL),
(43,	166,	5,	0,	NULL,	NULL),
(44,	168,	31,	0,	NULL,	NULL),
(45,	168,	32,	0,	NULL,	NULL),
(46,	168,	33,	0,	NULL,	NULL),
(47,	170,	81,	0,	NULL,	NULL),
(48,	170,	82,	0,	NULL,	NULL),
(49,	170,	83,	0,	NULL,	NULL),
(50,	172,	1,	0,	NULL,	NULL),
(51,	172,	2,	0,	NULL,	NULL),
(52,	172,	3,	0,	NULL,	NULL),
(53,	182,	4,	0,	NULL,	NULL),
(54,	182,	5,	0,	NULL,	NULL),
(55,	182,	6,	0,	NULL,	NULL),
(56,	188,	10,	0,	NULL,	NULL),
(57,	188,	11,	0,	NULL,	NULL),
(65,	189,	186,	0,	NULL,	NULL),
(66,	189,	187,	0,	NULL,	NULL),
(67,	189,	188,	0,	NULL,	NULL),
(68,	190,	187,	0,	NULL,	NULL),
(69,	190,	188,	0,	NULL,	NULL),
(70,	190,	189,	0,	NULL,	NULL),
(71,	191,	188,	0,	NULL,	NULL),
(72,	191,	189,	0,	NULL,	NULL),
(73,	191,	190,	0,	NULL,	NULL),
(74,	192,	189,	0,	NULL,	NULL),
(75,	192,	190,	0,	NULL,	NULL),
(76,	192,	191,	0,	NULL,	NULL),
(77,	193,	189,	0,	NULL,	NULL),
(78,	193,	191,	0,	NULL,	NULL),
(79,	193,	192,	0,	NULL,	NULL),
(80,	194,	189,	0,	NULL,	NULL),
(81,	194,	192,	0,	NULL,	NULL),
(82,	194,	193,	0,	NULL,	NULL),
(83,	207,	197,	0,	NULL,	NULL),
(84,	207,	198,	0,	NULL,	NULL),
(85,	208,	189,	0,	NULL,	NULL),
(86,	208,	191,	0,	NULL,	NULL),
(87,	208,	192,	0,	NULL,	NULL),
(88,	209,	1,	0,	NULL,	NULL),
(89,	210,	190,	0,	NULL,	NULL),
(90,	210,	191,	0,	NULL,	NULL),
(91,	211,	208,	0,	NULL,	NULL),
(92,	211,	209,	0,	NULL,	NULL),
(93,	211,	210,	0,	NULL,	NULL),
(94,	227,	3,	0,	NULL,	NULL),
(95,	238,	234,	0,	NULL,	NULL),
(96,	238,	230,	0,	NULL,	NULL),
(97,	238,	234,	0,	NULL,	NULL),
(98,	238,	237,	0,	NULL,	NULL),
(99,	239,	211,	0,	NULL,	NULL),
(100,	239,	213,	0,	NULL,	NULL);

DROP TABLE IF EXISTS `medical_my_product_galleries`;
CREATE TABLE `medical_my_product_galleries` (
  `id` bigint unsigned NOT NULL AUTO_INCREMENT,
  `my_product_id` bigint unsigned NOT NULL,
  `image_name` varchar(255) CHARACTER SET utf8mb4 COLLATE utf8mb4_unicode_ci NOT NULL,
  `image_path` varchar(255) CHARACTER SET utf8mb4 COLLATE utf8mb4_unicode_ci NOT NULL,
  `image_thumbnail` varchar(255) CHARACTER SET utf8mb4 COLLATE utf8mb4_unicode_ci DEFAULT NULL,
  `image_type` varchar(255) CHARACTER SET utf8mb4 COLLATE utf8mb4_unicode_ci NOT NULL,
  `type` enum('main_section','slider','single') CHARACTER SET utf8mb4 COLLATE utf8mb4_unicode_ci NOT NULL,
  `image_extension` varchar(255) CHARACTER SET utf8mb4 COLLATE utf8mb4_unicode_ci NOT NULL,
  `image_order_by` varchar(255) CHARACTER SET utf8mb4 COLLATE utf8mb4_unicode_ci DEFAULT NULL,
  `is_deleted` tinyint(1) NOT NULL DEFAULT '0',
  `created_at` timestamp NULL DEFAULT NULL,
  `updated_at` timestamp NULL DEFAULT NULL,
  PRIMARY KEY (`id`),
  KEY `medical_my_product_galleries_my_product_id_foreign` (`my_product_id`),
  CONSTRAINT `medical_my_product_galleries_my_product_id_foreign` FOREIGN KEY (`my_product_id`) REFERENCES `medical_my_products` (`id`) ON DELETE CASCADE
) ENGINE=InnoDB DEFAULT CHARSET=utf8mb4 COLLATE=utf8mb4_unicode_ci;

INSERT INTO `medical_my_product_galleries` (`id`, `my_product_id`, `image_name`, `image_path`, `image_thumbnail`, `image_type`, `type`, `image_extension`, `image_order_by`, `is_deleted`, `created_at`, `updated_at`) VALUES
(1,	2,	'1 (2).png',	'product_images/64a7d3f99403e.png',	'thumbnails/phpEEkQWs',	'image/png',	'main_section',	'png',	NULL,	1,	NULL,	'2023-07-19 05:24:36'),
(2,	3,	'1 (2).png',	'product_images/64a7db07ad504.png',	'thumbnails/phpxOheXp',	'image/png',	'main_section',	'png',	NULL,	0,	NULL,	NULL),
(3,	4,	'Screenshot from 2023-06-14 22-49-08.png',	'product_images/64a7fa4e2c44e.png',	'thumbnails/phpWbms7r',	'image/png',	'main_section',	'png',	NULL,	0,	NULL,	NULL),
(4,	4,	'Screenshot from 2023-06-16 22-36-50.png',	'product_images/64a7fa4e3b8e0.png',	'thumbnails/phpyifYkp',	'image/png',	'main_section',	'png',	NULL,	0,	NULL,	NULL),
(5,	4,	'Screenshot from 2023-06-16 22-43-41.png',	'product_images/64a7fa4e4bec8.png',	'thumbnails/phpZftL2o',	'image/png',	'main_section',	'png',	NULL,	0,	NULL,	NULL),
(6,	4,	'Screenshot from 2023-06-20 12-09-12.png',	'product_images/64a7fa4e5ad0d.png',	'thumbnails/phpQGSXLr',	'image/png',	'main_section',	'png',	NULL,	0,	NULL,	NULL),
(7,	4,	'Screenshot from 2023-06-20 13-46-25.png',	'product_images/64a7fa4e69c44.png',	'thumbnails/phpgO5Cmq',	'image/png',	'main_section',	'png',	NULL,	0,	NULL,	NULL),
(8,	4,	'Screenshot from 2023-06-21 17-38-08.png',	'product_images/64a7fa4e7853f.png',	'thumbnails/phpWI3g1s',	'image/png',	'main_section',	'png',	NULL,	0,	NULL,	NULL),
(9,	5,	'Screenshot from 2023-06-20 13-46-25.png',	'product_images/64a801477366e.png',	'thumbnails/phpOrXRLq',	'image/png',	'main_section',	'png',	NULL,	0,	NULL,	NULL),
(10,	6,	'Screenshot from 2023-06-20 13-46-25.png',	'product_images/64a801488b859.png',	'thumbnails/phpJE89qq',	'image/png',	'main_section',	'png',	NULL,	0,	NULL,	NULL),
(11,	7,	'Screenshot from 2023-06-16 22-14-25.png',	'product_images/64a801a1b225b.png',	'thumbnails/php8uQPWs',	'image/png',	'main_section',	'png',	NULL,	0,	NULL,	NULL),
(12,	8,	'Screenshot from 2023-06-16 22-14-25.png',	'product_images/64a801d8d0a51.png',	'thumbnails/phptx2JWo',	'image/png',	'main_section',	'png',	NULL,	0,	NULL,	NULL),
(13,	9,	'Screenshot from 2023-06-16 22-36-50.png',	'product_images/64a802079b8b1.png',	'thumbnails/phpmUKvyq',	'image/png',	'main_section',	'png',	NULL,	0,	NULL,	NULL),
(14,	10,	'Screenshot from 2023-06-15 13-35-34.png',	'product_images/64a8026488771.png',	'thumbnails/phpb3xLYq',	'image/png',	'main_section',	'png',	NULL,	0,	NULL,	NULL),
(15,	11,	'Screenshot from 2023-06-15 13-35-34.png',	'product_images/64a802ab89c6f.png',	'thumbnails/php6wypFq',	'image/png',	'main_section',	'png',	NULL,	0,	NULL,	NULL),
(16,	12,	'Screenshot from 2023-06-15 13-35-34.png',	'product_images/64a802cf15ac7.png',	'thumbnails/phpQJ88pp',	'image/png',	'main_section',	'png',	NULL,	0,	NULL,	NULL),
(17,	12,	'Screenshot from 2023-06-16 11-58-50.png',	'product_images/64a802cf250b8.png',	'thumbnails/phpdQoK5o',	'image/png',	'main_section',	'png',	NULL,	0,	NULL,	NULL),
(18,	13,	'Screenshot from 2023-06-15 13-35-34.png',	'product_images/64a80386296bb.png',	'thumbnails/php34kJOr',	'image/png',	'main_section',	'png',	NULL,	0,	NULL,	NULL),
(19,	13,	'Screenshot from 2023-06-16 11-58-50.png',	'product_images/64a8038638e96.png',	'thumbnails/phpxol1hp',	'image/png',	'main_section',	'png',	NULL,	0,	NULL,	NULL),
(20,	13,	'Screenshot from 2023-06-14 23-02-16.png',	'product_images/64a8038649219.png',	'thumbnails/phpU1DSPr',	'image/png',	'main_section',	'png',	NULL,	0,	NULL,	NULL),
(21,	14,	'Screenshot from 2023-06-08 00-20-24.png',	'product_images/64ab8f6d7b3f5.png',	'thumbnails/phpA0XJks',	'image/png',	'main_section',	'png',	NULL,	0,	NULL,	NULL),
(22,	14,	'Screenshot from 2023-06-08 16-46-04.png',	'product_images/64ab8f6d8a455.png',	'thumbnails/phpv0up4q',	'image/png',	'main_section',	'png',	NULL,	0,	NULL,	NULL),
(23,	14,	'Screenshot from 2023-06-12 16-53-09.png',	'product_images/64ab8f6d9b8e6.png',	'thumbnails/phpdBACDr',	'image/png',	'main_section',	'png',	NULL,	0,	NULL,	NULL),
(24,	15,	'Screenshot from 2023-06-08 00-20-24.png',	'product_images/64ab8fa048d1e.png',	'thumbnails/phpicTOes',	'image/png',	'main_section',	'png',	NULL,	0,	NULL,	NULL),
(25,	15,	'Screenshot from 2023-06-08 16-46-04.png',	'product_images/64ab8fa0583a1.png',	'thumbnails/php3tvJEp',	'image/png',	'main_section',	'png',	NULL,	0,	NULL,	NULL),
(26,	15,	'Screenshot from 2023-06-12 16-53-09.png',	'product_images/64ab8fa068c25.png',	'thumbnails/phpP4qKZq',	'image/png',	'main_section',	'png',	NULL,	0,	NULL,	NULL),
(27,	15,	'Screenshot from 2023-06-16 22-14-25.png',	'product_images/64ab8fa0788e5.png',	'thumbnails/phpVxgZMs',	'image/png',	'main_section',	'png',	NULL,	0,	NULL,	NULL),
(28,	16,	'Screenshot from 2023-06-08 00-20-24.png',	'product_images/64ab91f26bd21.png',	'thumbnails/phpqAmTPq',	'image/png',	'main_section',	'png',	NULL,	0,	NULL,	NULL),
(29,	16,	'Screenshot from 2023-06-08 16-46-04.png',	'product_images/64ab91f27b55d.png',	'thumbnails/phpBb8cDs',	'image/png',	'main_section',	'png',	NULL,	0,	NULL,	NULL),
(30,	16,	'Screenshot from 2023-06-12 16-53-09.png',	'product_images/64ab91f28b803.png',	'thumbnails/phpDzsP0p',	'image/png',	'main_section',	'png',	NULL,	0,	NULL,	NULL),
(31,	16,	'Screenshot from 2023-06-16 22-14-25.png',	'product_images/64ab91f29a6d0.png',	'thumbnails/phpNUmbts',	'image/png',	'main_section',	'png',	NULL,	0,	NULL,	NULL),
(32,	17,	'Screenshot from 2023-06-20 12-09-12.png',	'product_images/64ab9200bc3d2.png',	'thumbnails/phpoLuMUs',	'image/png',	'main_section',	'png',	NULL,	0,	NULL,	NULL),
(33,	18,	'Screenshot from 2023-06-15 13-35-34.png',	'product_images/64ab94a944358.png',	'thumbnails/phpYrJS9p',	'image/png',	'main_section',	'png',	NULL,	0,	NULL,	NULL),
(34,	20,	'Screenshot from 2023-06-15 13-35-34.png',	'product_images/64ab94fe7a499.png',	'thumbnails/phpLByX3q',	'image/png',	'main_section',	'png',	NULL,	0,	NULL,	NULL),
(35,	21,	'Screenshot from 2023-06-15 13-35-34.png',	'product_images/64ab951f11a61.png',	'thumbnails/phpOgRbar',	'image/png',	'main_section',	'png',	NULL,	0,	NULL,	NULL),
(36,	22,	'Screenshot from 2023-06-16 11-58-50.png',	'product_images/64ab95450d489.png',	'thumbnails/phpCKLtep',	'image/png',	'main_section',	'png',	NULL,	0,	NULL,	NULL),
(37,	23,	'Screenshot from 2023-06-16 22-43-41.png',	'product_images/64ab96fbe3ca6.png',	'thumbnails/phpWwdFcs',	'image/png',	'main_section',	'png',	NULL,	0,	NULL,	NULL),
(38,	24,	'Screenshot from 2023-06-14 22-49-08.png',	'product_images/64ab97aac6594.png',	'thumbnails/phpZOBhDo',	'image/png',	'main_section',	'png',	NULL,	0,	NULL,	NULL),
(39,	25,	'Screenshot from 2023-06-15 13-35-34.png',	'product_images/64ab97d5a6dc8.png',	'thumbnails/phpXJcSCq',	'image/png',	'main_section',	'png',	NULL,	0,	NULL,	NULL),
(40,	26,	'Screenshot from 2023-06-15 13-35-34.png',	'product_images/64ab980b0daa8.png',	'thumbnails/phpWaIdyp',	'image/png',	'main_section',	'png',	NULL,	0,	NULL,	NULL),
(41,	27,	'Screenshot from 2023-06-25 22-35-51.png',	'product_images/64ab9ce52e9b9.png',	'thumbnails/php2bpfkr',	'image/png',	'main_section',	'png',	NULL,	0,	NULL,	NULL),
(42,	28,	'Screenshot from 2023-06-21 17-38-08.png',	'product_images/64ab9dbf76976.png',	'thumbnails/php40ukRp',	'image/png',	'main_section',	'png',	NULL,	0,	NULL,	NULL),
(43,	29,	'Screenshot from 2023-06-16 22-14-25.png',	'product_images/64ab9df240c07.png',	'thumbnails/phpW7imWo',	'image/png',	'main_section',	'png',	NULL,	0,	NULL,	NULL),
(44,	30,	'Screenshot from 2023-06-16 22-14-25.png',	'product_images/64aba447a542a.png',	'thumbnails/phpjHdTUr',	'image/png',	'main_section',	'png',	NULL,	0,	NULL,	NULL),
(45,	33,	'Screenshot from 2023-06-15 13-35-34.png',	'product_images/64aba7b24be10.png',	'thumbnails/phpJRrkSq',	'image/png',	'main_section',	'png',	NULL,	0,	NULL,	NULL),
(46,	34,	'Screenshot from 2023-06-14 23-02-16.png',	'product_images/64aba80d8b874.png',	'thumbnails/phpByI1Xp',	'image/png',	'main_section',	'png',	NULL,	0,	NULL,	NULL),
(47,	35,	'Screenshot from 2023-06-16 11-58-50.png',	'product_images/64aba899bcc49.png',	'thumbnails/phpWxSe5s',	'image/png',	'main_section',	'png',	NULL,	0,	NULL,	NULL),
(48,	36,	'Screenshot from 2023-06-16 11-58-50.png',	'product_images/64aba8d53acc1.png',	'thumbnails/phpzzDDTr',	'image/png',	'main_section',	'png',	NULL,	0,	NULL,	NULL),
(49,	37,	'Screenshot from 2023-06-16 22-36-50.png',	'product_images/64abc91ad10e7.png',	'thumbnails/php4jII7q',	'image/png',	'main_section',	'png',	NULL,	0,	NULL,	NULL),
(50,	37,	'Screenshot from 2023-06-16 22-43-41.png',	'product_images/64abc91ae18fc.png',	'thumbnails/phptphhvs',	'image/png',	'main_section',	'png',	NULL,	0,	NULL,	NULL),
(51,	38,	'Screenshot from 2023-06-16 22-43-41.png',	'product_images/64abc94421380.png',	'thumbnails/phpznAeLp',	'image/png',	'main_section',	'png',	NULL,	0,	NULL,	NULL),
(52,	38,	'Screenshot from 2023-06-21 17-38-08.png',	'product_images/64abc94437352.png',	'thumbnails/phpVVDVkr',	'image/png',	'main_section',	'png',	NULL,	0,	NULL,	NULL),
(53,	38,	'Screenshot from 2023-06-25 22-35-51.png',	'product_images/64abc9444725f.png',	'thumbnails/phpejSo6o',	'image/png',	'main_section',	'png',	NULL,	0,	NULL,	NULL),
(54,	38,	'Screenshot from 2023-06-26 12-06-56.png',	'product_images/64abc9445633e.png',	'thumbnails/php2OxVYp',	'image/png',	'main_section',	'png',	NULL,	0,	NULL,	NULL),
(55,	38,	'Screenshot from 2023-06-26 12-34-08.png',	'product_images/64abc94467dbd.png',	'thumbnails/phpyB2Hfs',	'image/png',	'main_section',	'png',	NULL,	0,	NULL,	NULL),
(56,	39,	'Screenshot from 2023-06-16 11-58-50.png',	'product_images/64abdf5b7ffd5.png',	'thumbnails/phpyyYNKs',	'image/png',	'main_section',	'png',	NULL,	0,	NULL,	NULL),
(57,	40,	'Screenshot from 2023-06-16 22-36-50.png',	'product_images/64abdfcaf31f7.png',	'thumbnails/phpCo1req',	'image/png',	'main_section',	'png',	NULL,	0,	NULL,	NULL),
(58,	41,	'Screenshot from 2023-06-16 22-36-50.png',	'product_images/64abf520e6d85.png',	'thumbnails/php4e57fr',	'image/png',	'main_section',	'png',	NULL,	0,	NULL,	NULL),
(59,	42,	'Screenshot from 2023-06-15 13-35-34.png',	'product_images/64abf7de1edac.png',	'thumbnails/phpcFxmMs',	'image/png',	'main_section',	'png',	NULL,	0,	NULL,	NULL),
(62,	43,	'Screenshot from 2023-06-16 22-36-50.png',	'product_images/64acebdcb4eb6.png',	'thumbnails/phpFantKo',	'image/png',	'main_section',	'png',	NULL,	0,	NULL,	NULL),
(63,	43,	'Screenshot from 2023-06-16 22-43-41.png',	'product_images/64acebdcc9ede.png',	'thumbnails/phpjpxS8p',	'image/png',	'main_section',	'png',	NULL,	0,	NULL,	NULL),
(64,	43,	'Screenshot from 2023-06-20 12-09-12.png',	'product_images/64acebdcda312.png',	'thumbnails/phps1sdLs',	'image/png',	'main_section',	'png',	NULL,	0,	NULL,	NULL),
(65,	43,	'Screenshot from 2023-06-20 13-46-25.png',	'product_images/64acebdce9542.png',	'thumbnails/phpdkqSkp',	'image/png',	'main_section',	'png',	NULL,	0,	NULL,	NULL),
(66,	43,	'Screenshot from 2023-06-21 17-38-08.png',	'product_images/64acebdd060c4.png',	'thumbnails/php9bUeDs',	'image/png',	'main_section',	'png',	NULL,	0,	NULL,	NULL),
(67,	43,	'Screenshot from 2023-06-25 22-35-51.png',	'product_images/64acebdd16d76.png',	'thumbnails/phpipL68q',	'image/png',	'main_section',	'png',	NULL,	0,	NULL,	NULL),
(68,	44,	'Screenshot from 2023-06-15 13-35-34.png',	'product_images/64acecedd2052.png',	'thumbnails/phppegZFr',	'image/png',	'main_section',	'png',	NULL,	0,	NULL,	NULL),
(69,	44,	'Screenshot from 2023-06-16 22-14-25.png',	'product_images/64acecf681bb1.png',	'',	'image/png',	'single',	'png',	NULL,	0,	NULL,	NULL),
(70,	44,	'Screenshot from 2023-06-16 22-36-50.png',	'product_images/64acecf68304a.png',	'',	'image/png',	'single',	'png',	NULL,	0,	NULL,	NULL),
(71,	44,	'Screenshot from 2023-06-16 22-43-41.png',	'product_images/64acecf6840e8.png',	'',	'image/png',	'single',	'png',	NULL,	0,	NULL,	NULL),
(72,	44,	'Screenshot from 2023-06-20 12-09-12.png',	'product_images/64acecf6850f2.png',	'',	'image/png',	'single',	'png',	NULL,	0,	NULL,	NULL),
(73,	44,	'Screenshot from 2023-06-14 23-02-16.png',	'product_images/64acecf686014.png',	'',	'image/png',	'single',	'png',	NULL,	0,	NULL,	NULL),
(74,	44,	'Screenshot from 2023-06-15 13-35-34.png',	'product_images/64acecf6871c7.png',	'',	'image/png',	'single',	'png',	NULL,	0,	NULL,	NULL),
(75,	44,	'Screenshot from 2023-06-16 11-58-50.png',	'product_images/64acecf688265.png',	'',	'image/png',	'single',	'png',	NULL,	0,	NULL,	NULL),
(76,	45,	'Screenshot from 2023-06-16 11-58-50.png',	'product_images/64acfdf133032.png',	'thumbnails/phpGtTr7q',	'image/png',	'main_section',	'png',	NULL,	0,	NULL,	NULL),
(77,	46,	'Screenshot from 2023-06-20 12-09-12.png',	'product_images/64acfe1297688.png',	'thumbnails/php3YfTap',	'image/png',	'main_section',	'png',	NULL,	0,	NULL,	NULL),
(78,	47,	'Screenshot from 2023-06-16 22-43-41.png',	'product_images/64acfed59a15d.png',	'thumbnails/phpXA4tus',	'image/png',	'main_section',	'png',	NULL,	0,	NULL,	NULL),
(79,	48,	'Screenshot from 2023-06-16 22-14-25.png',	'product_images/64acff51a1aa8.png',	'thumbnails/phpvK4UMs',	'image/png',	'main_section',	'png',	NULL,	0,	NULL,	NULL),
(80,	49,	'Screenshot from 2023-06-16 22-14-25.png',	'product_images/64acffb810572.png',	'thumbnails/phpdOcr3q',	'image/png',	'main_section',	'png',	NULL,	0,	NULL,	NULL),
(81,	50,	'Screenshot from 2023-06-16 22-36-50.png',	'product_images/64ad04f3ee5ad.png',	'thumbnails/phpUFrNrq',	'image/png',	'main_section',	'png',	NULL,	0,	NULL,	NULL),
(82,	51,	'Screenshot from 2023-06-15 13-35-34.png',	'product_images/64ad1b6bd4c70.png',	'thumbnails/phpID72So',	'image/png',	'main_section',	'png',	NULL,	0,	NULL,	NULL),
(83,	52,	'Screenshot from 2023-06-16 11-58-50.png',	'product_images/64ad41b88b635.png',	'thumbnails/phphpVes6',	'image/png',	'main_section',	'png',	NULL,	0,	NULL,	NULL),
(84,	53,	'Screenshot from 2023-05-09 18-08-17.png',	'product_images/64ad447eee0bd.png',	'thumbnails/phpSlkCJ7',	'image/png',	'main_section',	'png',	NULL,	0,	NULL,	NULL),
(85,	54,	'1 (2).png',	'product_images/64ad4b78c2f26.png',	'thumbnails/php8nYW17',	'image/png',	'main_section',	'png',	NULL,	0,	NULL,	NULL),
(86,	55,	'Screenshot from 2023-06-15 13-35-34.png',	'product_images/64ad4f336330a.png',	'thumbnails/phpgwXKS7',	'image/png',	'main_section',	'png',	NULL,	0,	NULL,	NULL),
(87,	56,	'Screenshot from 2023-06-15 13-35-34.png',	'product_images/64ad4f5593952.png',	'thumbnails/phppLPW17',	'image/png',	'main_section',	'png',	NULL,	0,	NULL,	NULL),
(88,	57,	'Screenshot from 2023-06-16 22-43-41.png',	'product_images/64ad4f6f9c465.png',	'thumbnails/phpAs8Ki8',	'image/png',	'main_section',	'png',	NULL,	0,	NULL,	NULL),
(89,	58,	'Screenshot from 2023-06-16 22-36-50.png',	'product_images/64ad4fc37ef03.png',	'thumbnails/phpeFQLq6',	'image/png',	'main_section',	'png',	NULL,	0,	NULL,	NULL),
(90,	59,	'Screenshot from 2023-06-16 22-14-25.png',	'product_images/64ad537bcfc63.png',	'thumbnails/php9BpZA6',	'image/png',	'main_section',	'png',	NULL,	0,	NULL,	NULL),
(91,	60,	'Screenshot from 2023-06-25 22-35-51.png',	'product_images/64ad5cf994c3c.png',	'thumbnails/phpfeeGw6',	'image/png',	'main_section',	'png',	NULL,	0,	NULL,	NULL),
(92,	61,	'Screenshot from 2023-06-15 13-35-34.png',	'product_images/64ae337fe02eb.png',	'thumbnails/phpVK8U96',	'image/png',	'main_section',	'png',	NULL,	0,	NULL,	NULL),
(93,	10,	'Screenshot from 2023-06-16 11-58-50.png',	'product_images/64ae38445d81d.png',	'',	'image/png',	'single',	'png',	NULL,	0,	NULL,	NULL),
(94,	10,	'Screenshot from 2023-06-16 22-14-25.png',	'product_images/64ae38445ee0e.png',	'',	'image/png',	'single',	'png',	NULL,	0,	NULL,	NULL),
(95,	62,	'Screenshot from 2023-06-16 22-43-41.png',	'product_images/64ae3ab183afd.png',	'thumbnails/phpCdGXC8',	'image/png',	'main_section',	'png',	NULL,	0,	NULL,	NULL),
(96,	62,	'Screenshot from 2023-06-20 12-09-12.png',	'product_images/64ae3ab19a87a.png',	'thumbnails/phprioQfa',	'image/png',	'main_section',	'png',	NULL,	0,	NULL,	NULL),
(97,	62,	'Screenshot from 2023-06-20 13-46-25.png',	'product_images/64ae3ab1ac288.png',	'thumbnails/phpTJmjM9',	'image/png',	'main_section',	'png',	NULL,	0,	NULL,	NULL),
(98,	62,	'Screenshot from 2023-06-21 17-38-08.png',	'product_images/64ae3ab1be98b.png',	'thumbnails/phpIqoYH6',	'image/png',	'main_section',	'png',	NULL,	0,	NULL,	NULL),
(99,	63,	'Screenshot from 2023-06-15 13-35-34.png',	'product_images/64ae417b7623d.png',	'thumbnails/phpJvXEa9',	'image/png',	'main_section',	'png',	NULL,	0,	NULL,	NULL),
(100,	64,	'Screenshot from 2023-06-15 13-35-34.png',	'product_images/64ae41a386bc7.png',	'thumbnails/php0L7t28',	'image/png',	'main_section',	'png',	NULL,	0,	NULL,	NULL),
(101,	64,	'Screenshot from 2023-06-08 16-46-04.png',	'product_images/64ae41a39bacf.png',	'thumbnails/phpsRPiF7',	'image/png',	'main_section',	'png',	NULL,	0,	NULL,	NULL),
(102,	65,	'Screenshot from 2023-06-15 13-35-34.png',	'product_images/64ae42115fb81.png',	'thumbnails/phpKhGHc7',	'image/png',	'main_section',	'png',	NULL,	0,	NULL,	NULL),
(103,	66,	'Screenshot from 2023-06-16 22-14-25.png',	'product_images/64ae4da599571.png',	'thumbnails/php3EH9O6',	'image/png',	'main_section',	'png',	NULL,	0,	NULL,	NULL),
(104,	66,	'Screenshot from 2023-06-16 22-36-50.png',	'product_images/64ae4da5a8eb6.png',	'thumbnails/phpy6Zgp9',	'image/png',	'main_section',	'png',	NULL,	0,	NULL,	NULL),
(105,	66,	'Screenshot from 2023-06-16 22-43-41.png',	'product_images/64ae4da5be30e.png',	'thumbnails/phpn4Sd76',	'image/png',	'main_section',	'png',	NULL,	0,	NULL,	NULL),
(106,	66,	'Screenshot from 2023-06-20 12-09-12.png',	'product_images/64ae4da5d378e.png',	'thumbnails/phpb6yft8',	'image/png',	'main_section',	'png',	NULL,	0,	NULL,	NULL),
(107,	66,	'Screenshot from 2023-06-20 13-46-25.png',	'product_images/64ae4da5e3047.png',	'thumbnails/phpJCvZ46',	'image/png',	'main_section',	'png',	NULL,	0,	NULL,	NULL),
(108,	66,	'Screenshot from 2023-06-21 17-38-08.png',	'product_images/64ae4da6002ff.png',	'thumbnails/phpQ7RvD8',	'image/png',	'main_section',	'png',	NULL,	0,	NULL,	NULL),
(109,	66,	'Screenshot from 2023-06-25 22-35-51.png',	'product_images/64ae4da612009.png',	'thumbnails/phpmMeoD8',	'image/png',	'main_section',	'png',	NULL,	0,	NULL,	NULL),
(110,	67,	'Screenshot from 2023-06-20 13-46-25.png',	'product_images/64ae50f9320a3.png',	'thumbnails/phpBfNy09',	'image/png',	'main_section',	'png',	NULL,	0,	NULL,	NULL),
(111,	67,	'Screenshot from 2023-06-15 13-35-34.png',	'product_images/64ae50f9442f3.png',	'thumbnails/phplKP427',	'image/png',	'main_section',	'png',	NULL,	0,	NULL,	NULL),
(112,	67,	'Screenshot from 2023-06-16 11-58-50.png',	'product_images/64ae50f954573.png',	'thumbnails/phpjZ8Pja',	'image/png',	'main_section',	'png',	NULL,	0,	NULL,	NULL),
(113,	68,	'Screenshot from 2023-06-08 16-46-04.png',	'product_images/64ae514db734f.png',	'thumbnails/phpIQvNP9',	'image/png',	'main_section',	'png',	NULL,	0,	NULL,	NULL),
(114,	68,	'Screenshot from 2023-06-12 16-53-09.png',	'product_images/64ae514dc7cf6.png',	'thumbnails/phpGnw6c9',	'image/png',	'main_section',	'png',	NULL,	0,	NULL,	NULL),
(115,	69,	'Screenshot from 2023-06-16 22-36-50.png',	'product_images/64ae6c0ccf086.png',	'thumbnails/phpt7jrT6',	'image/png',	'main_section',	'png',	NULL,	0,	NULL,	NULL),
(116,	70,	'Screenshot from 2023-06-20 13-46-25.png',	'product_images/64ae7b0c193c3.png',	'thumbnails/phpONdmz8',	'image/png',	'main_section',	'png',	NULL,	0,	NULL,	NULL),
(117,	71,	'Screenshot from 2023-06-25 22-35-51.png',	'product_images/64ae82a6832b8.png',	'thumbnails/phpL48JSa',	'image/png',	'main_section',	'png',	NULL,	0,	NULL,	NULL),
(118,	72,	'Screenshot from 2023-06-25 22-35-51.png',	'product_images/64ae836b885ae.png',	'thumbnails/phpPmAC79',	'image/png',	'main_section',	'png',	NULL,	0,	NULL,	NULL),
(119,	72,	'Screenshot from 2023-06-15 13-35-34.png',	'product_images/64ae8491e0db8.png',	'',	'image/png',	'single',	'png',	NULL,	0,	NULL,	NULL),
(120,	72,	'Screenshot from 2023-06-15 13-35-34.png',	'product_images/64ae8491e1f3d.png',	'',	'image/png',	'single',	'png',	NULL,	0,	NULL,	NULL),
(121,	72,	'Screenshot from 2023-06-15 13-35-34.png',	'product_images/64ae8d5a47d4c.png',	'',	'image/png',	'single',	'png',	NULL,	0,	NULL,	NULL),
(122,	72,	'Screenshot from 2023-06-16 11-58-50.png',	'product_images/64ae8d5a49343.png',	'',	'image/png',	'single',	'png',	NULL,	0,	NULL,	NULL),
(123,	72,	'Screenshot from 2023-06-16 22-14-25.png',	'product_images/64ae8d5a4a8cc.png',	'',	'image/png',	'single',	'png',	NULL,	0,	NULL,	NULL),
(124,	72,	'Screenshot from 2023-06-16 22-36-50.png',	'product_images/64ae8d5a4b931.png',	'',	'image/png',	'single',	'png',	NULL,	0,	NULL,	NULL),
(125,	72,	'Screenshot from 2023-06-16 22-43-41.png',	'product_images/64ae8d5a4cb0c.png',	'',	'image/png',	'single',	'png',	NULL,	0,	NULL,	NULL),
(126,	72,	'Screenshot from 2023-06-20 13-46-25.png',	'product_images/64ae8d5a4ddaf.png',	'',	'image/png',	'single',	'png',	NULL,	0,	NULL,	NULL),
(127,	72,	'Screenshot from 2023-06-21 17-38-08.png',	'product_images/64ae8d5a4f024.png',	'',	'image/png',	'single',	'png',	NULL,	0,	NULL,	NULL),
(128,	72,	'Screenshot from 2023-06-25 22-35-51.png',	'product_images/64ae8d5a507b5.png',	'',	'image/png',	'single',	'png',	NULL,	0,	NULL,	NULL),
(129,	72,	'Screenshot from 2023-06-26 12-06-56.png',	'product_images/64ae8d5a519b0.png',	'',	'image/png',	'single',	'png',	NULL,	0,	NULL,	NULL),
(130,	74,	'Screenshot from 2023-06-20 12-09-12.png',	'product_images/64ae8ddc4f236.png',	'thumbnails/phpvojBSa',	'image/png',	'main_section',	'png',	NULL,	0,	NULL,	NULL),
(131,	74,	'Screenshot from 2023-06-20 13-46-25.png',	'product_images/64ae8ddc5e3be.png',	'thumbnails/php8Yq9r7',	'image/png',	'main_section',	'png',	NULL,	0,	NULL,	NULL),
(132,	75,	'Screenshot from 2023-06-21 17-38-08.png',	'product_images/64ae8fcfa3dab.png',	'thumbnails/phprwk7J6',	'image/png',	'main_section',	'png',	NULL,	0,	NULL,	NULL),
(133,	77,	'Screenshot from 2023-06-16 22-36-50.png',	'product_images/64ae940a2d197.png',	'thumbnails/phpWLDNN8',	'image/png',	'main_section',	'png',	NULL,	0,	NULL,	NULL),
(134,	78,	'Screenshot from 2023-06-25 22-35-51.png',	'product_images/64ae95f15b26f.png',	'thumbnails/phprLxCX7',	'image/png',	'main_section',	'png',	NULL,	0,	NULL,	NULL),
(135,	78,	'Screenshot from 2023-06-26 12-06-56.png',	'product_images/64ae95f16a336.png',	'thumbnails/phpziPQ2a',	'image/png',	'main_section',	'png',	NULL,	0,	NULL,	NULL),
(136,	78,	'Screenshot from 2023-06-26 12-34-08.png',	'product_images/64ae95f17c22a.png',	'thumbnails/phpCTx7t6',	'image/png',	'main_section',	'png',	NULL,	0,	NULL,	NULL),
(137,	79,	'Screenshot from 2023-06-25 22-35-51.png',	'product_images/64ae962a67925.png',	'thumbnails/phpYok9q7',	'image/png',	'main_section',	'png',	NULL,	0,	NULL,	NULL),
(138,	79,	'Screenshot from 2023-06-26 12-06-56.png',	'product_images/64ae962a77ac0.png',	'thumbnails/phpSf0Sl8',	'image/png',	'main_section',	'png',	NULL,	0,	NULL,	NULL),
(139,	79,	'Screenshot from 2023-06-26 12-34-08.png',	'product_images/64ae962a882fe.png',	'thumbnails/phpt1mbYa',	'image/png',	'main_section',	'png',	NULL,	0,	NULL,	NULL),
(140,	80,	'Screenshot from 2023-06-16 22-43-41.png',	'product_images/64ae971e0b2df.png',	'thumbnails/phpOYr5M6',	'image/png',	'main_section',	'png',	NULL,	0,	NULL,	NULL),
(141,	81,	'Screenshot from 2023-06-16 22-43-41.png',	'product_images/64aeaa9289700.png',	'thumbnails/phpEPlKKa',	'image/png',	'main_section',	'png',	NULL,	0,	NULL,	NULL),
(142,	82,	'Screenshot from 2023-06-26 12-34-08.png',	'product_images/64aeaff312502.png',	'thumbnails/phpDhyssa',	'image/png',	'main_section',	'png',	NULL,	0,	NULL,	NULL),
(143,	82,	'Screenshot from 2023-06-16 22-36-50.png',	'product_images/64aeb0cdb5269.png',	'',	'image/png',	'single',	'png',	NULL,	0,	NULL,	NULL),
(144,	82,	'Screenshot from 2023-06-16 22-43-41.png',	'product_images/64aeb0cdb64d0.png',	'',	'image/png',	'single',	'png',	NULL,	0,	NULL,	NULL),
(145,	82,	'Screenshot from 2023-06-20 12-09-12.png',	'product_images/64aeb0cdb7a72.png',	'',	'image/png',	'single',	'png',	NULL,	0,	NULL,	NULL),
(146,	82,	'Screenshot from 2023-06-20 13-46-25.png',	'product_images/64aeb0cdb8e39.png',	'',	'image/png',	'single',	'png',	NULL,	0,	NULL,	NULL),
(147,	82,	'Screenshot from 2023-06-16 22-43-41.png',	'product_images/64aeb0cdb9f4d.png',	'',	'image/png',	'single',	'png',	NULL,	0,	NULL,	NULL),
(148,	82,	'Screenshot from 2023-06-20 12-09-12.png',	'product_images/64aeb0cdbb083.png',	'',	'image/png',	'single',	'png',	NULL,	0,	NULL,	NULL),
(149,	82,	'Screenshot from 2023-06-20 13-46-25.png',	'product_images/64aeb0cdbc14d.png',	'',	'image/png',	'single',	'png',	NULL,	0,	NULL,	NULL),
(150,	82,	'Screenshot from 2023-06-21 17-38-08.png',	'product_images/64aeb0cdbd1e2.png',	'',	'image/png',	'single',	'png',	NULL,	0,	NULL,	NULL),
(151,	82,	'Screenshot from 2023-06-25 22-35-51.png',	'product_images/64aeb0cdbe27a.png',	'',	'image/png',	'single',	'png',	NULL,	0,	NULL,	NULL),
(152,	82,	'Screenshot from 2023-06-14 22-49-08.png',	'product_images/64aeb0e20fbfa.png',	'',	'image/png',	'single',	'png',	NULL,	0,	NULL,	NULL),
(153,	82,	'Screenshot from 2023-06-14 23-02-16.png',	'product_images/64aeb0e211111.png',	'',	'image/png',	'single',	'png',	NULL,	0,	NULL,	NULL),
(154,	82,	'Screenshot from 2023-06-15 13-35-34.png',	'product_images/64aeb0e212471.png',	'',	'image/png',	'single',	'png',	NULL,	0,	NULL,	NULL),
(155,	82,	'Screenshot from 2023-06-16 11-58-50.png',	'product_images/64aeb0e21375a.png',	'',	'image/png',	'single',	'png',	NULL,	0,	NULL,	NULL),
(156,	82,	'Screenshot from 2023-06-16 22-14-25.png',	'product_images/64aeb0e214f27.png',	'',	'image/png',	'single',	'png',	NULL,	0,	NULL,	NULL),
(157,	82,	'Screenshot from 2023-06-08 16-46-04.png',	'product_images/64aeb0e216670.png',	'',	'image/png',	'single',	'png',	NULL,	0,	NULL,	NULL),
(158,	82,	'Screenshot from 2023-06-12 16-53-09.png',	'product_images/64aeb0e217b6f.png',	'',	'image/png',	'single',	'png',	NULL,	0,	NULL,	NULL),
(159,	82,	'Screenshot from 2023-06-14 22-49-08.png',	'product_images/64aeb0e218c12.png',	'',	'image/png',	'single',	'png',	NULL,	0,	NULL,	NULL),
(160,	82,	'Screenshot from 2023-06-14 23-02-16.png',	'product_images/64aeb0e219c68.png',	'',	'image/png',	'single',	'png',	NULL,	0,	NULL,	NULL),
(161,	82,	'Screenshot from 2023-06-15 13-35-34.png',	'product_images/64aeb0e21ae3b.png',	'',	'image/png',	'single',	'png',	NULL,	0,	NULL,	NULL),
(162,	82,	'Screenshot from 2023-06-16 11-58-50.png',	'product_images/64aeb0e21c1cf.png',	'',	'image/png',	'single',	'png',	NULL,	0,	NULL,	NULL),
(163,	82,	'Screenshot from 2023-06-16 22-14-25.png',	'product_images/64aeb0e21d66e.png',	'',	'image/png',	'single',	'png',	NULL,	0,	NULL,	NULL),
(164,	82,	'Screenshot from 2023-06-16 11-58-50.png',	'product_images/64aeb13216a0d.png',	'',	'image/png',	'single',	'png',	NULL,	0,	NULL,	NULL),
(165,	82,	'Screenshot from 2023-06-16 22-14-25.png',	'product_images/64aeb13217ca4.png',	'',	'image/png',	'single',	'png',	NULL,	0,	NULL,	NULL),
(166,	82,	'Screenshot from 2023-06-16 22-36-50.png',	'product_images/64aeb13218f42.png',	'',	'image/png',	'single',	'png',	NULL,	0,	NULL,	NULL),
(167,	82,	'Screenshot from 2023-06-16 22-43-41.png',	'product_images/64aeb1321aac0.png',	'',	'image/png',	'single',	'png',	NULL,	0,	NULL,	NULL),
(168,	82,	'Screenshot from 2023-06-20 12-09-12.png',	'product_images/64aeb1321bd49.png',	'',	'image/png',	'single',	'png',	NULL,	0,	NULL,	NULL),
(169,	82,	'Screenshot from 2023-06-20 13-46-25.png',	'product_images/64aeb1321cce9.png',	'',	'image/png',	'single',	'png',	NULL,	0,	NULL,	NULL),
(170,	82,	'Screenshot from 2023-06-16 11-58-50.png',	'product_images/64aeb1321dd6b.png',	'',	'image/png',	'single',	'png',	NULL,	0,	NULL,	NULL),
(171,	82,	'Screenshot from 2023-06-16 22-14-25.png',	'product_images/64aeb1321ef4d.png',	'',	'image/png',	'single',	'png',	NULL,	0,	NULL,	NULL),
(172,	82,	'Screenshot from 2023-06-16 22-36-50.png',	'product_images/64aeb1321ff78.png',	'',	'image/png',	'single',	'png',	NULL,	0,	NULL,	NULL),
(173,	82,	'Screenshot from 2023-06-16 22-43-41.png',	'product_images/64aeb13221377.png',	'',	'image/png',	'slider',	'png',	NULL,	0,	NULL,	NULL),
(174,	57,	'Screenshot from 2023-06-25 22-35-51.png',	'product_images/64aeb2785fefb.png',	'',	'image/png',	'slider',	'png',	NULL,	0,	NULL,	NULL),
(175,	57,	'Screenshot from 2023-06-25 22-35-51.png',	'product_images/64aeb2b79e4f1.png',	'',	'image/png',	'slider',	'png',	NULL,	0,	NULL,	NULL),
(176,	57,	'Screenshot from 2023-06-25 22-35-51.png',	'product_images/64aeb2b8aa529.png',	'',	'image/png',	'slider',	'png',	NULL,	0,	NULL,	NULL),
(177,	57,	'Screenshot from 2023-06-25 22-35-51.png',	'product_images/64aeb2b969b93.png',	'',	'image/png',	'slider',	'png',	NULL,	0,	NULL,	NULL),
(178,	57,	'Screenshot from 2023-06-25 22-35-51.png',	'product_images/64aeb2ba16eef.png',	'',	'image/png',	'slider',	'png',	NULL,	0,	NULL,	NULL),
(179,	57,	'Screenshot from 2023-06-25 22-35-51.png',	'product_images/64aeb2bacd829.png',	'',	'image/png',	'slider',	'png',	NULL,	0,	NULL,	NULL),
(180,	57,	'Screenshot from 2023-06-25 22-35-51.png',	'product_images/64aeb2bb42baf.png',	'',	'image/png',	'slider',	'png',	NULL,	0,	NULL,	NULL),
(181,	83,	'Screenshot from 2023-06-20 13-46-25.png',	'product_images/64af8b19d579a.png',	'thumbnails/phpzYS6R8',	'image/png',	'main_section',	'png',	NULL,	0,	NULL,	NULL),
(182,	83,	'Screenshot from 2023-06-20 12-09-12.png',	'product_images/64af8b2ff08da.png',	'',	'image/png',	'single',	'png',	NULL,	0,	NULL,	NULL),
(183,	83,	'Screenshot from 2023-06-20 13-46-25.png',	'product_images/64af8b2ff1a2e.png',	'',	'image/png',	'single',	'png',	NULL,	0,	NULL,	NULL),
(184,	83,	'Screenshot from 2023-06-16 22-14-25.png',	'product_images/64af8b804feec.png',	'',	'image/png',	'slider',	'png',	NULL,	0,	NULL,	NULL),
(185,	83,	'Screenshot from 2023-06-16 22-36-50.png',	'product_images/64af8beedd0ff.png',	'',	'image/png',	'slider',	'png',	NULL,	0,	NULL,	NULL),
(186,	83,	'Screenshot from 2023-06-16 22-43-41.png',	'product_images/64af8beede4a8.png',	'',	'image/png',	'slider',	'png',	NULL,	0,	NULL,	NULL),
(187,	83,	'Screenshot from 2023-06-16 22-14-25.png',	'product_images/64af8c80be21c.png',	'',	'image/png',	'slider',	'png',	NULL,	0,	NULL,	NULL),
(188,	83,	'Screenshot from 2023-06-15 13-35-34.png',	'product_images/64af8cb1b083d.png',	'',	'image/png',	'slider',	'png',	NULL,	0,	NULL,	NULL),
(189,	85,	'Screenshot from 2023-06-26 12-34-08.png',	'product_images/64af8db2dd144.png',	'thumbnails/php5h7v0a',	'image/png',	'main_section',	'png',	NULL,	0,	NULL,	NULL),
(190,	85,	'Screenshot from 2023-06-26 21-10-21.png',	'product_images/64af8db2ec525.png',	'thumbnails/phpkkss17',	'image/png',	'main_section',	'png',	NULL,	0,	NULL,	NULL),
(191,	85,	'Screenshot from 2023-06-26 21-11-06.png',	'product_images/64af8db306bcc.png',	'thumbnails/phpxQTjQa',	'image/png',	'main_section',	'png',	NULL,	0,	NULL,	NULL),
(192,	85,	'Screenshot from 2023-06-26 21-11-22.png',	'product_images/64af8db31959d.png',	'thumbnails/phpS6zQy9',	'image/png',	'main_section',	'png',	NULL,	0,	NULL,	NULL),
(193,	85,	'Screenshot from 2023-06-27 16-49-25.png',	'product_images/64af8db3283e8.png',	'thumbnails/phpEhy5oa',	'image/png',	'main_section',	'png',	NULL,	0,	NULL,	NULL),
(194,	85,	'Screenshot from 2023-06-27 16-58-30.png',	'product_images/64af8db3379a6.png',	'thumbnails/phpiBY796',	'image/png',	'main_section',	'png',	NULL,	0,	NULL,	NULL),
(195,	82,	'Screenshot from 2023-06-15 13-35-34.png',	'product_images/64af8e742e7d4.png',	'',	'image/png',	'slider',	'png',	NULL,	0,	NULL,	NULL),
(196,	82,	'Screenshot from 2023-06-16 11-58-50.png',	'product_images/64af8e742fb51.png',	'',	'image/png',	'slider',	'png',	NULL,	0,	NULL,	NULL),
(197,	82,	'Screenshot from 2023-06-16 22-14-25.png',	'product_images/64af8e7430ece.png',	'',	'image/png',	'slider',	'png',	NULL,	0,	NULL,	NULL),
(198,	82,	'Screenshot from 2023-06-14 22-49-08.png',	'product_images/64af8e7432002.png',	'',	'image/png',	'slider',	'png',	NULL,	0,	NULL,	NULL),
(199,	82,	'Screenshot from 2023-06-14 23-02-16.png',	'product_images/64af8e7432fec.png',	'',	'image/png',	'slider',	'png',	NULL,	0,	NULL,	NULL),
(200,	82,	'Screenshot from 2023-06-15 13-35-34.png',	'product_images/64af8e7434092.png',	'',	'image/png',	'slider',	'png',	NULL,	0,	NULL,	NULL),
(201,	87,	'Screenshot from 2023-06-15 13-35-34.png',	'product_images/64af999cb654a.png',	'thumbnails/phpWbWkM9',	'image/png',	'main_section',	'png',	NULL,	0,	NULL,	NULL),
(202,	87,	'Screenshot from 2023-06-16 11-58-50.png',	'product_images/64af99aa2ec70.png',	'',	'image/png',	'slider',	'png',	NULL,	0,	NULL,	NULL),
(203,	87,	'Screenshot from 2023-06-16 22-14-25.png',	'product_images/64af99aa301dc.png',	'',	'image/png',	'slider',	'png',	NULL,	0,	NULL,	NULL),
(204,	87,	'Screenshot from 2023-06-14 22-49-08.png',	'product_images/64af99bbbaac4.png',	'',	'image/png',	'slider',	'png',	NULL,	0,	NULL,	NULL),
(205,	87,	'Screenshot from 2023-06-15 13-35-34.png',	'product_images/64af9a271dd2f.png',	'',	'image/png',	'slider',	'png',	NULL,	0,	NULL,	NULL),
(206,	87,	'Screenshot from 2023-06-16 11-58-50.png',	'product_images/64af9a271f051.png',	'',	'image/png',	'slider',	'png',	NULL,	0,	NULL,	NULL),
(207,	88,	'Screenshot from 2023-06-15 13-35-34.png',	'product_images/64afb9367f624.png',	'thumbnails/phpT5Qah9',	'image/png',	'main_section',	'png',	NULL,	0,	NULL,	NULL),
(208,	89,	'Screenshot from 2023-06-14 23-02-16.png',	'product_images/64afb99831f4b.png',	'thumbnails/phppFIuh7',	'image/png',	'main_section',	'png',	NULL,	0,	NULL,	NULL),
(209,	90,	'Screenshot from 2023-06-21 17-38-08.png',	'product_images/64afbb7dea2d3.png',	'thumbnails/phpqxGQv9',	'image/png',	'main_section',	'png',	NULL,	0,	NULL,	NULL),
(210,	91,	'Screenshot from 2023-06-15 13-35-34.png',	'product_images/64afbe207b641.png',	'thumbnails/phpUAFhX7',	'image/png',	'main_section',	'png',	NULL,	0,	NULL,	NULL),
(211,	92,	'Screenshot from 2023-06-21 17-38-08.png',	'product_images/64afbea39cd5f.png',	'thumbnails/php8jHvG9',	'image/png',	'main_section',	'png',	NULL,	0,	NULL,	NULL),
(212,	93,	'Screenshot from 2023-06-16 11-58-50.png',	'product_images/64afc5579c05e.png',	'thumbnails/phpRXTuy7',	'image/png',	'main_section',	'png',	NULL,	0,	NULL,	NULL),
(213,	98,	'Screenshot from 2023-06-16 22-14-25.png',	'product_images/64afcd8f591ef.png',	'thumbnails/phpZ1KBK7',	'image/png',	'main_section',	'png',	NULL,	0,	NULL,	NULL),
(214,	99,	'Screenshot from 2023-06-20 12-09-12.png',	'product_images/64afcdeec6adf.png',	'thumbnails/php0h5sT6',	'image/png',	'main_section',	'png',	NULL,	0,	NULL,	NULL),
(215,	99,	'Screenshot from 2023-06-20 13-46-25.png',	'product_images/64afcdeed9e6a.png',	'thumbnails/phpWx9lA9',	'image/png',	'main_section',	'png',	NULL,	0,	NULL,	NULL),
(216,	99,	'Screenshot from 2023-06-21 17-38-08.png',	'product_images/64afcdeee8b9d.png',	'thumbnails/php6AtAya',	'image/png',	'main_section',	'png',	NULL,	0,	NULL,	NULL),
(217,	99,	'Screenshot from 2023-06-25 22-35-51.png',	'product_images/64afcdef04454.png',	'thumbnails/phpuaL2y6',	'image/png',	'main_section',	'png',	NULL,	0,	NULL,	NULL),
(218,	99,	'Screenshot from 2023-06-26 12-06-56.png',	'product_images/64afcdef139cd.png',	'thumbnails/phpa7nRD9',	'image/png',	'main_section',	'png',	NULL,	0,	NULL,	NULL),
(219,	100,	'Screenshot from 2023-06-16 22-43-41.png',	'product_images/64afd2565c671.png',	'thumbnails/php7MXQQ8',	'image/png',	'main_section',	'png',	NULL,	0,	NULL,	NULL),
(220,	100,	'Screenshot from 2023-06-20 12-09-12.png',	'product_images/64afd2566ce2b.png',	'thumbnails/phpmjKvF8',	'image/png',	'main_section',	'png',	NULL,	0,	NULL,	NULL),
(221,	100,	'Screenshot from 2023-06-20 13-46-25.png',	'product_images/64afd2567bc8e.png',	'thumbnails/phpDtSpJ9',	'image/png',	'main_section',	'png',	NULL,	0,	NULL,	NULL),
(222,	100,	'Screenshot from 2023-06-21 17-38-08.png',	'product_images/64afd2568ac8f.png',	'thumbnails/phpwmrTka',	'image/png',	'main_section',	'png',	NULL,	0,	NULL,	NULL),
(223,	100,	'Screenshot from 2023-06-25 22-35-51.png',	'product_images/64afd2569a3ff.png',	'thumbnails/phpcezVG6',	'image/png',	'main_section',	'png',	NULL,	0,	NULL,	NULL),
(224,	101,	'Screenshot from 2023-06-14 22-49-08.png',	'product_images/64afd596bafb4.png',	'thumbnails/phpeezM79',	'image/png',	'main_section',	'png',	NULL,	0,	NULL,	NULL),
(225,	102,	'Screenshot from 2023-06-26 12-06-56.png',	'product_images/64afd76c52a28.png',	'thumbnails/phpCTI629',	'image/png',	'main_section',	'png',	NULL,	0,	NULL,	NULL),
(226,	102,	'Screenshot from 2023-06-26 12-34-08.png',	'product_images/64afd76c620ca.png',	'thumbnails/phpkHBks8',	'image/png',	'main_section',	'png',	NULL,	0,	NULL,	NULL),
(227,	102,	'Screenshot from 2023-06-26 21-10-21.png',	'product_images/64afd76c70857.png',	'thumbnails/phpSt9iv7',	'image/png',	'main_section',	'png',	NULL,	0,	NULL,	NULL),
(228,	102,	'Screenshot from 2023-06-26 21-11-06.png',	'product_images/64afd76c7e909.png',	'thumbnails/phpBSbZU6',	'image/png',	'main_section',	'png',	NULL,	0,	NULL,	NULL),
(229,	102,	'Screenshot from 2023-06-16 22-14-25.png',	'product_images/64afddad0f9c3.png',	'',	'image/png',	'slider',	'png',	NULL,	0,	NULL,	NULL),
(230,	102,	'Screenshot from 2023-06-20 12-09-12.png',	'product_images/64afddc056447.png',	'',	'image/png',	'slider',	'png',	NULL,	0,	NULL,	NULL),
(231,	102,	'Screenshot from 2023-06-20 13-46-25.png',	'product_images/64afddc05b109.png',	'',	'image/png',	'slider',	'png',	NULL,	0,	NULL,	NULL),
(232,	102,	'Screenshot from 2023-06-21 17-38-08.png',	'product_images/64afddc05c2ae.png',	'',	'image/png',	'slider',	'png',	NULL,	0,	NULL,	NULL),
(233,	102,	'Screenshot from 2023-06-25 22-35-51.png',	'product_images/64afddc05d333.png',	'',	'image/png',	'slider',	'png',	NULL,	0,	NULL,	NULL),
(234,	102,	'Screenshot from 2023-06-26 12-06-56.png',	'product_images/64afddc05ea24.png',	'',	'image/png',	'slider',	'png',	NULL,	0,	NULL,	NULL),
(235,	103,	'Screenshot from 2023-06-15 13-35-34.png',	'product_images/64afe31cedfa5.png',	'thumbnails/php0WDNK6',	'image/png',	'main_section',	'png',	NULL,	0,	NULL,	NULL),
(236,	104,	'Screenshot from 2023-06-16 22-43-41.png',	'product_images/64b0dd5df1b18.png',	'thumbnails/php6R5b49',	'image/png',	'main_section',	'png',	NULL,	0,	NULL,	NULL),
(237,	105,	'Screenshot from 2023-06-16 22-14-25.png',	'product_images/64b0dd7653b32.png',	'thumbnails/phpVcfbi7',	'image/png',	'main_section',	'png',	NULL,	0,	NULL,	NULL),
(238,	105,	'Screenshot from 2023-06-16 22-36-50.png',	'product_images/64b0dd7664f82.png',	'thumbnails/phpVEBaxa',	'image/png',	'main_section',	'png',	NULL,	0,	NULL,	NULL),
(239,	105,	'Screenshot from 2023-06-16 22-43-41.png',	'product_images/64b0dd7674d1a.png',	'thumbnails/phpQtI7G7',	'image/png',	'main_section',	'png',	NULL,	0,	NULL,	NULL),
(240,	105,	'Screenshot from 2023-06-20 12-09-12.png',	'product_images/64b0dd7684ec1.png',	'thumbnails/phpWveoT9',	'image/png',	'main_section',	'png',	NULL,	0,	NULL,	NULL),
(241,	105,	'Screenshot from 2023-06-20 13-46-25.png',	'product_images/64b0dd7694374.png',	'thumbnails/phpPO17i8',	'image/png',	'main_section',	'png',	NULL,	0,	NULL,	NULL),
(242,	105,	'Screenshot from 2023-06-21 17-38-08.png',	'product_images/64b0dd76a43d8.png',	'thumbnails/phpUsnmP9',	'image/png',	'main_section',	'png',	NULL,	0,	NULL,	NULL),
(243,	105,	'Screenshot from 2023-06-25 22-35-51.png',	'product_images/64b0dd76b5450.png',	'thumbnails/phpDLENN8',	'image/png',	'main_section',	'png',	NULL,	0,	NULL,	NULL),
(244,	107,	'Screenshot from 2023-06-16 22-43-41.png',	'product_images/64b0dd9777098.png',	'thumbnails/phpcYBBJ7',	'image/png',	'main_section',	'png',	NULL,	0,	NULL,	NULL),
(245,	107,	'Screenshot from 2023-06-20 12-09-12.png',	'product_images/64b0dd9787323.png',	'thumbnails/phphBbvc9',	'image/png',	'main_section',	'png',	NULL,	0,	NULL,	NULL),
(246,	107,	'Screenshot from 2023-06-20 13-46-25.png',	'product_images/64b0dd9795e30.png',	'thumbnails/phpfU3fh7',	'image/png',	'main_section',	'png',	NULL,	0,	NULL,	NULL),
(247,	107,	'Screenshot from 2023-06-21 17-38-08.png',	'product_images/64b0dd97a47ef.png',	'thumbnails/phph44Uw9',	'image/png',	'main_section',	'png',	NULL,	0,	NULL,	NULL),
(248,	107,	'Screenshot from 2023-06-25 22-35-51.png',	'product_images/64b0dd97b3cbe.png',	'thumbnails/phpXBEG87',	'image/png',	'main_section',	'png',	NULL,	0,	NULL,	NULL),
(249,	108,	'Screenshot from 2023-06-14 22-49-08.png',	'product_images/64b10dc75bd29.png',	'thumbnails/phpuXLM19',	'image/png',	'main_section',	'png',	NULL,	0,	NULL,	NULL),
(250,	109,	'Screenshot from 2023-06-14 23-02-16.png',	'product_images/64b10deba9e51.png',	'thumbnails/phpD4iS39',	'image/png',	'main_section',	'png',	NULL,	0,	NULL,	NULL),
(251,	110,	'Screenshot from 2023-06-25 22-35-51.png',	'product_images/64b1120604c0a.png',	'thumbnails/phpyicux6',	'image/png',	'main_section',	'png',	NULL,	0,	NULL,	NULL),
(252,	111,	'Screenshot from 2023-06-20 13-46-25.png',	'product_images/64b115654bb76.png',	'thumbnails/phpr8LMTa',	'image/png',	'main_section',	'png',	NULL,	0,	NULL,	NULL),
(253,	112,	'Screenshot from 2023-06-14 22-49-08.png',	'product_images/64b119cf6c2a6.png',	'thumbnails/phpvSAWHa',	'image/png',	'main_section',	'png',	NULL,	0,	NULL,	NULL),
(254,	113,	'Screenshot from 2023-06-26 12-34-08.png',	'product_images/64b11f34cd8c0.png',	'thumbnails/phpU4MHE8',	'image/png',	'main_section',	'png',	NULL,	0,	NULL,	NULL),
(255,	114,	'Screenshot from 2023-06-25 22-35-51.png',	'product_images/64b11fbfa7da8.png',	'thumbnails/phpCncii7',	'image/png',	'main_section',	'png',	NULL,	0,	NULL,	NULL),
(256,	115,	'Screenshot from 2023-06-25 22-35-51.png',	'product_images/64b124c16a0b8.png',	'thumbnails/phpCg7G88',	'image/png',	'main_section',	'png',	NULL,	0,	NULL,	NULL),
(257,	116,	'Screenshot from 2023-06-26 12-34-08.png',	'product_images/64b12a9f2f4e7.png',	'thumbnails/php9Ixr3a',	'image/png',	'main_section',	'png',	NULL,	0,	NULL,	NULL),
(258,	117,	'Screenshot from 2023-06-21 17-38-08.png',	'product_images/64b13ed1b45bf.png',	'thumbnails/phpGGrB19',	'image/png',	'main_section',	'png',	NULL,	0,	NULL,	NULL),
(259,	118,	'Screenshot from 2023-06-25 22-35-51.png',	'product_images/64b14014a213d.png',	'thumbnails/phpx2MFZa',	'image/png',	'main_section',	'png',	NULL,	0,	NULL,	NULL),
(260,	119,	'Screenshot from 2023-06-16 22-36-50.png',	'product_images/64b227957c655.png',	'thumbnails/phpMRk5D8',	'image/png',	'main_section',	'png',	NULL,	0,	NULL,	NULL),
(261,	120,	'Screenshot from 2023-06-14 22-49-08.png',	'product_images/64b227a2d7a0b.png',	'thumbnails/phpTUaco7',	'image/png',	'main_section',	'png',	NULL,	0,	NULL,	NULL),
(262,	121,	'Screenshot from 2023-06-14 23-02-16.png',	'product_images/64b22b3494450.png',	'thumbnails/php31fIz9',	'image/png',	'main_section',	'png',	NULL,	0,	NULL,	NULL),
(263,	122,	'Screenshot from 2023-06-15 13-35-34.png',	'product_images/64b22c6104abe.png',	'thumbnails/php7ykM48',	'image/png',	'main_section',	'png',	NULL,	0,	NULL,	NULL),
(264,	122,	'Screenshot from 2023-06-20 13-46-25.png',	'product_images/64b22cc1a7e27.png',	'',	'image/png',	'slider',	'png',	NULL,	0,	NULL,	NULL),
(265,	122,	'Screenshot from 2023-06-16 22-14-25.png',	'product_images/64b22cc1a92ce.png',	'',	'image/png',	'slider',	'png',	NULL,	0,	NULL,	NULL),
(266,	122,	'Screenshot from 2023-06-16 22-36-50.png',	'product_images/64b22cc1aa48d.png',	'',	'image/png',	'slider',	'png',	NULL,	0,	NULL,	NULL),
(267,	122,	'Screenshot from 2023-06-16 22-43-41.png',	'product_images/64b22cc1ac071.png',	'',	'image/png',	'slider',	'png',	NULL,	0,	NULL,	NULL),
(268,	122,	'Screenshot from 2023-06-20 12-09-12.png',	'product_images/64b22cc1ad467.png',	'',	'image/png',	'slider',	'png',	NULL,	0,	NULL,	NULL),
(269,	122,	'Screenshot from 2023-06-20 13-46-25.png',	'product_images/64b22cc1ae3ff.png',	'',	'image/png',	'slider',	'png',	NULL,	0,	NULL,	NULL),
(270,	122,	'Screenshot from 2023-06-15 13-35-34.png',	'product_images/64b22ccb24e49.png',	'',	'image/png',	'slider',	'png',	NULL,	0,	NULL,	NULL),
(271,	122,	'Screenshot from 2023-06-16 11-58-50.png',	'product_images/64b22ccb2637a.png',	'',	'image/png',	'slider',	'png',	NULL,	0,	NULL,	NULL),
(272,	122,	'Screenshot from 2023-06-16 22-14-25.png',	'product_images/64b22ccb27833.png',	'',	'image/png',	'slider',	'png',	NULL,	0,	NULL,	NULL),
(273,	122,	'Screenshot from 2023-06-16 22-36-50.png',	'product_images/64b22ccb2899a.png',	'',	'image/png',	'slider',	'png',	NULL,	0,	NULL,	NULL),
(274,	122,	'Screenshot from 2023-06-16 22-36-50.png',	'product_images/64b23e33de37e.png',	'',	'image/png',	'slider',	'png',	NULL,	0,	NULL,	NULL),
(275,	123,	'Screenshot from 2023-06-21 17-38-08.png',	'product_images/64b23e6031535.png',	'thumbnails/phpoH2UB9',	'image/png',	'main_section',	'png',	NULL,	0,	NULL,	NULL),
(276,	123,	'Screenshot from 2023-06-12 16-53-09.png',	'product_images/64b23e70d3fae.png',	'',	'image/png',	'slider',	'png',	NULL,	0,	NULL,	NULL),
(277,	123,	'Screenshot from 2023-06-14 22-49-08.png',	'product_images/64b23e70d52ed.png',	'',	'image/png',	'slider',	'png',	NULL,	0,	NULL,	NULL),
(278,	123,	'Screenshot from 2023-06-14 23-02-16.png',	'product_images/64b23e70d71d2.png',	'',	'image/png',	'slider',	'png',	NULL,	0,	NULL,	NULL),
(279,	124,	'Screenshot from 2023-06-26 12-06-56.png',	'product_images/64b24c82c18c6.png',	'thumbnails/phpBDEyKa',	'image/png',	'main_section',	'png',	NULL,	0,	NULL,	NULL),
(280,	125,	'Screenshot from 2023-06-15 13-35-34.png',	'product_images/64b253ab64edd.png',	'thumbnails/php0TT2V7',	'image/png',	'main_section',	'png',	NULL,	0,	NULL,	NULL),
(281,	126,	'Screenshot from 2023-06-16 11-58-50.png',	'product_images/64b2629925ccf.png',	'thumbnails/phplgtXb8',	'image/png',	'main_section',	'png',	NULL,	0,	NULL,	NULL),
(282,	127,	'Screenshot from 2023-06-15 13-35-34.png',	'product_images/64b262e0a20fc.png',	'thumbnails/phpOYlGs7',	'image/png',	'main_section',	'png',	NULL,	0,	NULL,	NULL),
(283,	128,	'Screenshot from 2023-06-16 22-14-25.png',	'product_images/64b264d2454de.png',	'thumbnails/phprQ5wN7',	'image/png',	'main_section',	'png',	NULL,	0,	NULL,	NULL),
(284,	129,	'Screenshot from 2023-06-15 13-35-34.png',	'product_images/64b26523b4361.png',	'thumbnails/phpaji3oa',	'image/png',	'main_section',	'png',	NULL,	0,	NULL,	NULL),
(285,	130,	'Screenshot from 2023-06-26 12-34-08.png',	'product_images/64b2662593867.png',	'thumbnails/phpPCgXH7',	'image/png',	'main_section',	'png',	NULL,	0,	NULL,	NULL),
(286,	131,	'Screenshot from 2023-06-25 22-35-51.png',	'product_images/64b2666ed3553.png',	'thumbnails/php46Pfd8',	'image/png',	'main_section',	'png',	NULL,	0,	NULL,	NULL),
(287,	132,	'Screenshot from 2023-06-26 12-06-56.png',	'product_images/64b268b4c25d9.png',	'thumbnails/phpbd7Lb9',	'image/png',	'main_section',	'png',	NULL,	0,	NULL,	NULL),
(288,	133,	'Screenshot from 2023-06-15 13-35-34.png',	'product_images/64b3e70761518.png',	'thumbnails/phpZJILb9',	'image/png',	'main_section',	'png',	NULL,	0,	NULL,	NULL),
(289,	134,	'Screenshot from 2023-06-14 23-02-16.png',	'product_images/64b3ebfa57675.png',	'thumbnails/phpHvTUZ6',	'image/png',	'main_section',	'png',	NULL,	0,	NULL,	NULL),
(290,	135,	'Screenshot from 2023-06-15 13-35-34.png',	'product_images/64b3ec238a359.png',	'thumbnails/phpuMIIh9',	'image/png',	'main_section',	'png',	NULL,	0,	NULL,	NULL),
(291,	136,	'Screenshot from 2023-06-16 22-43-41.png',	'product_images/64b4e4fc4238a.png',	'thumbnails/phpheQeu6',	'image/png',	'main_section',	'png',	NULL,	0,	NULL,	NULL),
(292,	137,	'Screenshot from 2023-06-16 11-58-50.png',	'product_images/64b4e51f1cb4f.png',	'thumbnails/phpjr7Yn9',	'image/png',	'main_section',	'png',	NULL,	0,	NULL,	NULL),
(293,	137,	'Screenshot from 2023-06-15 13-35-34.png',	'product_images/64b4e54fe98a9.png',	'',	'image/png',	'slider',	'png',	NULL,	0,	NULL,	NULL),
(294,	137,	'Screenshot from 2023-06-16 11-58-50.png',	'product_images/64b4e54feac33.png',	'',	'image/png',	'slider',	'png',	NULL,	0,	NULL,	NULL),
(295,	137,	'Screenshot from 2023-06-16 22-14-25.png',	'product_images/64b4e54febf3e.png',	'',	'image/png',	'slider',	'png',	NULL,	0,	NULL,	NULL),
(296,	137,	'Screenshot from 2023-06-16 22-36-50.png',	'product_images/64b4e54fed21c.png',	'',	'image/png',	'slider',	'png',	NULL,	0,	NULL,	NULL),
(297,	137,	'Screenshot from 2023-06-16 22-43-41.png',	'product_images/64b4e54fee39d.png',	'',	'image/png',	'slider',	'png',	NULL,	0,	NULL,	NULL),
(298,	137,	'Screenshot from 2023-06-20 12-09-12.png',	'product_images/64b4e54fefcd1.png',	'',	'image/png',	'slider',	'png',	NULL,	0,	NULL,	NULL),
(299,	137,	'Screenshot from 2023-06-20 13-46-25.png',	'product_images/64b4e54ff13b8.png',	'',	'image/png',	'slider',	'png',	NULL,	0,	NULL,	NULL),
(300,	137,	'Screenshot from 2023-06-21 17-38-08.png',	'product_images/64b4e54ff2702.png',	'',	'image/png',	'slider',	'png',	NULL,	0,	NULL,	NULL),
(301,	137,	'Screenshot from 2023-06-25 22-35-51.png',	'product_images/64b4e54ff39a0.png',	'',	'image/png',	'slider',	'png',	NULL,	0,	NULL,	NULL),
(302,	138,	'Screenshot from 2023-06-20 12-09-12.png',	'product_images/64b4ea2726d47.png',	'thumbnails/phpwDTYE8',	'image/png',	'main_section',	'png',	NULL,	0,	NULL,	NULL),
(303,	139,	'Screenshot from 2023-06-16 11-58-50.png',	'product_images/64b4ea68148fb.png',	'thumbnails/phpw97wm9',	'image/png',	'main_section',	'png',	NULL,	0,	NULL,	NULL),
(304,	140,	'Screenshot from 2023-06-16 22-36-50.png',	'product_images/64b4ea9c15874.png',	'thumbnails/phpI6QA3a',	'image/png',	'main_section',	'png',	NULL,	0,	NULL,	NULL),
(305,	141,	'Screenshot from 2023-06-20 12-09-12.png',	'product_images/64b5061f41c89.png',	'thumbnails/php0KrBU9',	'image/png',	'main_section',	'png',	NULL,	0,	NULL,	NULL),
(306,	142,	'Screenshot from 2023-06-15 13-35-34.png',	'product_images/64b5064363c32.png',	'thumbnails/phpf2uaO6',	'image/png',	'main_section',	'png',	NULL,	0,	NULL,	NULL),
(307,	142,	'Screenshot from 2023-06-16 11-58-50.png',	'product_images/64b506437357f.png',	'thumbnails/phpVOo1za',	'image/png',	'main_section',	'png',	NULL,	0,	NULL,	NULL),
(308,	142,	'Screenshot from 2023-06-16 22-14-25.png',	'product_images/64b506438313a.png',	'thumbnails/phpY4fA86',	'image/png',	'main_section',	'png',	NULL,	0,	NULL,	NULL),
(309,	142,	'Screenshot from 2023-06-16 22-36-50.png',	'product_images/64b506439118d.png',	'thumbnails/phpGHCRGa',	'image/png',	'main_section',	'png',	NULL,	0,	NULL,	NULL),
(310,	142,	'Screenshot from 2023-06-16 22-43-41.png',	'product_images/64b50643a1a9e.png',	'thumbnails/phpE3XqUa',	'image/png',	'main_section',	'png',	NULL,	0,	NULL,	NULL),
(311,	142,	'Screenshot from 2023-06-20 12-09-12.png',	'product_images/64b50643b1ec9.png',	'thumbnails/phpRpoy86',	'image/png',	'main_section',	'png',	NULL,	0,	NULL,	NULL),
(312,	142,	'Screenshot from 2023-06-20 13-46-25.png',	'product_images/64b50643c3df0.png',	'thumbnails/phpBq9Ct6',	'image/png',	'main_section',	'png',	NULL,	0,	NULL,	NULL),
(313,	142,	'Screenshot from 2023-06-21 17-38-08.png',	'product_images/64b50643d4495.png',	'thumbnails/phpBtL4ja',	'image/png',	'main_section',	'png',	NULL,	0,	NULL,	NULL),
(314,	142,	'Screenshot from 2023-06-25 22-35-51.png',	'product_images/64b50643e6878.png',	'thumbnails/php1fNMGa',	'image/png',	'main_section',	'png',	NULL,	0,	NULL,	NULL),
(315,	143,	'Screenshot from 2023-06-20 12-09-12.png',	'product_images/64b50789a9345.png',	'thumbnails/phpoohYC8',	'image/png',	'main_section',	'png',	NULL,	0,	NULL,	NULL),
(316,	144,	'Screenshot from 2023-06-20 13-46-25.png',	'product_images/64b507a2cff55.png',	'thumbnails/php5RVGv8',	'image/png',	'main_section',	'png',	NULL,	0,	NULL,	NULL),
(317,	145,	'Screenshot from 2023-06-15 13-35-34.png',	'product_images/64b507c4d42a2.png',	'thumbnails/phpnOTSX6',	'image/png',	'main_section',	'png',	NULL,	0,	NULL,	NULL),
(318,	145,	'Screenshot from 2023-06-15 13-35-34.png',	'product_images/64b5083c8b2c6.png',	'',	'image/png',	'slider',	'png',	NULL,	0,	NULL,	NULL),
(319,	145,	'Screenshot from 2023-06-20 13-46-25.png',	'product_images/64b50856b95d9.png',	'',	'image/png',	'slider',	'png',	NULL,	0,	NULL,	NULL),
(320,	145,	'Screenshot from 2023-06-21 17-38-08.png',	'product_images/64b50856ba99f.png',	'',	'image/png',	'slider',	'png',	NULL,	0,	NULL,	NULL),
(321,	145,	'Screenshot from 2023-06-25 22-35-51.png',	'product_images/64b50856bbdca.png',	'',	'image/png',	'slider',	'png',	NULL,	0,	NULL,	NULL),
(322,	145,	'Screenshot from 2023-06-26 12-06-56.png',	'product_images/64b50856bd151.png',	'',	'image/png',	'slider',	'png',	NULL,	0,	NULL,	NULL),
(323,	146,	'Screenshot from 2023-06-16 11-58-50.png',	'product_images/64b50b081ec09.png',	'thumbnails/phpZG8dd7',	'image/png',	'main_section',	'png',	NULL,	0,	NULL,	NULL),
(324,	146,	'Screenshot from 2023-06-16 22-14-25.png',	'product_images/64b50b0830851.png',	'thumbnails/phpAQRLU8',	'image/png',	'main_section',	'png',	NULL,	0,	NULL,	NULL),
(325,	146,	'Screenshot from 2023-06-16 22-36-50.png',	'product_images/64b50b083fb5a.png',	'thumbnails/phpO9ESOa',	'image/png',	'main_section',	'png',	NULL,	0,	NULL,	NULL),
(326,	146,	'Screenshot from 2023-06-16 22-43-41.png',	'product_images/64b50b0852faa.png',	'thumbnails/phpRbJFK8',	'image/png',	'main_section',	'png',	NULL,	0,	NULL,	NULL),
(327,	146,	'Screenshot from 2023-06-20 12-09-12.png',	'product_images/64b50b0866acc.png',	'thumbnails/phpLtjZQ7',	'image/png',	'main_section',	'png',	NULL,	0,	NULL,	NULL),
(328,	146,	'Screenshot from 2023-06-20 13-46-25.png',	'product_images/64b50b08796a9.png',	'thumbnails/phpLe37W8',	'image/png',	'main_section',	'png',	NULL,	0,	NULL,	NULL),
(329,	146,	'Screenshot from 2023-06-21 17-38-08.png',	'product_images/64b50b088b954.png',	'thumbnails/php8e0oy6',	'image/png',	'main_section',	'png',	NULL,	0,	NULL,	NULL),
(330,	147,	'Screenshot from 2023-06-16 11-58-50.png',	'product_images/64b50b3026ac2.png',	'thumbnails/phpzRfou8',	'image/png',	'main_section',	'png',	NULL,	0,	NULL,	NULL),
(331,	148,	'Screenshot from 2023-06-15 13-35-34.png',	'product_images/64b50b805040e.png',	'thumbnails/phpmjxKt8',	'image/png',	'main_section',	'png',	NULL,	0,	NULL,	NULL),
(332,	148,	'Screenshot from 2023-06-16 11-58-50.png',	'product_images/64b50b8062862.png',	'thumbnails/phpBQYM69',	'image/png',	'main_section',	'png',	NULL,	0,	NULL,	NULL),
(333,	148,	'Screenshot from 2023-06-16 22-14-25.png',	'product_images/64b50b807424f.png',	'thumbnails/phpu4rxW9',	'image/png',	'main_section',	'png',	NULL,	0,	NULL,	NULL),
(334,	149,	'Screenshot from 2023-06-15 13-35-34.png',	'product_images/64b50ec071d02.png',	'thumbnails/php5i3Nf9',	'image/png',	'main_section',	'png',	NULL,	0,	NULL,	NULL),
(335,	149,	'Screenshot from 2023-06-16 22-14-25.png',	'product_images/64b50ed387fdd.png',	'thumbnails/phpJRiK5a',	'image/png',	'main_section',	'png',	NULL,	0,	NULL,	NULL),
(336,	149,	'Screenshot from 2023-06-16 22-36-50.png',	'product_images/64b50ed39e3b1.png',	'thumbnails/phpDH2wfa',	'image/png',	'main_section',	'png',	NULL,	0,	NULL,	NULL),
(337,	150,	'Screenshot from 2023-06-14 22-49-08.png',	'product_images/64b51c9cbb3da.png',	'thumbnails/phpuXv4H7',	'image/png',	'main_section',	'png',	NULL,	0,	NULL,	NULL),
(338,	151,	'Screenshot from 2023-06-16 11-58-50.png',	'product_images/64b51dac8d1a1.png',	'thumbnails/php74IB27',	'image/png',	'main_section',	'png',	NULL,	0,	NULL,	NULL),
(339,	151,	'Screenshot from 2023-06-16 22-43-41.png',	'product_images/64b51e1a9d64d.png',	'',	'image/png',	'slider',	'png',	NULL,	0,	NULL,	NULL),
(340,	151,	'Screenshot from 2023-05-09 18-08-17.png',	'product_images/64b51e31e9b94.png',	'',	'image/png',	'slider',	'png',	NULL,	0,	NULL,	NULL),
(341,	151,	'Screenshot from 2023-05-11 13-00-58.png',	'product_images/64b51e31eaed4.png',	'',	'image/png',	'slider',	'png',	NULL,	0,	NULL,	NULL),
(342,	152,	'Screenshot from 2023-06-15 13-35-34.png',	'product_images/64b530c7c2b1a.png',	'thumbnails/phpSusD3a',	'image/png',	'main_section',	'png',	NULL,	0,	NULL,	NULL),
(343,	153,	'Screenshot from 2023-06-14 22-49-08.png',	'product_images/64b5421d7cee9.png',	'thumbnails/phpdrDd6a',	'image/png',	'main_section',	'png',	NULL,	0,	NULL,	NULL),
(344,	154,	'Screenshot from 2023-06-12 16-53-09.png',	'product_images/64b574e2852f0.png',	'thumbnails/phpnbq7Ia',	'image/png',	'main_section',	'png',	NULL,	0,	NULL,	NULL),
(345,	154,	'Screenshot from 2023-06-14 22-49-08.png',	'product_images/64b574e29743f.png',	'thumbnails/php83Vb78',	'image/png',	'main_section',	'png',	NULL,	0,	NULL,	NULL),
(346,	154,	'Screenshot from 2023-06-14 23-02-16.png',	'product_images/64b574e2a5df9.png',	'thumbnails/php4wmuk8',	'image/png',	'main_section',	'png',	NULL,	0,	NULL,	NULL),
(347,	154,	'Screenshot from 2023-06-15 13-35-34.png',	'product_images/64b574e2b3f2e.png',	'thumbnails/phpcmP6C9',	'image/png',	'main_section',	'png',	NULL,	0,	NULL,	NULL),
(348,	154,	'Screenshot from 2023-06-16 11-58-50.png',	'product_images/64b574e2c2aef.png',	'thumbnails/phpeRyYr7',	'image/png',	'main_section',	'png',	NULL,	0,	NULL,	NULL),
(349,	154,	'Screenshot from 2023-06-16 22-14-25.png',	'product_images/64b574e2d2243.png',	'thumbnails/phpzcGYN8',	'image/png',	'main_section',	'png',	NULL,	0,	NULL,	NULL),
(350,	154,	'Screenshot from 2023-06-16 22-36-50.png',	'product_images/64b574e2e020a.png',	'thumbnails/phpoQRE86',	'image/png',	'main_section',	'png',	NULL,	0,	NULL,	NULL),
(351,	154,	'Screenshot from 2023-06-16 22-43-41.png',	'product_images/64b574e2f00f5.png',	'thumbnails/phpntMMVa',	'image/png',	'main_section',	'png',	NULL,	0,	NULL,	NULL),
(352,	154,	'Screenshot from 2023-06-20 12-09-12.png',	'product_images/64b574e30bcb0.png',	'thumbnails/phpjBChka',	'image/png',	'main_section',	'png',	NULL,	0,	NULL,	NULL),
(353,	155,	'Screenshot from 2023-06-15 13-35-34.png',	'product_images/64b57c079908a.png',	'thumbnails/phpxrEUm9',	'image/png',	'main_section',	'png',	NULL,	0,	NULL,	NULL),
(354,	156,	'Screenshot from 2023-06-20 12-09-12.png',	'product_images/64b61c43b0eda.png',	'thumbnails/phphbynq6',	'image/png',	'main_section',	'png',	NULL,	0,	NULL,	NULL),
(355,	157,	'Screenshot from 2023-06-16 22-43-41.png',	'product_images/64b61cf4baeb8.png',	'thumbnails/phprbSmSa',	'image/png',	'main_section',	'png',	NULL,	0,	NULL,	NULL),
(356,	158,	'Screenshot from 2023-06-16 22-36-50.png',	'product_images/64b6210158417.png',	'thumbnails/phpScfGBa',	'image/png',	'main_section',	'png',	NULL,	0,	NULL,	NULL),
(357,	159,	'Screenshot from 2023-06-16 11-58-50.png',	'product_images/64b621ee79ae8.png',	'thumbnails/phpb9cXz8',	'image/png',	'main_section',	'png',	NULL,	0,	NULL,	NULL),
(358,	160,	'Screenshot from 2023-07-16 13-55-02.png',	'product_images/64b658a2c760a.png',	'thumbnails/phpOtprfK',	'image/png',	'main_section',	'png',	NULL,	0,	NULL,	NULL),
(359,	161,	'Screenshot from 2023-06-16 11-58-50.png',	'product_images/64b65b9c4e992.png',	'thumbnails/phptz71WJ',	'image/png',	'main_section',	'png',	NULL,	0,	NULL,	NULL),
(360,	162,	'Screenshot from 2023-06-14 23-02-16.png',	'product_images/64b65cc9d89f8.png',	'thumbnails/phpoe6pdL',	'image/png',	'main_section',	'png',	NULL,	0,	NULL,	NULL),
(361,	163,	'Screenshot from 2023-06-15 13-35-34.png',	'product_images/64b65f1516abe.png',	'thumbnails/phpQSt1eL',	'image/png',	'main_section',	'png',	NULL,	0,	NULL,	NULL),
(362,	164,	'Screenshot from 2023-05-11 13-00-58.png',	'product_images/64b663b642dc3.png',	'thumbnails/phpUaHPuM',	'image/png',	'main_section',	'png',	NULL,	0,	NULL,	NULL),
(363,	165,	'Screenshot from 2023-07-18 16-09-40.png',	'product_images/64b66bf33d920.png',	'thumbnails/phpFMCDgp',	'image/png',	'main_section',	'png',	NULL,	0,	NULL,	NULL),
(364,	164,	'Screenshot from 2023-07-18 16-09-40.png',	'product_images/64b67689bfedb.png',	'thumbnails/phpPBiMHn',	'image/png',	'main_section',	'png',	NULL,	0,	NULL,	NULL),
(365,	166,	'Screenshot from 2023-07-18 16-09-40.png',	'product_images/64b6e5cb59273.png',	'thumbnails/phpJRAfMr',	'image/png',	'main_section',	'png',	NULL,	0,	NULL,	NULL),
(366,	166,	'Screenshot from 2023-07-18 16-09-40.png',	'product_images/64b6e60b4b305.png',	'',	'image/png',	'slider',	'png',	NULL,	0,	NULL,	NULL),
(367,	167,	'Screenshot from 2023-07-18 16-09-40.png',	'product_images/64b6e7d495ca2.png',	'thumbnails/phpzRuB6p',	'image/png',	'main_section',	'png',	NULL,	0,	NULL,	NULL),
(368,	168,	'Screenshot from 2023-07-18 16-09-40.png',	'product_images/64b6e913be521.png',	'thumbnails/phpTTuDXp',	'image/png',	'main_section',	'png',	NULL,	0,	NULL,	NULL),
(369,	168,	'Screenshot from 2023-07-18 16-09-40.png',	'product_images/64b6e94f932fe.png',	'',	'image/png',	'slider',	'png',	NULL,	1,	NULL,	'2023-07-19 06:06:23'),
(370,	168,	'Screenshot from 2023-07-18 16-09-40.png',	'product_images/64b7afd45fcc0.png',	'',	'image/png',	'slider',	'png',	NULL,	1,	NULL,	'2023-07-19 05:48:28'),
(371,	168,	'Screenshot from 2023-07-18 16-09-40.png',	'product_images/64b7afd462cf1.png',	'',	'image/png',	'slider',	'png',	NULL,	1,	NULL,	'2023-07-19 05:43:22'),
(372,	168,	'Screenshot from 2023-07-19 15-11-24.png',	'product_images/64b7afd464303.png',	'',	'image/png',	'slider',	'png',	NULL,	1,	NULL,	'2023-07-19 05:27:16'),
(373,	168,	'Screenshot from 2023-07-19 15-11-25.png',	'product_images/64b7afd465606.png',	'',	'image/png',	'slider',	'png',	NULL,	1,	NULL,	'2023-07-19 05:25:56'),
(374,	169,	'Screenshot from 2023-07-19 15-11-25.png',	'product_images/64b7be3e7008e.png',	'thumbnails/phpj8d5Nn',	'image/png',	'main_section',	'png',	NULL,	0,	NULL,	NULL),
(375,	168,	'Screenshot from 2023-07-19 15-11-24.png',	'product_images/64b7cac1c9e4f.png',	'',	'image/png',	'slider',	'png',	NULL,	0,	NULL,	NULL),
(376,	170,	'Screenshot from 2023-07-18 16-09-40.png',	'product_images/64b7cdd7bbd70.png',	'thumbnails/php1PMFKo',	'image/png',	'main_section',	'png',	NULL,	0,	NULL,	NULL),
(377,	170,	'Screenshot from 2023-07-19 15-11-24.png',	'product_images/64b7cdd7d270b.png',	'thumbnails/phpGsm1Tm',	'image/png',	'main_section',	'png',	NULL,	0,	NULL,	NULL),
(378,	170,	'Screenshot from 2023-07-19 15-11-25.png',	'product_images/64b7cdd7e0636.png',	'thumbnails/phpnfiK3n',	'image/png',	'main_section',	'png',	NULL,	0,	NULL,	NULL),
(379,	170,	'Screenshot from 2023-07-18 16-09-40.png',	'product_images/64b7ce24b0985.png',	'',	'image/png',	'slider',	'png',	NULL,	0,	NULL,	NULL),
(380,	170,	'Screenshot from 2023-07-19 15-11-24.png',	'product_images/64b7ce24b1bfd.png',	'',	'image/png',	'slider',	'png',	NULL,	0,	NULL,	NULL),
(381,	170,	'Screenshot from 2023-07-19 15-11-25.png',	'product_images/64b7ce24b2c64.png',	'',	'image/png',	'slider',	'png',	NULL,	1,	NULL,	'2023-07-19 06:23:29'),
(382,	171,	'Screenshot from 2023-07-19 15-11-25.png',	'product_images/64b7e9748f934.png',	'thumbnails/phpAnTfsm',	'image/png',	'main_section',	'png',	NULL,	0,	NULL,	NULL),
(383,	172,	'Screenshot from 2023-07-19 22-46-31.png',	'product_images/64b8c32188802.png',	'thumbnails/phpeawA13',	'image/png',	'main_section',	'png',	NULL,	1,	NULL,	'2023-07-20 01:38:32'),
(384,	172,	'Screenshot from 2023-07-19 23-21-16.png',	'product_images/64b8c354ae8e0.png',	'',	'image/png',	'slider',	'png',	NULL,	0,	NULL,	NULL),
(385,	172,	'Screenshot from 2023-07-19 23-21-32.png',	'product_images/64b8c354afae3.png',	'',	'image/png',	'slider',	'png',	NULL,	0,	NULL,	NULL),
(386,	172,	'Screenshot from 2023-07-19 23-23-02.png',	'product_images/64b8c354b14c9.png',	'',	'image/png',	'slider',	'png',	NULL,	0,	NULL,	NULL),
(387,	172,	'Screenshot from 2023-07-19 23-24-45.png',	'product_images/64b8c354b27b8.png',	'',	'image/png',	'slider',	'png',	NULL,	0,	NULL,	NULL),
(388,	172,	'Screenshot from 2023-07-19 23-25-31.png',	'product_images/64b8c354b3fb1.png',	'',	'image/png',	'slider',	'png',	NULL,	1,	NULL,	'2023-07-20 01:29:50'),
(389,	172,	'Screenshot from 2023-07-19 23-26-49.png',	'product_images/64b8c354b52e8.png',	'',	'image/png',	'slider',	'png',	NULL,	1,	NULL,	'2023-07-20 01:29:40'),
(390,	172,	'Screenshot from 2023-07-19 23-27-39.png',	'product_images/64b8c354b63e3.png',	'',	'image/png',	'slider',	'png',	NULL,	1,	NULL,	'2023-07-20 01:24:31'),
(391,	172,	'Screenshot from 2023-07-19 23-21-01.png',	'product_images/64b8db6f6706b.png',	'',	'image/png',	'slider',	'png',	NULL,	0,	NULL,	NULL),
(392,	172,	'Screenshot from 2023-07-19 23-21-16.png',	'product_images/64b8db6f68bdb.png',	'',	'image/png',	'slider',	'png',	NULL,	0,	NULL,	NULL),
(393,	172,	'Screenshot from 2023-07-19 23-21-32.png',	'product_images/64b8db6f69d8c.png',	'',	'image/png',	'slider',	'png',	NULL,	0,	NULL,	NULL),
(394,	172,	'Screenshot from 2023-07-19 23-23-02.png',	'product_images/64b8db6f6b1a1.png',	'',	'image/png',	'slider',	'png',	NULL,	0,	NULL,	NULL),
(395,	172,	'Screenshot from 2023-07-19 23-24-45.png',	'product_images/64b8db6f6c2c4.png',	'',	'image/png',	'slider',	'png',	NULL,	1,	NULL,	'2023-07-20 01:33:55'),
(396,	172,	'Screenshot from 2023-07-19 23-25-31.png',	'product_images/64b8db6f6d541.png',	'',	'image/png',	'slider',	'png',	NULL,	1,	NULL,	'2023-07-20 01:33:54'),
(397,	172,	'Screenshot from 2023-07-19 23-26-49.png',	'product_images/64b8db6f6e665.png',	'',	'image/png',	'slider',	'png',	NULL,	0,	NULL,	NULL),
(398,	172,	'Screenshot from 2023-07-19 23-27-39.png',	'product_images/64b8db6f6f70c.png',	'',	'image/png',	'slider',	'png',	NULL,	1,	NULL,	'2023-07-20 01:40:00'),
(399,	173,	'Screenshot from 2023-07-19 23-21-16.png',	'product_images/64b8deae380cc.png',	'thumbnails/phpefZoS6',	'image/png',	'main_section',	'png',	NULL,	1,	NULL,	'2023-07-20 01:45:36'),
(400,	173,	'Screenshot from 2023-07-19 23-21-32.png',	'product_images/64b8deae48b9c.png',	'thumbnails/phpB0eDm6',	'image/png',	'main_section',	'png',	NULL,	1,	NULL,	'2023-07-20 01:44:23'),
(401,	173,	'Screenshot from 2023-07-19 23-23-02.png',	'product_images/64b8deae58ea7.png',	'thumbnails/phpTmCNY2',	'image/png',	'main_section',	'png',	NULL,	1,	NULL,	'2023-07-20 01:44:20'),
(402,	173,	'Screenshot from 2023-07-19 23-24-45.png',	'product_images/64b8deae68024.png',	'thumbnails/phphcXPc4',	'image/png',	'main_section',	'png',	NULL,	1,	NULL,	'2023-07-20 01:44:19'),
(403,	173,	'Screenshot from 2023-07-19 23-25-31.png',	'product_images/64b8deae77510.png',	'thumbnails/phph6MPB4',	'image/png',	'main_section',	'png',	NULL,	1,	NULL,	'2023-07-20 01:44:16'),
(404,	173,	'Screenshot from 2023-07-19 23-26-49.png',	'product_images/64b8deae8738c.png',	'thumbnails/phpS9g3S2',	'image/png',	'main_section',	'png',	NULL,	1,	NULL,	'2023-07-20 01:44:13'),
(405,	173,	'Screenshot from 2023-07-19 23-27-39.png',	'product_images/64b8deae9678d.png',	'thumbnails/phprO4002',	'image/png',	'main_section',	'png',	NULL,	1,	NULL,	'2023-07-20 01:44:04'),
(406,	173,	'Screenshot from 2023-07-19 23-32-35.png',	'product_images/64b8deaea69ec.png',	'thumbnails/phpNlrIk4',	'image/png',	'main_section',	'png',	NULL,	1,	NULL,	'2023-07-20 01:44:10'),
(407,	173,	'Screenshot from 2023-07-20 11-00-33.png',	'product_images/64b8deaeb8563.png',	'thumbnails/phpkupzN5',	'image/png',	'main_section',	'png',	NULL,	1,	NULL,	'2023-07-20 01:44:09'),
(408,	174,	'Screenshot from 2023-07-19 23-21-32.png',	'product_images/64b8e11a18107.png',	'thumbnails/phpaohAT2',	'image/png',	'main_section',	'png',	NULL,	0,	NULL,	NULL),
(409,	175,	'Screenshot from 2023-07-18 16-09-40.png',	'product_images/64b8e1987433a.png',	'thumbnails/phpvk2wR6',	'image/png',	'main_section',	'png',	NULL,	1,	NULL,	'2023-07-20 03:05:59'),
(410,	176,	'Screenshot from 2023-07-20 11-00-33.png',	'product_images/64b8f92193b69.png',	'thumbnails/phpNSlFQ4',	'image/png',	'main_section',	'png',	NULL,	0,	NULL,	NULL),
(411,	176,	'Screenshot from 2023-07-19 23-27-39.png',	'product_images/64b8f921a4a05.png',	'thumbnails/phpG6ibf4',	'image/png',	'main_section',	'png',	NULL,	0,	NULL,	NULL),
(412,	176,	'Screenshot from 2023-07-19 23-32-35.png',	'product_images/64b8f921b815b.png',	'thumbnails/phpv8MUM3',	'image/png',	'main_section',	'png',	NULL,	1,	NULL,	'2023-07-20 05:17:55'),
(413,	177,	'Screenshot from 2023-07-18 16-09-40.png',	'product_images/64b9120f9d3b3.png',	'thumbnails/php5jaapG',	'image/png',	'main_section',	'png',	NULL,	0,	NULL,	NULL),
(414,	177,	'Screenshot from 2023-07-19 15-11-24.png',	'product_images/64b9120fafd6b.png',	'thumbnails/phprAaZqK',	'image/png',	'main_section',	'png',	NULL,	0,	NULL,	NULL),
(415,	177,	'Screenshot from 2023-07-19 15-11-25.png',	'product_images/64b9120fbecad.png',	'thumbnails/phpisuppJ',	'image/png',	'main_section',	'png',	NULL,	1,	NULL,	'2023-07-20 05:23:13'),
(416,	178,	'Screenshot from 2023-07-19 22-46-31.png',	'product_images/64b9136813598.png',	'thumbnails/phpWJKsoI',	'image/png',	'main_section',	'png',	NULL,	1,	NULL,	'2023-07-20 05:29:04'),
(417,	178,	'Screenshot from 2023-07-19 23-19-25.png',	'product_images/64b9136826aa4.png',	'thumbnails/phpQA6MYI',	'image/png',	'main_section',	'png',	NULL,	0,	NULL,	NULL),
(418,	178,	'Screenshot from 2023-07-19 23-25-31.png',	'product_images/64b9136835d2b.png',	'thumbnails/phpCxhG9H',	'image/png',	'main_section',	'png',	NULL,	0,	NULL,	NULL),
(419,	179,	'Screenshot from 2023-07-18 16-09-40.png',	'product_images/64b914dfe8738.png',	'thumbnails/phpIAHKgG',	'image/png',	'main_section',	'png',	NULL,	0,	NULL,	NULL),
(420,	179,	'Screenshot from 2023-07-19 15-11-24.png',	'product_images/64b914e004cc8.png',	'thumbnails/phpGo2djI',	'image/png',	'main_section',	'png',	NULL,	0,	NULL,	NULL),
(421,	179,	'Screenshot from 2023-07-19 15-11-25.png',	'product_images/64b914e013b52.png',	'thumbnails/phpGQPN3I',	'image/png',	'main_section',	'png',	NULL,	1,	NULL,	'2023-07-20 05:35:23'),
(422,	180,	'Screenshot from 2023-07-19 23-24-45.png',	'product_images/64b916b806d68.png',	'thumbnails/phpA37s9J',	'image/png',	'main_section',	'png',	NULL,	1,	NULL,	'2023-07-20 05:43:21'),
(423,	180,	'Screenshot from 2023-07-19 23-25-31.png',	'product_images/64b916b81c219.png',	'thumbnails/php5PlE3G',	'image/png',	'main_section',	'png',	NULL,	0,	NULL,	NULL),
(424,	180,	'Screenshot from 2023-07-19 23-26-49.png',	'product_images/64b916b82ab7d.png',	'thumbnails/phpkMiD3G',	'image/png',	'main_section',	'png',	NULL,	0,	NULL,	NULL),
(425,	181,	'Screenshot from 2023-07-19 22-46-31.png',	'product_images/64b9177337696.png',	'thumbnails/phpthf5TF',	'image/png',	'main_section',	'png',	NULL,	1,	NULL,	'2023-07-20 05:46:33'),
(426,	181,	'Screenshot from 2023-07-19 23-18-47.png',	'product_images/64b9177347e9e.png',	'thumbnails/phpnz1NCH',	'image/png',	'main_section',	'png',	NULL,	1,	NULL,	'2023-07-20 05:46:34'),
(427,	181,	'Screenshot from 2023-07-19 23-19-25.png',	'product_images/64b9177357cb0.png',	'thumbnails/php8XZzTJ',	'image/png',	'main_section',	'png',	NULL,	1,	NULL,	'2023-07-20 05:46:35'),
(428,	181,	'Screenshot from 2023-07-19 23-21-01.png',	'product_images/64b9177367122.png',	'thumbnails/phpTxqJEG',	'image/png',	'main_section',	'png',	NULL,	1,	NULL,	'2023-07-20 07:17:55'),
(429,	181,	'Screenshot from 2023-07-19 23-21-16.png',	'product_images/64b91773761a6.png',	'thumbnails/phptMKwQH',	'image/png',	'main_section',	'png',	NULL,	1,	NULL,	'2023-07-20 05:46:37'),
(430,	181,	'Screenshot from 2023-07-19 23-21-32.png',	'product_images/64b9177386509.png',	'thumbnails/phpOMiL2J',	'image/png',	'main_section',	'png',	NULL,	1,	NULL,	'2023-07-20 07:14:03'),
(431,	181,	'Screenshot from 2023-07-19 23-23-02.png',	'product_images/64b91773972e3.png',	'thumbnails/phpSC10eH',	'image/png',	'main_section',	'png',	NULL,	1,	NULL,	'2023-07-20 05:46:29'),
(432,	181,	'Screenshot from 2023-07-19 23-24-45.png',	'product_images/64b91773a9895.png',	'thumbnails/phpZpFXCH',	'image/png',	'main_section',	'png',	NULL,	1,	NULL,	'2023-07-20 05:46:27'),
(433,	181,	'Screenshot from 2023-07-19 23-25-31.png',	'product_images/64b91773b88ad.png',	'thumbnails/phpbMvfWH',	'image/png',	'main_section',	'png',	NULL,	1,	NULL,	'2023-07-20 05:46:26'),
(434,	181,	'Screenshot from 2023-07-19 23-26-49.png',	'product_images/64b91773c8ae5.png',	'thumbnails/php6nfMFI',	'image/png',	'main_section',	'png',	NULL,	1,	NULL,	'2023-07-20 05:46:23'),
(435,	181,	'Screenshot from 2023-07-19 23-27-39.png',	'product_images/64b91773d8bb4.png',	'thumbnails/phpP41CTG',	'image/png',	'main_section',	'png',	NULL,	1,	NULL,	'2023-07-20 05:46:21'),
(436,	181,	'Screenshot from 2023-07-19 23-32-35.png',	'product_images/64b91773e84e8.png',	'thumbnails/phpsPLZ1H',	'image/png',	'main_section',	'png',	NULL,	1,	NULL,	'2023-07-20 05:46:20'),
(437,	181,	'Screenshot from 2023-07-20 11-00-33.png',	'product_images/64b91774048fb.png',	'thumbnails/phpDJzbmK',	'image/png',	'main_section',	'png',	NULL,	1,	NULL,	'2023-07-20 05:46:13'),
(438,	181,	'Screenshot from 2023-07-19 23-25-31.png',	'product_images/64b92c54e955a.png',	'',	'image/png',	'slider',	'png',	NULL,	1,	NULL,	'2023-07-20 07:33:43'),
(439,	181,	'Screenshot from 2023-07-19 23-26-49.png',	'product_images/64b92c54eab66.png',	'',	'image/png',	'slider',	'png',	NULL,	1,	NULL,	'2023-07-20 07:32:52'),
(440,	181,	'Screenshot from 2023-07-19 23-27-39.png',	'product_images/64b92c54ec0ba.png',	'',	'image/png',	'slider',	'png',	NULL,	1,	NULL,	'2023-07-20 07:33:36'),
(441,	181,	'Screenshot from 2023-07-19 23-32-35.png',	'product_images/64b92c54ed98d.png',	'',	'image/png',	'slider',	'png',	NULL,	1,	NULL,	'2023-07-20 07:33:39'),
(442,	181,	'Screenshot from 2023-07-20 11-00-33.png',	'product_images/64b92c54ef8f2.png',	'',	'image/png',	'slider',	'png',	NULL,	1,	NULL,	'2023-07-20 07:33:25'),
(443,	181,	'Screenshot from 2023-07-19 23-25-31.png',	'product_images/64b92d08a7429.png',	'thumbnails/php2N8rDH',	'image/png',	'main_section',	'png',	NULL,	0,	NULL,	NULL),
(444,	181,	'Screenshot from 2023-07-19 23-26-49.png',	'product_images/64b92d08b72cf.png',	'thumbnails/phpC6JiSH',	'image/png',	'main_section',	'png',	NULL,	0,	NULL,	NULL),
(445,	181,	'Screenshot from 2023-07-19 23-27-39.png',	'product_images/64b92d08c68ad.png',	'thumbnails/php7gLwmH',	'image/png',	'main_section',	'png',	NULL,	0,	NULL,	NULL),
(446,	181,	'Screenshot from 2023-07-19 23-32-35.png',	'product_images/64b92d08d60e1.png',	'thumbnails/phpyp9JjG',	'image/png',	'main_section',	'png',	NULL,	0,	NULL,	NULL),
(447,	181,	'Screenshot from 2023-07-20 11-00-33.png',	'product_images/64b92d08e60f6.png',	'thumbnails/phpqWrWBG',	'image/png',	'main_section',	'png',	NULL,	0,	NULL,	NULL),
(448,	181,	'Screenshot from 2023-07-19 23-23-02.png',	'product_images/64b930b68d047.png',	'',	'image/png',	'slider',	'png',	NULL,	0,	NULL,	NULL),
(449,	182,	'Screenshot from 2023-07-19 23-21-01.png',	'product_images/64ba1c4b1590f.png',	'thumbnails/phpgDbSWH',	'image/png',	'main_section',	'png',	NULL,	0,	NULL,	NULL),
(450,	182,	'Screenshot from 2023-07-19 23-24-45.png',	'product_images/64ba1c4b24c5b.png',	'thumbnails/php68PovJ',	'image/png',	'main_section',	'png',	NULL,	0,	NULL,	NULL),
(451,	182,	'Screenshot from 2023-07-19 23-25-31.png',	'product_images/64ba1c4b336b4.png',	'thumbnails/phpiUsLdK',	'image/png',	'main_section',	'png',	NULL,	0,	NULL,	NULL),
(452,	182,	'Screenshot from 2023-07-19 23-26-49.png',	'product_images/64ba1c4b4237f.png',	'thumbnails/phpjhyvqI',	'image/png',	'main_section',	'png',	NULL,	0,	NULL,	NULL),
(453,	182,	'Screenshot from 2023-07-19 23-27-39.png',	'product_images/64ba1c4b50695.png',	'thumbnails/phppNKx1H',	'image/png',	'main_section',	'png',	NULL,	0,	NULL,	NULL),
(454,	182,	'Screenshot from 2023-07-19 23-32-35.png',	'product_images/64ba1c4b5f5cb.png',	'thumbnails/phpP14MkI',	'image/png',	'main_section',	'png',	NULL,	0,	NULL,	NULL),
(455,	182,	'Screenshot from 2023-07-20 11-00-33.png',	'product_images/64ba1c4b6d97c.png',	'thumbnails/phpUMBQwH',	'image/png',	'main_section',	'png',	NULL,	0,	NULL,	NULL),
(456,	182,	'Screenshot from 2023-07-19 23-24-45.png',	'product_images/64ba1cdd8fba0.png',	'',	'image/png',	'slider',	'png',	NULL,	0,	NULL,	NULL),
(457,	182,	'Screenshot from 2023-07-19 23-25-31.png',	'product_images/64ba1cdd90d27.png',	'',	'image/png',	'slider',	'png',	NULL,	0,	NULL,	NULL),
(458,	182,	'Screenshot from 2023-07-19 23-26-49.png',	'product_images/64ba1cdd91d54.png',	'',	'image/png',	'slider',	'png',	NULL,	0,	NULL,	NULL),
(459,	182,	'Screenshot from 2023-07-19 23-27-39.png',	'product_images/64ba1cdd92d4d.png',	'',	'image/png',	'slider',	'png',	NULL,	0,	NULL,	NULL),
(460,	182,	'Screenshot from 2023-07-19 23-32-35.png',	'product_images/64ba1cdd93f3a.png',	'',	'image/png',	'slider',	'png',	NULL,	0,	NULL,	NULL),
(461,	182,	'Screenshot from 2023-07-20 11-00-33.png',	'product_images/64ba1cdd95059.png',	'',	'image/png',	'slider',	'png',	NULL,	0,	NULL,	NULL),
(462,	183,	'Screenshot from 2023-07-19 23-21-32.png',	'product_images/64ba58b48e9e8.png',	'thumbnails/phpwJ6vmI',	'image/png',	'main_section',	'png',	NULL,	0,	NULL,	NULL),
(463,	183,	'Screenshot from 2023-07-19 23-23-02.png',	'product_images/64ba58b49f106.png',	'thumbnails/phpMucoRG',	'image/png',	'main_section',	'png',	NULL,	0,	NULL,	NULL),
(464,	183,	'Screenshot from 2023-07-19 23-24-45.png',	'product_images/64ba58b4af437.png',	'thumbnails/php3mKNNI',	'image/png',	'main_section',	'png',	NULL,	0,	NULL,	NULL),
(465,	183,	'Screenshot from 2023-07-19 23-25-31.png',	'product_images/64ba58b4c0411.png',	'thumbnails/phpJvRN9J',	'image/png',	'main_section',	'png',	NULL,	0,	NULL,	NULL),
(466,	183,	'Screenshot from 2023-07-19 23-26-49.png',	'product_images/64ba58b4d6b66.png',	'thumbnails/phpVxLBgK',	'image/png',	'main_section',	'png',	NULL,	0,	NULL,	NULL),
(467,	183,	'Screenshot from 2023-07-19 23-27-39.png',	'product_images/64ba58b4eb133.png',	'thumbnails/phpMS5PaK',	'image/png',	'main_section',	'png',	NULL,	0,	NULL,	NULL),
(468,	183,	'Screenshot from 2023-07-19 23-32-35.png',	'product_images/64ba58b506a63.png',	'thumbnails/phpHA9VPI',	'image/png',	'main_section',	'png',	NULL,	0,	NULL,	NULL),
(469,	183,	'Screenshot from 2023-07-20 11-00-33.png',	'product_images/64ba58b516a1e.png',	'thumbnails/phptkGyKG',	'image/png',	'main_section',	'png',	NULL,	0,	NULL,	NULL),
(470,	183,	'Screenshot from 2023-07-19 23-21-32.png',	'product_images/64ba59282f186.png',	'',	'image/png',	'slider',	'png',	NULL,	0,	NULL,	NULL),
(471,	183,	'Screenshot from 2023-07-19 23-23-02.png',	'product_images/64ba5928303af.png',	'',	'image/png',	'slider',	'png',	NULL,	0,	NULL,	NULL),
(472,	183,	'Screenshot from 2023-07-19 23-24-45.png',	'product_images/64ba5928313be.png',	'',	'image/png',	'slider',	'png',	NULL,	0,	NULL,	NULL),
(473,	183,	'Screenshot from 2023-07-19 23-25-31.png',	'product_images/64ba5928325a1.png',	'',	'image/png',	'slider',	'png',	NULL,	0,	NULL,	NULL),
(474,	183,	'Screenshot from 2023-07-19 23-26-49.png',	'product_images/64ba59283356b.png',	'',	'image/png',	'slider',	'png',	NULL,	0,	NULL,	NULL),
(475,	183,	'Screenshot from 2023-07-19 23-27-39.png',	'product_images/64ba592834747.png',	'',	'image/png',	'slider',	'png',	NULL,	0,	NULL,	NULL),
(476,	183,	'Screenshot from 2023-07-19 23-32-35.png',	'product_images/64ba592835989.png',	'',	'image/png',	'slider',	'png',	NULL,	0,	NULL,	NULL),
(477,	183,	'Screenshot from 2023-07-20 11-00-33.png',	'product_images/64ba592836c21.png',	'',	'image/png',	'slider',	'png',	NULL,	0,	NULL,	NULL),
(478,	184,	'Screenshot from 2023-07-19 23-21-32.png',	'product_images/64ba596eedf67.png',	'thumbnails/php34k6ZG',	'image/png',	'main_section',	'png',	NULL,	0,	NULL,	NULL),
(479,	185,	'Screenshot from 2023-07-19 23-21-32.png',	'product_images/64ba5faa2a3b3.png',	'thumbnails/phpXqd3EH',	'image/png',	'main_section',	'png',	NULL,	0,	NULL,	NULL),
(480,	186,	'Screenshot from 2023-07-19 23-27-39.png',	'product_images/64ba5fea39738.png',	'thumbnails/phpFhZa9H',	'image/png',	'main_section',	'png',	NULL,	0,	NULL,	NULL),
(481,	186,	'Screenshot from 2023-07-19 23-21-16.png',	'product_images/64ba5fea4ba34.png',	'thumbnails/phpsgTRRJ',	'image/png',	'main_section',	'png',	NULL,	0,	NULL,	NULL),
(482,	186,	'Screenshot from 2023-07-19 23-21-32.png',	'product_images/64ba5fea5b5a7.png',	'thumbnails/phpXaNILI',	'image/png',	'main_section',	'png',	NULL,	0,	NULL,	NULL),
(483,	186,	'Screenshot from 2023-07-19 23-23-02.png',	'product_images/64ba5fea6ae5b.png',	'thumbnails/phpTOaBHJ',	'image/png',	'main_section',	'png',	NULL,	0,	NULL,	NULL),
(484,	186,	'Screenshot from 2023-07-19 23-24-45.png',	'product_images/64ba5fea7a5b5.png',	'thumbnails/phpWReDoG',	'image/png',	'main_section',	'png',	NULL,	0,	NULL,	NULL),
(485,	186,	'Screenshot from 2023-07-19 23-25-31.png',	'product_images/64ba5fea895a9.png',	'thumbnails/phpf7qiaH',	'image/png',	'main_section',	'png',	NULL,	0,	NULL,	NULL),
(486,	186,	'Screenshot from 2023-07-19 23-26-49.png',	'product_images/64ba5fea9b6f6.png',	'thumbnails/phpNvfvLJ',	'image/png',	'main_section',	'png',	NULL,	0,	NULL,	NULL),
(487,	186,	'Screenshot from 2023-07-19 23-27-39.png',	'product_images/64ba5feaaa768.png',	'thumbnails/php4zNJ7I',	'image/png',	'main_section',	'png',	NULL,	0,	NULL,	NULL),
(488,	186,	'Screenshot from 2023-07-19 23-32-35.png',	'product_images/64ba5feaba3e7.png',	'thumbnails/phpLrpZjG',	'image/png',	'main_section',	'png',	NULL,	0,	NULL,	NULL),
(489,	186,	'Screenshot from 2023-07-20 11-00-33.png',	'product_images/64ba5feac9c07.png',	'thumbnails/php5v2FGG',	'image/png',	'main_section',	'png',	NULL,	0,	NULL,	NULL),
(490,	187,	'Screenshot from 2023-07-19 23-24-45.png',	'product_images/64ba7b20ab4c8.png',	'thumbnails/phpolq8XI',	'image/png',	'main_section',	'png',	NULL,	0,	NULL,	NULL),
(491,	188,	'Screenshot from 2023-07-19 23-24-45.png',	'product_images/64ba7c18ba3a5.png',	'thumbnails/phpd0atVG',	'image/png',	'main_section',	'png',	NULL,	0,	NULL,	NULL),
(492,	188,	'Screenshot from 2023-07-19 23-21-16.png',	'product_images/64ba838ae7e9a.png',	'',	'image/png',	'slider',	'png',	NULL,	0,	NULL,	NULL),
(493,	188,	'Screenshot from 2023-07-19 23-21-32.png',	'product_images/64ba838ae9326.png',	'',	'image/png',	'slider',	'png',	NULL,	0,	NULL,	NULL),
(494,	188,	'Screenshot from 2023-07-19 23-23-02.png',	'product_images/64ba838aea992.png',	'',	'image/png',	'slider',	'png',	NULL,	0,	NULL,	NULL),
(495,	188,	'Screenshot from 2023-07-19 23-24-45.png',	'product_images/64ba838aebeca.png',	'',	'image/png',	'slider',	'png',	NULL,	0,	NULL,	NULL),
(496,	188,	'Screenshot from 2023-07-19 23-25-31.png',	'product_images/64ba838aed73f.png',	'',	'image/png',	'slider',	'png',	NULL,	0,	NULL,	NULL),
(497,	188,	'Screenshot from 2023-07-19 23-26-49.png',	'product_images/64ba838aefafb.png',	'',	'image/png',	'slider',	'png',	NULL,	0,	NULL,	NULL),
(498,	188,	'Screenshot from 2023-07-19 23-27-39.png',	'product_images/64ba838af13c8.png',	'',	'image/png',	'slider',	'png',	NULL,	0,	NULL,	NULL),
(499,	188,	'Screenshot from 2023-07-19 23-32-35.png',	'product_images/64ba838af2a4d.png',	'',	'image/png',	'slider',	'png',	NULL,	0,	NULL,	NULL),
(500,	188,	'Screenshot from 2023-07-20 11-00-33.png',	'product_images/64ba838b004cd.png',	'',	'image/png',	'slider',	'png',	NULL,	0,	NULL,	NULL),
(501,	188,	'Screenshot from 2023-07-19 23-26-49.png',	'product_images/64ba83f28147a.png',	'thumbnails/phpb4x41H',	'image/png',	'main_section',	'png',	NULL,	0,	NULL,	NULL),
(502,	188,	'Screenshot from 2023-07-19 23-27-39.png',	'product_images/64ba83f290e20.png',	'thumbnails/phpXaZ1FG',	'image/png',	'main_section',	'png',	NULL,	0,	NULL,	NULL),
(503,	188,	'Screenshot from 2023-07-19 23-32-35.png',	'product_images/64ba83f2a44e1.png',	'thumbnails/phplblCzG',	'image/png',	'main_section',	'png',	NULL,	0,	NULL,	NULL),
(504,	188,	'Screenshot from 2023-07-20 11-00-33.png',	'product_images/64ba83f2b3e4d.png',	'thumbnails/phpaZvKWH',	'image/png',	'main_section',	'png',	NULL,	0,	NULL,	NULL),
(505,	189,	'Screenshot from 2023-07-19 23-21-32.png',	'product_images/64be5bfe6ba77.png',	'thumbnails/phphP9euj',	'image/png',	'main_section',	'png',	NULL,	0,	NULL,	NULL),
(506,	190,	'Screenshot from 2023-07-19 23-26-49.png',	'product_images/64be6ebbe2eaa.png',	'thumbnails/phpI3NTjk',	'image/png',	'main_section',	'png',	NULL,	0,	NULL,	NULL),
(507,	190,	'Screenshot from 2023-07-19 23-23-02.png',	'product_images/64be70622bcbe.png',	'',	'image/png',	'slider',	'png',	NULL,	0,	NULL,	NULL),
(508,	190,	'Screenshot from 2023-07-19 23-24-45.png',	'product_images/64be70622d00d.png',	'',	'image/png',	'slider',	'png',	NULL,	0,	NULL,	NULL),
(509,	190,	'Screenshot from 2023-07-19 23-25-31.png',	'product_images/64be70622e0b2.png',	'',	'image/png',	'slider',	'png',	NULL,	0,	NULL,	NULL),
(510,	190,	'Screenshot from 2023-07-19 23-26-49.png',	'product_images/64be70622f0d0.png',	'',	'image/png',	'slider',	'png',	NULL,	0,	NULL,	NULL),
(511,	190,	'Screenshot from 2023-07-19 23-27-39.png',	'product_images/64be706230345.png',	'',	'image/png',	'slider',	'png',	NULL,	0,	NULL,	NULL),
(512,	190,	'Screenshot from 2023-07-19 23-32-35.png',	'product_images/64be70623151d.png',	'',	'image/png',	'slider',	'png',	NULL,	0,	NULL,	NULL),
(513,	190,	'Screenshot from 2023-07-20 11-00-33.png',	'product_images/64be706232620.png',	'',	'image/png',	'slider',	'png',	NULL,	0,	NULL,	NULL),
(514,	190,	'Screenshot from 2023-07-23 19-49-32.png',	'product_images/64be706233655.png',	'',	'image/png',	'slider',	'png',	NULL,	0,	NULL,	NULL),
(515,	190,	'Screenshot from 2023-07-23 22-16-05.png',	'product_images/64be7062347bd.png',	'',	'image/png',	'slider',	'png',	NULL,	0,	NULL,	NULL),
(516,	190,	'Screenshot from 2023-07-23 23-23-21.png',	'product_images/64be706235a93.png',	'',	'image/png',	'slider',	'png',	NULL,	0,	NULL,	NULL),
(517,	190,	'Screenshot from 2023-07-19 23-23-02.png',	'product_images/64be70d6212ed.png',	'thumbnails/phpGorbuk',	'image/png',	'main_section',	'png',	NULL,	0,	NULL,	NULL),
(518,	190,	'Screenshot from 2023-07-19 23-24-45.png',	'product_images/64be70d6312c5.png',	'thumbnails/phpIXoy4k',	'image/png',	'main_section',	'png',	NULL,	0,	NULL,	NULL),
(519,	190,	'Screenshot from 2023-07-19 23-25-31.png',	'product_images/64be70d63fa6b.png',	'thumbnails/phpYsU3vj',	'image/png',	'main_section',	'png',	NULL,	0,	NULL,	NULL),
(520,	190,	'Screenshot from 2023-07-19 23-26-49.png',	'product_images/64be70d64d9b8.png',	'thumbnails/php1ZTzPm',	'image/png',	'main_section',	'png',	NULL,	0,	NULL,	NULL),
(521,	190,	'Screenshot from 2023-07-19 23-27-39.png',	'product_images/64be70d65bb8a.png',	'thumbnails/phpOwWs3k',	'image/png',	'main_section',	'png',	NULL,	0,	NULL,	NULL),
(522,	190,	'Screenshot from 2023-07-19 23-32-35.png',	'product_images/64be70d66a002.png',	'thumbnails/phpdcXNIm',	'image/png',	'main_section',	'png',	NULL,	0,	NULL,	NULL),
(523,	190,	'Screenshot from 2023-07-20 11-00-33.png',	'product_images/64be70d67868a.png',	'thumbnails/phpHWzipj',	'image/png',	'main_section',	'png',	NULL,	0,	NULL,	NULL),
(524,	190,	'Screenshot from 2023-07-23 19-49-32.png',	'product_images/64be70d685f49.png',	'thumbnails/php1Qav3k',	'image/png',	'main_section',	'png',	NULL,	0,	NULL,	NULL),
(525,	190,	'Screenshot from 2023-07-23 22-16-05.png',	'product_images/64be70d694902.png',	'thumbnails/phpMPJKzm',	'image/png',	'main_section',	'png',	NULL,	0,	NULL,	NULL),
(526,	190,	'Screenshot from 2023-07-23 23-23-21.png',	'product_images/64be70d6a4327.png',	'thumbnails/phpvKAbXl',	'image/png',	'main_section',	'png',	NULL,	0,	NULL,	NULL),
(527,	191,	'Screenshot from 2023-07-19 23-25-31.png',	'product_images/64bff574e58ba.png',	'thumbnails/php2YTQcl',	'image/png',	'main_section',	'png',	NULL,	0,	NULL,	NULL),
(528,	191,	'Screenshot from 2023-07-19 23-26-49.png',	'product_images/64bff57504e41.png',	'thumbnails/phpIFB1Qm',	'image/png',	'main_section',	'png',	NULL,	0,	NULL,	NULL),
(529,	191,	'Screenshot from 2023-07-19 23-27-39.png',	'product_images/64bff575174d9.png',	'thumbnails/phpnyDfMj',	'image/png',	'main_section',	'png',	NULL,	0,	NULL,	NULL),
(530,	191,	'Screenshot from 2023-07-19 23-32-35.png',	'product_images/64bff5752a16a.png',	'thumbnails/phpCm5uuk',	'image/png',	'main_section',	'png',	NULL,	0,	NULL,	NULL),
(531,	191,	'Screenshot from 2023-07-20 11-00-33.png',	'product_images/64bff5753d6a1.png',	'thumbnails/phpQBpFem',	'image/png',	'main_section',	'png',	NULL,	0,	NULL,	NULL),
(532,	191,	'Screenshot from 2023-07-23 19-49-32.png',	'product_images/64bff5754f06c.png',	'thumbnails/phppouzum',	'image/png',	'main_section',	'png',	NULL,	0,	NULL,	NULL),
(533,	191,	'Screenshot from 2023-07-23 22-16-05.png',	'product_images/64bff57562896.png',	'thumbnails/phpunLFck',	'image/png',	'main_section',	'png',	NULL,	0,	NULL,	NULL),
(534,	191,	'Screenshot from 2023-07-23 23-23-21.png',	'product_images/64bff5757e810.png',	'thumbnails/phpe47rQk',	'image/png',	'main_section',	'png',	NULL,	0,	NULL,	NULL),
(535,	191,	'Screenshot from 2023-07-24 18-42-22.png',	'product_images/64bff575955e2.png',	'thumbnails/phpArWtwl',	'image/png',	'main_section',	'png',	NULL,	0,	NULL,	NULL),
(536,	191,	'Screenshot from 2023-07-24 23-17-19.png',	'product_images/64bff575abb72.png',	'thumbnails/phpw15aYk',	'image/png',	'main_section',	'png',	NULL,	0,	NULL,	NULL),
(537,	191,	'Screenshot from 2023-07-24 23-17-49.png',	'product_images/64bff575c2a7d.png',	'thumbnails/phpsXAnAk',	'image/png',	'main_section',	'png',	NULL,	0,	NULL,	NULL),
(538,	191,	'Screenshot from 2023-07-24 23-17-51.png',	'product_images/64bff575da15e.png',	'thumbnails/phpp7Ra9j',	'image/png',	'main_section',	'png',	NULL,	0,	NULL,	NULL),
(539,	191,	'Screenshot from 2023-07-25 21-33-43.png',	'product_images/64bff575f1638.png',	'thumbnails/phpSr91il',	'image/png',	'main_section',	'png',	NULL,	0,	NULL,	NULL),
(540,	191,	'Screenshot from 2023-07-19 22-46-31.png',	'product_images/64bff5d7a6196.png',	'',	'image/png',	'slider',	'png',	NULL,	0,	NULL,	NULL),
(541,	191,	'Screenshot from 2023-07-19 23-18-47.png',	'product_images/64bff5d7a7b38.png',	'',	'image/png',	'slider',	'png',	NULL,	0,	NULL,	NULL),
(542,	191,	'Screenshot from 2023-07-19 23-19-25.png',	'product_images/64bff5d7a8d4a.png',	'',	'image/png',	'slider',	'png',	NULL,	0,	NULL,	NULL),
(543,	191,	'Screenshot from 2023-07-19 23-21-01.png',	'product_images/64bff5d7aa0c8.png',	'',	'image/png',	'slider',	'png',	NULL,	0,	NULL,	NULL),
(544,	191,	'Screenshot from 2023-07-19 23-21-16.png',	'product_images/64bff5d7ab232.png',	'',	'image/png',	'slider',	'png',	NULL,	0,	NULL,	NULL),
(545,	191,	'Screenshot from 2023-07-19 23-21-32.png',	'product_images/64bff5d7acb83.png',	'',	'image/png',	'slider',	'png',	NULL,	0,	NULL,	NULL),
(546,	191,	'Screenshot from 2023-07-19 23-23-02.png',	'product_images/64bff5d7adfc9.png',	'',	'image/png',	'slider',	'png',	NULL,	0,	NULL,	NULL),
(547,	191,	'Screenshot from 2023-07-19 23-24-45.png',	'product_images/64bff5d7af1ec.png',	'',	'image/png',	'slider',	'png',	NULL,	0,	NULL,	NULL),
(548,	191,	'Screenshot from 2023-07-19 23-25-31.png',	'product_images/64bff5d7b036c.png',	'',	'image/png',	'slider',	'png',	NULL,	0,	NULL,	NULL),
(549,	191,	'Screenshot from 2023-07-19 23-26-49.png',	'product_images/64bff5d7b154f.png',	'',	'image/png',	'slider',	'png',	NULL,	0,	NULL,	NULL),
(550,	191,	'Screenshot from 2023-07-19 23-27-39.png',	'product_images/64bff5d7b2760.png',	'',	'image/png',	'slider',	'png',	NULL,	0,	NULL,	NULL),
(551,	191,	'Screenshot from 2023-07-19 23-32-35.png',	'product_images/64bff5d7b3a54.png',	'',	'image/png',	'slider',	'png',	NULL,	0,	NULL,	NULL),
(552,	191,	'Screenshot from 2023-07-20 11-00-33.png',	'product_images/64bff5d7b4b9d.png',	'',	'image/png',	'slider',	'png',	NULL,	0,	NULL,	NULL),
(553,	191,	'Screenshot from 2023-07-23 19-49-32.png',	'product_images/64bff5d7b5d04.png',	'',	'image/png',	'slider',	'png',	NULL,	0,	NULL,	NULL),
(554,	191,	'Screenshot from 2023-07-23 22-16-05.png',	'product_images/64bff5d7b7031.png',	'',	'image/png',	'slider',	'png',	NULL,	0,	NULL,	NULL),
(555,	191,	'Screenshot from 2023-07-23 23-23-21.png',	'product_images/64bff5d7b831a.png',	'',	'image/png',	'slider',	'png',	NULL,	0,	NULL,	NULL),
(556,	191,	'Screenshot from 2023-07-24 18-42-22.png',	'product_images/64bff5d7b960d.png',	'',	'image/png',	'slider',	'png',	NULL,	0,	NULL,	NULL),
(557,	191,	'Screenshot from 2023-07-24 23-17-19.png',	'product_images/64bff5d7bad8b.png',	'',	'image/png',	'slider',	'png',	NULL,	0,	NULL,	NULL),
(558,	191,	'Screenshot from 2023-07-24 23-17-49.png',	'product_images/64bff5d7bc781.png',	'',	'image/png',	'slider',	'png',	NULL,	0,	NULL,	NULL),
(559,	191,	'Screenshot from 2023-07-24 23-17-51.png',	'product_images/64bff5d7bdc8c.png',	'',	'image/png',	'slider',	'png',	NULL,	0,	NULL,	NULL),
(560,	189,	'Screenshot from 2023-07-19 23-23-02.png',	'product_images/64c0ec8f937d6.png',	'',	'image/png',	'slider',	'png',	NULL,	0,	NULL,	NULL),
(561,	189,	'Screenshot from 2023-07-19 23-21-32.png',	'product_images/64c0ec8f94a8d.png',	'',	'image/png',	'slider',	'png',	NULL,	0,	NULL,	NULL),
(562,	189,	'Screenshot from 2023-07-19 23-21-16.png',	'product_images/64c0ec8f95b01.png',	'',	'image/png',	'slider',	'png',	NULL,	0,	NULL,	NULL),
(563,	189,	'Screenshot from 2023-07-19 23-21-01.png',	'product_images/64c0ec8f96b03.png',	'',	'image/png',	'slider',	'png',	NULL,	0,	NULL,	NULL),
(564,	189,	'Screenshot from 2023-07-19 23-19-25.png',	'product_images/64c0ec8f97b35.png',	'',	'image/png',	'slider',	'png',	NULL,	0,	NULL,	NULL),
(565,	189,	'Screenshot from 2023-07-19 23-18-47.png',	'product_images/64c0ec8f98d5e.png',	'',	'image/png',	'slider',	'png',	NULL,	0,	NULL,	NULL),
(566,	189,	'Screenshot from 2023-07-19 22-46-31.png',	'product_images/64c0ec8f99ed9.png',	'',	'image/png',	'slider',	'png',	NULL,	0,	NULL,	NULL),
(567,	189,	'Screenshot from 2023-07-19 23-18-47.png',	'product_images/64c0f81dd164f.png',	'thumbnails/phpIRIVPk',	'image/png',	'main_section',	'png',	NULL,	0,	NULL,	NULL),
(568,	189,	'Screenshot from 2023-07-19 23-19-25.png',	'product_images/64c0f81de206a.png',	'thumbnails/phpJesFjj',	'image/png',	'main_section',	'png',	NULL,	0,	NULL,	NULL),
(569,	189,	'Screenshot from 2023-07-19 23-21-01.png',	'product_images/64c0f81df2c48.png',	'thumbnails/phpo6fSsm',	'image/png',	'main_section',	'png',	NULL,	0,	NULL,	NULL),
(570,	189,	'Screenshot from 2023-07-19 23-21-16.png',	'product_images/64c0f81e0ebb2.png',	'thumbnails/phpEbwVBm',	'image/png',	'main_section',	'png',	NULL,	0,	NULL,	NULL),
(571,	192,	'Screenshot from 2023-07-19 23-19-25.png',	'product_images/64c0fbc6f31e9.png',	'thumbnails/phpLyTVpn',	'image/png',	'main_section',	'png',	NULL,	0,	NULL,	NULL),
(572,	192,	'Screenshot from 2023-07-19 23-21-01.png',	'product_images/64c0fbc70ee54.png',	'thumbnails/phpZYQCKl',	'image/png',	'main_section',	'png',	NULL,	0,	NULL,	NULL),
(573,	192,	'Screenshot from 2023-07-19 23-21-16.png',	'product_images/64c0fbc71e765.png',	'thumbnails/phpl39dgj',	'image/png',	'main_section',	'png',	NULL,	0,	NULL,	NULL),
(574,	192,	'Screenshot from 2023-07-19 23-21-32.png',	'product_images/64c0fbc72da2f.png',	'thumbnails/phpxNmBXm',	'image/png',	'main_section',	'png',	NULL,	1,	NULL,	'2023-07-26 07:25:52'),
(575,	192,	'Screenshot from 2023-07-19 23-23-02.png',	'product_images/64c0fbc73d80a.png',	'thumbnails/phpdn68lm',	'image/png',	'main_section',	'png',	NULL,	0,	NULL,	NULL),
(576,	192,	'Screenshot from 2023-07-19 23-24-45.png',	'product_images/64c0fbc74fc61.png',	'thumbnails/phpMQ1Kxk',	'image/png',	'main_section',	'png',	NULL,	0,	NULL,	NULL),
(577,	192,	'Screenshot from 2023-07-19 23-25-31.png',	'product_images/64c0fbc760778.png',	'thumbnails/phpvq3WKj',	'image/png',	'main_section',	'png',	NULL,	1,	NULL,	'2023-07-26 07:27:06'),
(578,	192,	'Screenshot from 2023-07-19 23-26-49.png',	'product_images/64c0fbc7718a3.png',	'thumbnails/phpGBFGym',	'image/png',	'main_section',	'png',	NULL,	0,	NULL,	NULL),
(579,	192,	'Screenshot from 2023-07-19 22-46-31.png',	'product_images/64c0fc3f2c2a7.png',	'',	'image/png',	'slider',	'png',	NULL,	0,	NULL,	NULL),
(580,	192,	'Screenshot from 2023-07-19 23-18-47.png',	'product_images/64c0fc3f2dc39.png',	'',	'image/png',	'slider',	'png',	NULL,	0,	NULL,	NULL),
(581,	192,	'Screenshot from 2023-07-19 23-19-25.png',	'product_images/64c0fc3f2ee2d.png',	'',	'image/png',	'slider',	'png',	NULL,	1,	NULL,	'2023-07-26 07:26:26'),
(582,	192,	'Screenshot from 2023-07-19 23-21-01.png',	'product_images/64c0fc3f2fed1.png',	'',	'image/png',	'slider',	'png',	NULL,	1,	NULL,	'2023-07-26 07:26:24'),
(583,	192,	'Screenshot from 2023-07-19 23-21-16.png',	'product_images/64c0fc3f30eb6.png',	'',	'image/png',	'slider',	'png',	NULL,	1,	NULL,	'2023-07-26 07:26:19'),
(584,	192,	'Screenshot from 2023-07-19 23-21-32.png',	'product_images/64c0fc3f31e01.png',	'',	'image/png',	'slider',	'png',	NULL,	1,	NULL,	'2023-07-26 07:26:16'),
(585,	192,	'Screenshot from 2023-07-19 23-23-02.png',	'product_images/64c0fc3f32faa.png',	'',	'image/png',	'slider',	'png',	NULL,	1,	NULL,	'2023-07-26 07:26:14'),
(586,	192,	'Screenshot from 2023-07-19 23-24-45.png',	'product_images/64c0fc3f3405c.png',	'',	'image/png',	'slider',	'png',	NULL,	1,	NULL,	'2023-07-26 07:26:11'),
(587,	192,	'Screenshot from 2023-07-19 23-21-32.png',	'product_images/64c11481a0514.png',	'',	'image/png',	'single',	'png',	NULL,	1,	NULL,	'2023-07-26 07:26:52'),
(588,	192,	'Screenshot from 2023-07-19 23-23-02.png',	'product_images/64c11481a3219.png',	'',	'image/png',	'single',	'png',	NULL,	1,	NULL,	'2023-07-26 07:26:54'),
(589,	192,	'Screenshot from 2023-07-19 23-24-45.png',	'product_images/64c11481a4475.png',	'',	'image/png',	'single',	'png',	NULL,	1,	NULL,	'2023-07-26 07:26:56'),
(590,	192,	'Screenshot from 2023-07-19 23-27-39.png',	'product_images/64c11590bb108.png',	'',	'image/png',	'single',	'png',	NULL,	0,	NULL,	NULL),
(591,	192,	'Screenshot from 2023-07-19 23-25-31.png',	'product_images/64c11590bc49a.png',	'',	'image/png',	'single',	'png',	NULL,	1,	NULL,	'2023-07-26 07:26:47'),
(592,	192,	'Screenshot from 2023-07-19 23-21-32.png',	'product_images/64c11590bde8b.png',	'',	'image/png',	'single',	'png',	NULL,	1,	NULL,	'2023-07-26 07:26:45'),
(593,	192,	'Screenshot from 2023-07-19 23-23-02.png',	'product_images/64c11590bf1fb.png',	'',	'image/png',	'single',	'png',	NULL,	1,	NULL,	'2023-07-26 07:26:44'),
(594,	192,	'Screenshot from 2023-07-19 23-24-45.png',	'product_images/64c11590c0380.png',	'',	'image/png',	'single',	'png',	NULL,	1,	NULL,	'2023-07-26 07:26:42'),
(595,	193,	'Screenshot from 2023-07-19 22-46-31.png',	'product_images/64c11999874e2.png',	'thumbnails/phpC4CHxh',	'image/png',	'main_section',	'png',	NULL,	0,	NULL,	NULL),
(596,	193,	'Screenshot from 2023-07-19 23-21-32.png',	'product_images/64c1199998b4e.png',	'thumbnails/phpeEE2rh',	'image/png',	'main_section',	'png',	NULL,	0,	NULL,	NULL),
(597,	193,	'Screenshot from 2023-07-19 23-23-02.png',	'product_images/64c11999a85fa.png',	'thumbnails/phpSoydlh',	'image/png',	'main_section',	'png',	NULL,	0,	NULL,	NULL),
(598,	193,	'Screenshot from 2023-07-18 16-09-40.png',	'product_images/64c11a3986107.png',	'',	'image/png',	'slider',	'png',	NULL,	0,	NULL,	NULL),
(599,	193,	'Screenshot from 2023-07-19 15-11-24.png',	'product_images/64c11a39873ae.png',	'',	'image/png',	'slider',	'png',	NULL,	1,	NULL,	'2023-07-26 07:39:48'),
(600,	193,	'Screenshot from 2023-07-19 15-11-25.png',	'product_images/64c11a3988491.png',	'',	'image/png',	'slider',	'png',	NULL,	1,	NULL,	'2023-07-26 07:39:46'),
(601,	193,	'Screenshot from 2023-07-23 22-16-05.png',	'product_images/64c11a45e915b.png',	'',	'image/png',	'single',	'png',	NULL,	1,	NULL,	'2023-07-27 06:44:56'),
(602,	193,	'Screenshot from 2023-07-23 23-23-21.png',	'product_images/64c11a45ea702.png',	'',	'image/png',	'single',	'png',	NULL,	0,	NULL,	NULL),
(603,	194,	'Screenshot from 2023-07-18 16-09-40.png',	'product_images/64c34b2f031f2.png',	'thumbnails/php8EWPXe',	'image/png',	'main_section',	'png',	NULL,	0,	NULL,	NULL),
(604,	194,	'Screenshot from 2023-07-19 15-11-24.png',	'product_images/64c34b2f132e7.png',	'thumbnails/php1cvMuf',	'image/png',	'main_section',	'png',	NULL,	0,	NULL,	NULL),
(605,	194,	'Screenshot from 2023-07-19 15-11-25.png',	'product_images/64c34b2f22496.png',	'thumbnails/php32Uspg',	'image/png',	'main_section',	'png',	NULL,	1,	NULL,	'2023-07-28 00:11:52'),
(606,	194,	'Screenshot from 2023-07-18 16-09-40.png',	'product_images/64c350907dbe9.png',	'',	'image/png',	'slider',	'png',	NULL,	0,	NULL,	NULL),
(607,	194,	'Screenshot from 2023-07-19 15-11-24.png',	'product_images/64c350907f047.png',	'',	'image/png',	'slider',	'png',	NULL,	0,	NULL,	NULL),
(608,	194,	'Screenshot from 2023-07-19 15-11-25.png',	'product_images/64c35090802a2.png',	'',	'image/png',	'slider',	'png',	NULL,	1,	NULL,	'2023-07-28 00:11:38'),
(609,	194,	'Screenshot from 2023-07-23 19-49-32.png',	'product_images/64c350ba966e9.png',	'',	'image/png',	'single',	'png',	NULL,	0,	NULL,	NULL),
(610,	195,	'Screenshot from 2023-07-19 15-11-25.png',	'product_images/64c3566f5fc11.png',	'thumbnails/phpkJ74Yc',	'image/png',	'main_section',	'png',	NULL,	0,	NULL,	NULL),
(611,	195,	'Screenshot from 2023-07-19 22-46-31.png',	'product_images/64c3566f72449.png',	'thumbnails/phpqaKeXg',	'image/png',	'main_section',	'png',	NULL,	0,	NULL,	NULL),
(612,	195,	'Screenshot from 2023-07-19 23-18-47.png',	'product_images/64c3566f83ef7.png',	'thumbnails/phpEpZ4fg',	'image/png',	'main_section',	'png',	NULL,	0,	NULL,	NULL),
(613,	195,	'Screenshot from 2023-07-19 23-19-25.png',	'product_images/64c3566f95696.png',	'thumbnails/phpQGQcJf',	'image/png',	'main_section',	'png',	NULL,	0,	NULL,	NULL),
(614,	195,	'Screenshot from 2023-07-19 23-21-01.png',	'product_images/64c3566fa654a.png',	'thumbnails/phpxON4if',	'image/png',	'main_section',	'png',	NULL,	0,	NULL,	NULL),
(615,	196,	'Screenshot from 2023-07-19 23-21-16.png',	'product_images/64c356dd5c32b.png',	'thumbnails/php8ZlfGe',	'image/png',	'main_section',	'png',	NULL,	0,	NULL,	NULL),
(616,	197,	'Screenshot from 2023-07-19 22-46-31.png',	'product_images/64c35743c677c.png',	'thumbnails/phpf7Gamd',	'image/png',	'main_section',	'png',	NULL,	0,	NULL,	NULL),
(617,	198,	'Screenshot from 2023-07-19 23-21-01.png',	'product_images/64c35a0229f53.png',	'thumbnails/phpeEnhpe',	'image/png',	'main_section',	'png',	NULL,	0,	NULL,	NULL),
(618,	199,	'Screenshot from 2023-07-23 23-23-21.png',	'product_images/64c35b065f53d.png',	'thumbnails/php4YZJZg',	'image/png',	'main_section',	'png',	NULL,	0,	NULL,	NULL),
(619,	200,	'Screenshot from 2023-07-18 16-09-40.png',	'product_images/64c35d2260459.png',	'thumbnails/phpfi65Xf',	'image/png',	'main_section',	'png',	NULL,	0,	NULL,	NULL),
(620,	201,	'Screenshot from 2023-07-19 23-19-25.png',	'product_images/64c35ebdeacd2.png',	'thumbnails/phpukX84g',	'image/png',	'main_section',	'png',	NULL,	0,	NULL,	NULL),
(621,	202,	'Screenshot from 2023-07-19 23-18-47.png',	'product_images/64c35fb4e8c56.png',	'thumbnails/phpyMFGHg',	'image/png',	'main_section',	'png',	NULL,	0,	NULL,	NULL),
(622,	203,	'Screenshot from 2023-07-19 23-19-25.png',	'product_images/64c36294a183e.png',	'thumbnails/php1bVdmd',	'image/png',	'main_section',	'png',	NULL,	0,	NULL,	NULL),
(623,	204,	'Screenshot from 2023-07-19 15-11-25.png',	'product_images/64c37d986e071.png',	'thumbnails/phpk9ic2g',	'image/png',	'main_section',	'png',	NULL,	0,	NULL,	NULL),
(624,	205,	'Screenshot from 2023-07-19 23-26-49.png',	'product_images/64c381662f678.png',	'thumbnails/phpkTyycd',	'image/png',	'main_section',	'png',	NULL,	0,	NULL,	NULL),
(625,	206,	'Screenshot from 2023-07-19 23-27-39.png',	'product_images/64c383d075b5d.png',	'thumbnails/phpcYQrMg',	'image/png',	'main_section',	'png',	NULL,	0,	NULL,	NULL),
(626,	207,	'Screenshot from 2023-07-25 23-04-03.png',	'product_images/64c39b1e5d92f.png',	'thumbnails/phpMHDb5g',	'image/png',	'main_section',	'png',	NULL,	0,	NULL,	NULL),
(627,	207,	'Screenshot from 2023-07-25 22-52-45.png',	'product_images/64c39b1e6e8f6.png',	'thumbnails/php0zBwbg',	'image/png',	'main_section',	'png',	NULL,	0,	NULL,	NULL),
(628,	207,	'Screenshot from 2023-07-25 22-52-28.png',	'product_images/64c39b1e7f766.png',	'thumbnails/phpvNRaUe',	'image/png',	'main_section',	'png',	NULL,	0,	NULL,	NULL),
(629,	207,	'Screenshot from 2023-07-25 23-08-05.png',	'product_images/64c39b1e90561.png',	'thumbnails/phpbPiLcg',	'image/png',	'main_section',	'png',	NULL,	0,	NULL,	NULL),
(630,	207,	'Screenshot from 2023-07-25 23-08-06.png',	'product_images/64c39b1ea0bf2.png',	'thumbnails/php9Jisfh',	'image/png',	'main_section',	'png',	NULL,	1,	NULL,	'2023-07-28 05:10:46'),
(631,	207,	'Screenshot from 2023-07-27 17-16-19.png',	'product_images/64c39b1eb142b.png',	'thumbnails/phpwSW23f',	'image/png',	'main_section',	'png',	NULL,	1,	NULL,	'2023-07-28 05:10:43'),
(632,	207,	'Screenshot from 2023-07-27 14-30-16.png',	'product_images/64c39b1ec22f1.png',	'thumbnails/phpu3XJAd',	'image/png',	'main_section',	'png',	NULL,	1,	NULL,	'2023-07-28 05:10:41'),
(633,	207,	'Screenshot from 2023-07-19 23-21-32.png',	'product_images/64c39bb1849d9.png',	'',	'image/png',	'slider',	'png',	NULL,	0,	NULL,	NULL),
(634,	207,	'Screenshot from 2023-07-19 23-23-02.png',	'product_images/64c39bb185c13.png',	'',	'image/png',	'slider',	'png',	NULL,	0,	NULL,	NULL),
(635,	207,	'Screenshot from 2023-07-19 23-24-45.png',	'product_images/64c39bb186c0c.png',	'',	'image/png',	'slider',	'png',	NULL,	0,	NULL,	NULL),
(636,	207,	'Screenshot from 2023-07-19 22-46-31.png',	'product_images/64c39bb843a71.png',	'',	'image/png',	'single',	'png',	NULL,	0,	NULL,	NULL),
(637,	208,	'Screenshot from 2023-07-19 23-21-32.png',	'product_images/64c39c36dadd9.png',	'thumbnails/phpq58iDg',	'image/png',	'main_section',	'png',	NULL,	0,	NULL,	NULL),
(638,	208,	'Screenshot from 2023-07-19 23-23-02.png',	'product_images/64c39c36ea43e.png',	'thumbnails/phpHqZUOe',	'image/png',	'main_section',	'png',	NULL,	0,	NULL,	NULL),
(639,	208,	'Screenshot from 2023-07-19 23-24-45.png',	'product_images/64c39c3705257.png',	'thumbnails/phpPLExsf',	'image/png',	'main_section',	'png',	NULL,	0,	NULL,	NULL),
(640,	208,	'Screenshot from 2023-07-19 15-11-25.png',	'product_images/64c39d813132c.png',	'',	'image/png',	'slider',	'png',	NULL,	0,	NULL,	NULL),
(641,	208,	'Screenshot from 2023-07-19 22-46-31.png',	'product_images/64c39d8132553.png',	'',	'image/png',	'slider',	'png',	NULL,	0,	NULL,	NULL),
(642,	208,	'Screenshot from 2023-07-19 23-18-47.png',	'product_images/64c39d8133773.png',	'',	'image/png',	'slider',	'png',	NULL,	1,	NULL,	'2023-07-28 05:30:58'),
(643,	208,	'Screenshot from 2023-07-19 15-11-24.png',	'product_images/64c39d88abb23.png',	'',	'image/png',	'single',	'png',	NULL,	0,	NULL,	NULL),
(644,	209,	'Screenshot from 2023-07-19 23-21-16.png',	'product_images/64c39f28d7632.png',	'thumbnails/phpze1NWe',	'image/png',	'main_section',	'png',	NULL,	0,	NULL,	NULL),
(645,	210,	'Screenshot from 2023-07-19 23-19-25.png',	'product_images/64c3a69025151.png',	'thumbnails/phpi97brY',	'image/png',	'main_section',	'png',	NULL,	0,	NULL,	NULL),
(646,	210,	'Screenshot from 2023-07-19 23-21-01.png',	'product_images/64c3a69037380.png',	'thumbnails/phpucIkRY',	'image/png',	'main_section',	'png',	NULL,	0,	NULL,	NULL),
(647,	210,	'Screenshot from 2023-07-19 23-21-16.png',	'product_images/64c3a69047a69.png',	'thumbnails/php4zMTQX',	'image/png',	'main_section',	'png',	NULL,	0,	NULL,	NULL),
(648,	210,	'Screenshot from 2023-07-19 23-19-25.png',	'product_images/64c3a847a8ad0.png',	'',	'image/png',	'slider',	'png',	NULL,	0,	NULL,	NULL),
(649,	210,	'Screenshot from 2023-07-19 23-21-01.png',	'product_images/64c3a847a9d60.png',	'',	'image/png',	'slider',	'png',	NULL,	0,	NULL,	NULL),
(650,	210,	'Screenshot from 2023-07-19 23-21-16.png',	'product_images/64c3a847ab070.png',	'',	'image/png',	'slider',	'png',	NULL,	0,	NULL,	NULL),
(651,	210,	'Screenshot from 2023-07-19 23-21-01.png',	'product_images/64c3a862bb994.png',	'',	'image/png',	'single',	'png',	NULL,	0,	NULL,	NULL),
(652,	211,	'smartwatcg.jpeg',	'product_images/64c3b1e17fac9.jpeg',	'thumbnails/phpDef6j0',	'image/jpeg',	'main_section',	'jpeg',	NULL,	0,	NULL,	NULL),
(653,	211,	'smartwatch2.jpeg',	'product_images/64c3b1e182b81.jpeg',	'thumbnails/phpexAB7Z',	'image/jpeg',	'main_section',	'jpeg',	NULL,	0,	NULL,	NULL),
(654,	211,	'images (1).jpeg',	'product_images/64c3b1e18636b.jpeg',	'thumbnails/phpAsLTUW',	'image/jpeg',	'main_section',	'jpeg',	NULL,	0,	NULL,	NULL),
(655,	211,	'smartwatcg.jpeg',	'product_images/64c3b2700f7e9.jpeg',	'',	'image/jpeg',	'slider',	'jpeg',	NULL,	0,	NULL,	NULL),
(656,	211,	'smartwatch2.jpeg',	'product_images/64c3b2701097e.jpeg',	'',	'image/jpeg',	'slider',	'jpeg',	NULL,	0,	NULL,	NULL),
(657,	211,	'images (1).jpeg',	'product_images/64c3b279e762f.jpeg',	'',	'image/jpeg',	'single',	'jpeg',	NULL,	0,	NULL,	NULL),
(658,	106,	'Screenshot from 2023-07-19 15-11-25.png',	'product_images/64c4f23b9a5b8.png',	'thumbnails/phpdhW0mF',	'image/png',	'main_section',	'png',	NULL,	0,	NULL,	NULL),
(659,	212,	'Screenshot from 2023-07-19 23-23-02.png',	'product_images/64c754d99346b.png',	'thumbnails/phpWsSi0e',	'image/png',	'main_section',	'png',	NULL,	0,	NULL,	NULL),
(660,	213,	'Screenshot from 2023-07-18 16-09-40.png',	'product_images/64c75719d6cab.png',	'thumbnails/phpSBXaPg',	'image/png',	'main_section',	'png',	NULL,	0,	NULL,	NULL),
(661,	213,	'Screenshot from 2023-07-19 15-11-24.png',	'product_images/64c758e96278b.png',	'',	'image/png',	'slider',	'png',	NULL,	0,	NULL,	NULL),
(662,	213,	'Screenshot from 2023-07-19 15-11-25.png',	'product_images/64c758e964090.png',	'',	'image/png',	'slider',	'png',	NULL,	0,	NULL,	NULL),
(663,	213,	'Screenshot from 2023-07-19 22-46-31.png',	'product_images/64c758e965ed8.png',	'',	'image/png',	'slider',	'png',	NULL,	0,	NULL,	NULL),
(664,	213,	'Screenshot from 2023-07-19 23-18-47.png',	'product_images/64c758e967c33.png',	'',	'image/png',	'slider',	'png',	NULL,	0,	NULL,	NULL),
(665,	213,	'Screenshot from 2023-07-19 23-19-25.png',	'product_images/64c758e96991c.png',	'',	'image/png',	'slider',	'png',	NULL,	0,	NULL,	NULL),
(666,	213,	'Screenshot from 2023-07-19 23-21-01.png',	'product_images/64c758e96abad.png',	'',	'image/png',	'slider',	'png',	NULL,	0,	NULL,	NULL),
(667,	213,	'Screenshot from 2023-07-19 23-21-16.png',	'product_images/64c758e96bcbe.png',	'',	'image/png',	'slider',	'png',	NULL,	0,	NULL,	NULL),
(668,	213,	'Screenshot from 2023-07-19 23-21-32.png',	'product_images/64c758e96cc6f.png',	'',	'image/png',	'slider',	'png',	NULL,	0,	NULL,	NULL),
(669,	213,	'Screenshot from 2023-07-19 23-23-02.png',	'product_images/64c758e96e17e.png',	'',	'image/png',	'slider',	'png',	NULL,	0,	NULL,	NULL),
(670,	213,	'Screenshot from 2023-07-19 23-24-45.png',	'product_images/64c758e96f8c4.png',	'',	'image/png',	'slider',	'png',	NULL,	0,	NULL,	NULL),
(671,	213,	'Screenshot from 2023-07-19 23-25-31.png',	'product_images/64c758e970b78.png',	'',	'image/png',	'slider',	'png',	NULL,	0,	NULL,	NULL),
(672,	213,	'Screenshot from 2023-07-19 23-26-49.png',	'product_images/64c758e971ac5.png',	'',	'image/png',	'slider',	'png',	NULL,	0,	NULL,	NULL),
(673,	213,	'Screenshot from 2023-07-19 23-27-39.png',	'product_images/64c758e972caf.png',	'',	'image/png',	'slider',	'png',	NULL,	0,	NULL,	NULL),
(674,	214,	'Screenshot from 2023-07-19 23-23-02.png',	'product_images/64c758fd15478.png',	'thumbnails/php1FHY7g',	'image/png',	'main_section',	'png',	NULL,	0,	NULL,	NULL),
(675,	214,	'Screenshot from 2023-07-19 23-26-49.png',	'product_images/64c7590a1f2ff.png',	'',	'image/png',	'slider',	'png',	NULL,	0,	NULL,	NULL),
(676,	214,	'Screenshot from 2023-07-19 23-27-39.png',	'product_images/64c7590a2053d.png',	'',	'image/png',	'slider',	'png',	NULL,	0,	NULL,	NULL),
(677,	214,	'Screenshot from 2023-07-19 23-32-35.png',	'product_images/64c7590a2173c.png',	'',	'image/png',	'slider',	'png',	NULL,	0,	NULL,	NULL),
(678,	214,	'Screenshot from 2023-07-20 11-00-33.png',	'product_images/64c7590a227bc.png',	'',	'image/png',	'slider',	'png',	NULL,	0,	NULL,	NULL),
(679,	214,	'Screenshot from 2023-07-23 19-49-32.png',	'product_images/64c7590a23761.png',	'',	'image/png',	'slider',	'png',	NULL,	0,	NULL,	NULL),
(680,	214,	'Screenshot from 2023-07-23 22-16-05.png',	'product_images/64c7590a24917.png',	'',	'image/png',	'slider',	'png',	NULL,	0,	NULL,	NULL),
(681,	215,	'Screenshot from 2023-07-19 23-23-02.png',	'product_images/64c75c8e5bf60.png',	'thumbnails/phpYOVckF',	'image/png',	'main_section',	'png',	NULL,	0,	NULL,	NULL),
(682,	216,	'Screenshot from 2023-07-19 23-26-49.png',	'product_images/64c75d9d2c991.png',	'thumbnails/phpqIAA5F',	'image/png',	'main_section',	'png',	NULL,	0,	NULL,	NULL),
(683,	217,	'Screenshot from 2023-07-19 23-26-49.png',	'product_images/64c771c972c71.png',	'thumbnails/phplYlRcH',	'image/png',	'main_section',	'png',	NULL,	0,	NULL,	NULL),
(684,	217,	'Screenshot from 2023-07-19 23-21-16.png',	'product_images/64c7a012421bd.png',	'',	'image/png',	'single',	'png',	NULL,	0,	NULL,	NULL),
(685,	217,	'Screenshot from 2023-07-19 23-21-32.png',	'product_images/64c7a012435e1.png',	'',	'image/png',	'single',	'png',	NULL,	1,	NULL,	'2023-07-31 06:20:45'),
(686,	218,	'Screenshot from 2023-07-19 23-32-35.png',	'product_images/64c7a94b0f6ea.png',	'thumbnails/php8xVJCA',	'image/png',	'main_section',	'png',	NULL,	0,	NULL,	NULL),
(687,	218,	'Screenshot from 2023-07-19 23-21-16.png',	'product_images/64c891583d91a.png',	'thumbnails/phpS8ICKA',	'image/png',	'main_section',	'png',	NULL,	0,	NULL,	NULL),
(688,	218,	'Screenshot from 2023-07-19 23-23-02.png',	'product_images/64c89176a532e.png',	'thumbnails/php0M8QDB',	'image/png',	'main_section',	'png',	NULL,	0,	NULL,	NULL),
(689,	219,	'Screenshot from 2023-07-23 19-49-32.png',	'product_images/64c8981ce40b2.png',	'thumbnails/phpuGj9DD',	'image/png',	'main_section',	'png',	NULL,	0,	NULL,	NULL),
(690,	220,	'Screenshot from 2023-07-19 23-23-02.png',	'product_images/64c89a30a15d5.png',	'thumbnails/phpJMl4PC',	'image/png',	'main_section',	'png',	NULL,	0,	NULL,	NULL),
(691,	221,	'Screenshot from 2023-07-19 15-11-24.png',	'product_images/64c8a8f64da91.png',	'thumbnails/phpgqdWGC',	'image/png',	'main_section',	'png',	NULL,	0,	NULL,	NULL),
(692,	221,	'Screenshot from 2023-07-19 15-11-25.png',	'product_images/64c8a8f65cf7d.png',	'thumbnails/phpUjPppB',	'image/png',	'main_section',	'png',	NULL,	0,	NULL,	NULL),
(693,	221,	'Screenshot from 2023-07-19 22-46-31.png',	'product_images/64c8a8f66b948.png',	'thumbnails/phpmuqJaA',	'image/png',	'main_section',	'png',	NULL,	0,	NULL,	NULL),
(694,	222,	'Screenshot from 2023-07-19 23-19-25.png',	'product_images/64c8a9be8ca7a.png',	'thumbnails/phpWZp7DE',	'image/png',	'main_section',	'png',	NULL,	0,	NULL,	NULL),
(695,	222,	'Screenshot from 2023-07-19 23-21-01.png',	'product_images/64c8a9be9f9eb.png',	'thumbnails/php7W16yD',	'image/png',	'main_section',	'png',	NULL,	0,	NULL,	NULL),
(696,	222,	'Screenshot from 2023-07-19 23-21-16.png',	'product_images/64c8a9beaf1df.png',	'thumbnails/phpfD2unF',	'image/png',	'main_section',	'png',	NULL,	0,	NULL,	NULL),
(697,	222,	'Screenshot from 2023-07-19 23-21-32.png',	'product_images/64c8a9bebdc70.png',	'thumbnails/phpS9q0PF',	'image/png',	'main_section',	'png',	NULL,	0,	NULL,	NULL),
(698,	222,	'Screenshot from 2023-07-19 23-23-02.png',	'product_images/64c8a9becc1f8.png',	'thumbnails/phpsJCwtD',	'image/png',	'main_section',	'png',	NULL,	0,	NULL,	NULL),
(699,	222,	'Screenshot from 2023-07-19 23-24-45.png',	'product_images/64c8a9beddbc7.png',	'thumbnails/phpr23k6B',	'image/png',	'main_section',	'png',	NULL,	0,	NULL,	NULL),
(700,	222,	'Screenshot from 2023-07-19 23-25-31.png',	'product_images/64c8a9beebf56.png',	'thumbnails/phpJ7oTcE',	'image/png',	'main_section',	'png',	NULL,	0,	NULL,	NULL),
(701,	222,	'Screenshot from 2023-07-19 23-26-49.png',	'product_images/64c8a9bf06913.png',	'thumbnails/phptchSvD',	'image/png',	'main_section',	'png',	NULL,	0,	NULL,	NULL),
(702,	223,	'Screenshot from 2023-07-19 23-21-16.png',	'product_images/64c8aaddab5ba.png',	'thumbnails/phpU3AoKC',	'image/png',	'main_section',	'png',	NULL,	0,	NULL,	NULL),
(703,	224,	'1 (1).png',	'product_images/64d1ce82b5a0a.png',	'thumbnails/phpxYBynd',	'image/png',	'main_section',	'png',	NULL,	0,	NULL,	NULL),
(704,	225,	'Screenshot from 2023-07-19 23-19-25.png',	'product_images/64d24541ccb46.png',	'thumbnails/phpiZOxoA',	'image/png',	'main_section',	'png',	NULL,	0,	NULL,	NULL),
(705,	221,	'2 (2).png',	'product_images/64d37161ec3bd.png',	'',	'image/png',	'single',	'png',	NULL,	0,	NULL,	NULL),
(706,	226,	'2.png',	'product_images/64d371a1b1e2d.png',	'thumbnails/phpy6SkgC',	'image/png',	'main_section',	'png',	NULL,	0,	NULL,	NULL),
(707,	227,	'Screenshot from 2023-08-07 22-35-12.png',	'product_images/64d3732125e10.png',	'thumbnails/php13yuwy',	'image/png',	'main_section',	'png',	NULL,	0,	NULL,	NULL),
(708,	227,	'Screenshot from 2023-08-07 22-12-48.png',	'product_images/64d373213aa17.png',	'thumbnails/phpAvjOgy',	'image/png',	'main_section',	'png',	NULL,	0,	NULL,	NULL),
(709,	228,	'Screenshot from 2023-07-19 23-21-16.png',	'product_images/64d373fd2f2db.png',	'thumbnails/phpqZlQSx',	'image/png',	'main_section',	'png',	NULL,	0,	NULL,	NULL),
(710,	228,	'Screenshot from 2023-07-19 23-18-47.png',	'product_images/64d3742e58829.png',	'',	'image/png',	'slider',	'png',	NULL,	0,	NULL,	NULL),
(711,	228,	'Screenshot from 2023-07-19 23-23-02.png',	'product_images/64d3742e59ca4.png',	'',	'image/png',	'slider',	'png',	NULL,	0,	NULL,	NULL),
(712,	228,	'Screenshot from 2023-07-19 23-24-45.png',	'product_images/64d3743426a54.png',	'',	'image/png',	'single',	'png',	NULL,	0,	NULL,	NULL),
(713,	228,	'Screenshot from 2023-07-19 23-21-32.png',	'product_images/64d3743d10507.png',	'',	'image/png',	'single',	'png',	NULL,	0,	NULL,	NULL),
(714,	227,	'Screenshot from 2023-07-19 23-21-32.png',	'product_images/64d3747b1558b.png',	'',	'image/png',	'slider',	'png',	NULL,	0,	NULL,	NULL),
(715,	227,	'Screenshot from 2023-07-19 23-23-02.png',	'product_images/64d3747b168e6.png',	'',	'image/png',	'slider',	'png',	NULL,	0,	NULL,	NULL),
(716,	227,	'Screenshot from 2023-07-19 23-24-45.png',	'product_images/64d3747b17b47.png',	'',	'image/png',	'slider',	'png',	NULL,	0,	NULL,	NULL),
(717,	227,	'Screenshot from 2023-07-19 23-25-31.png',	'product_images/64d3747b18e29.png',	'',	'image/png',	'slider',	'png',	NULL,	0,	NULL,	NULL),
(718,	227,	'Screenshot from 2023-07-19 23-26-49.png',	'product_images/64d3747b1a0c6.png',	'',	'image/png',	'slider',	'png',	NULL,	0,	NULL,	NULL),
(719,	227,	'Screenshot from 2023-07-19 23-27-39.png',	'product_images/64d3747b1bad0.png',	'',	'image/png',	'slider',	'png',	NULL,	0,	NULL,	NULL),
(720,	227,	'Screenshot from 2023-07-19 23-21-32.png',	'product_images/64d3748229448.png',	'',	'image/png',	'single',	'png',	NULL,	0,	NULL,	NULL),
(721,	229,	'Screenshot from 2023-07-19 23-18-47.png',	'product_images/64d48761a560e.png',	'thumbnails/php0MfPRo',	'image/png',	'main_section',	'png',	NULL,	0,	NULL,	NULL),
(722,	229,	'Screenshot from 2023-07-19 23-19-25.png',	'product_images/64d48761b7a81.png',	'thumbnails/phpoBcTxp',	'image/png',	'main_section',	'png',	NULL,	0,	NULL,	NULL),
(723,	229,	'Screenshot from 2023-07-19 23-21-01.png',	'product_images/64d48761c7413.png',	'thumbnails/php5em7Yp',	'image/png',	'main_section',	'png',	NULL,	0,	NULL,	NULL),
(724,	229,	'Screenshot from 2023-07-19 23-21-16.png',	'product_images/64d48761d8c9a.png',	'thumbnails/phpAHNj7n',	'image/png',	'main_section',	'png',	NULL,	0,	NULL,	NULL),
(725,	229,	'Screenshot from 2023-07-19 23-21-32.png',	'product_images/64d48761e81bc.png',	'thumbnails/phpkH9Zfn',	'image/png',	'main_section',	'png',	NULL,	0,	NULL,	NULL),
(726,	229,	'Screenshot from 2023-07-19 23-23-02.png',	'product_images/64d4876203b41.png',	'thumbnails/phpJwVRlq',	'image/png',	'main_section',	'png',	NULL,	0,	NULL,	NULL),
(727,	229,	'Screenshot from 2023-07-19 23-24-45.png',	'product_images/64d48762132a4.png',	'thumbnails/phpLVLT2p',	'image/png',	'main_section',	'png',	NULL,	0,	NULL,	NULL),
(728,	229,	'Screenshot from 2023-07-19 23-25-31.png',	'product_images/64d48762220d2.png',	'thumbnails/phpjVsmkr',	'image/png',	'main_section',	'png',	NULL,	0,	NULL,	NULL),
(729,	229,	'Screenshot from 2023-07-19 23-26-49.png',	'product_images/64d4876230a97.png',	'thumbnails/phpe6OB8p',	'image/png',	'main_section',	'png',	NULL,	0,	NULL,	NULL),
(730,	229,	'Screenshot from 2023-07-19 23-27-39.png',	'product_images/64d487623f8c7.png',	'thumbnails/phpUUm28q',	'image/png',	'main_section',	'png',	NULL,	0,	NULL,	NULL),
(731,	230,	'Screenshot from 2023-07-19 23-18-47.png',	'product_images/64d4a718cfabc.png',	'thumbnails/phpGso1lr',	'image/png',	'main_section',	'png',	NULL,	0,	NULL,	NULL),
(732,	230,	'Screenshot from 2023-07-19 23-19-25.png',	'product_images/64d4a718df934.png',	'thumbnails/phpiy5jpq',	'image/png',	'main_section',	'png',	NULL,	0,	NULL,	NULL),
(733,	231,	'Screenshot from 2023-07-19 23-19-25.png',	'product_images/64d4acf12a90d.png',	'thumbnails/phpxJoCmr',	'image/png',	'main_section',	'png',	NULL,	0,	NULL,	NULL),
(734,	231,	'Screenshot from 2023-07-19 23-21-01.png',	'product_images/64d4acf139d2e.png',	'thumbnails/phptezt1m',	'image/png',	'main_section',	'png',	NULL,	0,	NULL,	NULL),
(735,	231,	'Screenshot from 2023-07-19 23-21-16.png',	'product_images/64d4acf148d6c.png',	'thumbnails/php7goWxr',	'image/png',	'main_section',	'png',	NULL,	0,	NULL,	NULL),
(736,	231,	'Screenshot from 2023-07-19 23-21-32.png',	'product_images/64d4acf15794d.png',	'thumbnails/phpbS5lyn',	'image/png',	'main_section',	'png',	NULL,	0,	NULL,	NULL),
(737,	232,	'Screenshot from 2023-07-19 23-21-32.png',	'product_images/64d4b4fb64e8a.png',	'thumbnails/phpZBC15n',	'image/png',	'main_section',	'png',	NULL,	0,	NULL,	NULL),
(738,	233,	'Screenshot from 2023-07-19 23-19-25.png',	'product_images/64d4b543e75ab.png',	'thumbnails/php9PD6Cp',	'image/png',	'main_section',	'png',	NULL,	0,	NULL,	NULL),
(739,	234,	'Screenshot from 2023-07-23 19-49-32.png',	'product_images/64d4cb72a47e7.png',	'thumbnails/phpf6sITo',	'image/png',	'main_section',	'png',	NULL,	0,	NULL,	NULL),
(740,	235,	'1 (1).png',	'product_images/64d5f9504d4a2.png',	'thumbnails/phpjJn35U',	'image/png',	'main_section',	'png',	NULL,	1,	NULL,	'2023-08-11 03:46:35'),
(741,	235,	'2 (2).png',	'product_images/64d5ffdd25d50.png',	'thumbnails/phpddtrzY',	'image/png',	'main_section',	'png',	NULL,	0,	NULL,	NULL),
(742,	236,	'1 (3).png',	'product_images/64d605e8b2df4.png',	'thumbnails/phpSmmlfX',	'image/png',	'main_section',	'png',	NULL,	0,	NULL,	NULL),
(743,	237,	'1 (2).png',	'product_images/64d61c09dcd21.png',	'thumbnails/phplNb6KX',	'image/png',	'main_section',	'png',	NULL,	1,	NULL,	'2023-08-11 06:27:26'),
(744,	237,	'Screenshot from 2023-07-19 23-21-32.png',	'product_images/64d6220446959.png',	'thumbnails/phpRCnNLY',	'image/png',	'main_section',	'png',	NULL,	0,	NULL,	NULL),
(745,	237,	'Screenshot from 2023-07-19 23-23-02.png',	'product_images/64d6220458d29.png',	'thumbnails/phphW5OfV',	'image/png',	'main_section',	'png',	NULL,	0,	NULL,	NULL),
(746,	237,	'Screenshot from 2023-07-19 23-24-45.png',	'product_images/64d6220469bea.png',	'thumbnails/php7rUxPW',	'image/png',	'main_section',	'png',	NULL,	0,	NULL,	NULL),
(747,	237,	'Screenshot from 2023-07-19 23-25-31.png',	'product_images/64d622047b744.png',	'thumbnails/php8U51FV',	'image/png',	'main_section',	'png',	NULL,	0,	NULL,	NULL),
(748,	237,	'Screenshot from 2023-07-19 23-26-49.png',	'product_images/64d622048bcdb.png',	'thumbnails/phpZDPJFX',	'image/png',	'main_section',	'png',	NULL,	0,	NULL,	NULL),
(749,	237,	'Screenshot from 2023-07-19 23-27-39.png',	'product_images/64d622049b02a.png',	'thumbnails/phpkei4uW',	'image/png',	'main_section',	'png',	NULL,	0,	NULL,	NULL),
(750,	237,	'Screenshot from 2023-07-19 23-32-35.png',	'product_images/64d62204abdbf.png',	'thumbnails/phpU6MLcY',	'image/png',	'main_section',	'png',	NULL,	0,	NULL,	NULL),
(751,	237,	'Screenshot from 2023-07-20 11-00-33.png',	'product_images/64d62204bdffa.png',	'thumbnails/phpaiVuaY',	'image/png',	'main_section',	'png',	NULL,	0,	NULL,	NULL),
(752,	238,	'Screenshot from 2023-07-19 23-26-49.png',	'product_images/64d66c7c52429.png',	'thumbnails/phpVjCRmW',	'image/png',	'main_section',	'png',	NULL,	0,	NULL,	NULL),
(753,	239,	'Screenshot from 2023-07-19 23-26-49.png',	'product_images/64d66cd2a9012.png',	'thumbnails/phpfgfiOV',	'image/png',	'main_section',	'png',	NULL,	0,	NULL,	NULL),
(754,	240,	'Screenshot from 2023-07-19 23-21-16.png',	'product_images/64d9d2e709184.png',	'thumbnails/phpxYOCmV',	'image/png',	'main_section',	'png',	NULL,	0,	NULL,	NULL),
(755,	241,	'Screenshot from 2023-07-19 23-21-16.png',	'product_images/64d9d371cd450.png',	'thumbnails/phpCkoNgX',	'image/png',	'main_section',	'png',	NULL,	0,	NULL,	NULL),
(756,	242,	'Screenshot from 2023-07-19 23-25-31.png',	'product_images/64da092d54b74.png',	'thumbnails/phpkgGdrW',	'image/png',	'main_section',	'png',	NULL,	0,	NULL,	NULL),
(757,	243,	'Screenshot from 2023-07-19 23-23-02.png',	'product_images/64da0985b6ad7.png',	'thumbnails/phpgxQF3W',	'image/png',	'main_section',	'png',	NULL,	0,	NULL,	NULL),
(758,	244,	'Screenshot from 2023-07-19 23-26-49.png',	'product_images/64da20eaa8626.png',	'thumbnails/phpT7WeHY',	'image/png',	'main_section',	'png',	NULL,	0,	NULL,	NULL),
(759,	245,	'Screenshot from 2023-07-19 23-32-35.png',	'product_images/64da24dedfca6.png',	'thumbnails/phpVpPWbY',	'image/png',	'main_section',	'png',	NULL,	0,	NULL,	NULL),
(760,	246,	'Screenshot from 2023-07-19 23-19-25.png',	'product_images/64da2657ef75e.png',	'thumbnails/php5pTJDW',	'image/png',	'main_section',	'png',	NULL,	0,	NULL,	NULL),
(761,	247,	'Screenshot from 2023-07-20 11-00-33.png',	'product_images/64dc69475f6d9.png',	'thumbnails/phpX19vYL',	'image/png',	'main_section',	'png',	NULL,	0,	NULL,	NULL),
(762,	248,	'Screenshot from 2023-07-23 22-16-05.png',	'product_images/64dc757bd2e2c.png',	'thumbnails/phpWEd4aK',	'image/png',	'main_section',	'png',	NULL,	0,	NULL,	NULL),
(763,	249,	'Screenshot from 2023-07-19 23-27-39.png',	'product_images/64dc8a88e97d7.png',	'thumbnails/phpzTrSyL',	'image/png',	'main_section',	'png',	NULL,	0,	NULL,	NULL),
(764,	250,	'Screenshot from 2023-07-19 23-21-01.png',	'product_images/64dc95d4eec3a.png',	'thumbnails/phpUSA6TK',	'image/png',	'main_section',	'png',	NULL,	0,	NULL,	NULL),
(765,	251,	'Screenshot from 2023-07-19 23-21-01.png',	'product_images/64dc9637167ac.png',	'thumbnails/phpgReQCK',	'image/png',	'main_section',	'png',	NULL,	0,	NULL,	NULL),
(766,	252,	'Screenshot from 2023-07-19 23-21-16.png',	'product_images/64ddde194d5d8.png',	'thumbnails/phpzEPpVJ',	'image/png',	'main_section',	'png',	NULL,	0,	NULL,	NULL),
(767,	253,	'Screenshot from 2023-07-19 23-21-32.png',	'product_images/64def6d2b7127.png',	'thumbnails/phpunwXUy',	'image/png',	'main_section',	'png',	NULL,	0,	NULL,	NULL),
(768,	254,	'Screenshot from 2023-08-17 22-55-39.png',	'product_images/64e72b8c01bde.png',	'thumbnails/phpRIMIyc',	'image/png',	'main_section',	'png',	NULL,	0,	NULL,	NULL),
(769,	255,	'Screenshot from 2023-08-23 22-51-39.png',	'product_images/64e73e3d76486.png',	'thumbnails/phpZLlyuc',	'image/png',	'main_section',	'png',	NULL,	0,	NULL,	NULL),
(770,	256,	'Screenshot from 2023-08-17 22-55-39.png',	'product_images/64e83afd06593.png',	'thumbnails/php4wGUiV',	'image/png',	'main_section',	'png',	NULL,	0,	NULL,	NULL),
(771,	257,	'Screenshot from 2023-08-20 20-17-30.png',	'product_images/64e84ec303b57.png',	'thumbnails/phpFQCEUU',	'image/png',	'main_section',	'png',	NULL,	0,	NULL,	NULL),
(772,	258,	'Screenshot from 2023-08-22 18-38-20.png',	'product_images/64e87a2eb23ab.png',	'thumbnails/phpshSMEX',	'image/png',	'main_section',	'png',	NULL,	0,	NULL,	NULL),
(773,	259,	'Screenshot from 2023-08-25 14-52-17.png',	'product_images/64e88c3bd2c53.png',	'thumbnails/phpLHs2RY',	'image/png',	'main_section',	'png',	NULL,	0,	NULL,	NULL);

DROP TABLE IF EXISTS `medical_my_product_multi_features`;
CREATE TABLE `medical_my_product_multi_features` (
  `id` bigint unsigned NOT NULL AUTO_INCREMENT,
  `name` varchar(255) CHARACTER SET utf8mb4 COLLATE utf8mb4_unicode_ci NOT NULL,
  `is_deleted` tinyint(1) NOT NULL DEFAULT '0',
  `created_at` timestamp NULL DEFAULT NULL,
  `updated_at` timestamp NULL DEFAULT NULL,
  PRIMARY KEY (`id`)
) ENGINE=InnoDB DEFAULT CHARSET=utf8mb4 COLLATE=utf8mb4_unicode_ci;

INSERT INTO `medical_my_product_multi_features` (`id`, `name`, `is_deleted`, `created_at`, `updated_at`) VALUES
(1,	'Healthy & Safe 37 Freezing',	1,	NULL,	'2023-08-17 00:38:20'),
(2,	'Frozen Energy Shock',	0,	NULL,	NULL),
(3,	'Dual Chiller & Advance Filtration System',	0,	NULL,	NULL),
(4,	'Separated Water Purification System',	0,	NULL,	NULL),
(5,	'Military Grade Exterior Shell	',	0,	NULL,	NULL),
(6,	'UV Protected Exterior Shell',	0,	NULL,	NULL),
(7,	'FoamSeal Military Grade Insulation',	0,	NULL,	NULL),
(8,	'20 Ultra Micron Filter',	0,	NULL,	NULL),
(9,	'Indoor & Outdoor Use',	0,	NULL,	NULL),
(10,	'No Plumbing Needed',	0,	NULL,	NULL),
(11,	'No Special Electrical, 120 Volt, Just Plug & Play',	0,	NULL,	NULL),
(12,	'581 Technicians all over US & Canada to service Frozen',	0,	NULL,	NULL),
(13,	'Rapid Internal Cooling System',	0,	NULL,	NULL),
(14,	'Energy Efficient Cooling System',	0,	NULL,	NULL),
(37,	'promise',	1,	NULL,	'2023-08-17 00:38:27'),
(43,	'sd',	1,	NULL,	'2023-08-17 00:38:25'),
(44,	'sdd',	1,	NULL,	'2023-08-17 00:38:42'),
(45,	'pratik',	1,	NULL,	'2023-08-17 00:38:31'),
(46,	'sdc',	1,	NULL,	'2023-08-17 00:38:40'),
(47,	's',	1,	NULL,	'2023-08-17 00:38:38'),
(48,	'http://127.0.0.1:8000/images/x.svg?6c9a4ba71a333be7b021fc6da39d864c',	1,	NULL,	'2023-08-17 00:38:33'),
(49,	'dff',	1,	NULL,	'2023-08-17 00:38:35');

DROP TABLE IF EXISTS `medical_my_product_reviews`;
CREATE TABLE `medical_my_product_reviews` (
  `id` bigint unsigned NOT NULL AUTO_INCREMENT,
  `my_product_id` bigint unsigned NOT NULL,
  `user_name` varchar(255) CHARACTER SET utf8mb4 COLLATE utf8mb4_unicode_ci NOT NULL,
  `rating` varchar(255) CHARACTER SET utf8mb4 COLLATE utf8mb4_unicode_ci NOT NULL,
  `location` varchar(255) CHARACTER SET utf8mb4 COLLATE utf8mb4_unicode_ci NOT NULL,
  `review` varchar(255) CHARACTER SET utf8mb4 COLLATE utf8mb4_unicode_ci NOT NULL,
  `image_url` varchar(255) CHARACTER SET utf8mb4 COLLATE utf8mb4_unicode_ci DEFAULT NULL,
  `order_by` varchar(255) CHARACTER SET utf8mb4 COLLATE utf8mb4_unicode_ci DEFAULT NULL,
  `is_deleted` tinyint(1) NOT NULL DEFAULT '0',
  `created_at` timestamp NULL DEFAULT NULL,
  `updated_at` timestamp NULL DEFAULT NULL,
  PRIMARY KEY (`id`),
  KEY `medical_my_product_reviews_my_product_id_foreign` (`my_product_id`),
  CONSTRAINT `medical_my_product_reviews_my_product_id_foreign` FOREIGN KEY (`my_product_id`) REFERENCES `medical_my_products` (`id`) ON DELETE CASCADE
) ENGINE=InnoDB DEFAULT CHARSET=utf8mb4 COLLATE=utf8mb4_unicode_ci;

INSERT INTO `medical_my_product_reviews` (`id`, `my_product_id`, `user_name`, `rating`, `location`, `review`, `image_url`, `order_by`, `is_deleted`, `created_at`, `updated_at`) VALUES
(1,	171,	'secanivo',	'4',	'Deserunt aut reicien',	'Quo atque magna aute',	NULL,	NULL,	0,	NULL,	NULL),
(2,	170,	'cyvuho',	'4',	'Qui pariatur Duis l',	'Repellendus Consequ',	NULL,	NULL,	0,	NULL,	NULL),
(3,	165,	'worakece',	'4',	'Animi amet velit v',	'Et consequatur Nesc',	NULL,	NULL,	0,	NULL,	NULL),
(4,	165,	'jyker',	'1',	'Reprehenderit aut a',	'Anim velit similique',	NULL,	NULL,	0,	NULL,	NULL),
(5,	164,	'nybowuno',	'5',	'Consequatur non hic',	'Nihil exercitationem',	NULL,	NULL,	0,	NULL,	NULL),
(6,	161,	'jisezena',	'4',	'Iure nisi culpa pari',	'Excepteur consequatu',	NULL,	NULL,	0,	NULL,	NULL),
(7,	170,	'vicuh',	'4',	'Eligendi omnis natus',	'Quia est minus persp',	NULL,	NULL,	0,	NULL,	NULL),
(8,	164,	'gahagek',	'5',	'Sit adipisicing eni',	'Aut enim voluptas eo',	NULL,	NULL,	0,	NULL,	NULL),
(9,	172,	'selijeci',	'3',	'Adipisci culpa digni',	'Velit velit porro e',	NULL,	NULL,	0,	NULL,	NULL),
(10,	182,	'vyrezu',	'5',	'Ad qui nulla necessi',	'Molestiae sint exce',	NULL,	NULL,	0,	NULL,	NULL),
(11,	183,	'maqypekom',	'5',	'Deserunt explicabo',	'Eos vel minima comm',	NULL,	NULL,	0,	NULL,	NULL),
(12,	190,	'zehyfa',	'5',	'Voluptatem illo in q',	'Omnis ex cum cillum',	NULL,	NULL,	0,	NULL,	NULL),
(13,	189,	'xajesadimy',	'4',	'Officia temporibus p',	'Rem beatae rem labor',	NULL,	NULL,	0,	NULL,	NULL),
(14,	189,	'volotife',	'5',	'Optio quia natus in',	'Dolor ipsum quod mol',	NULL,	NULL,	0,	NULL,	NULL),
(15,	189,	'rynix',	'3',	'Aliquip et et ex mol',	'Cum dolorum natus in',	NULL,	NULL,	0,	NULL,	NULL),
(16,	189,	'zygexyfud',	'5',	'In dolor quae nisi l',	'Laboris saepe a et n',	NULL,	NULL,	0,	NULL,	NULL),
(17,	189,	'tujolypovy',	'4',	'Vitae nulla in ullam',	'Ut vero quasi repell',	NULL,	NULL,	0,	NULL,	NULL),
(18,	189,	'nidevobohe',	'2',	'Ratione nisi qui cor',	'Quam eius eiusmod et',	NULL,	NULL,	0,	NULL,	NULL),
(19,	189,	'dupup',	'1',	'Nihil reiciendis nos',	'Iure tenetur tempori',	NULL,	NULL,	0,	NULL,	NULL),
(20,	189,	'pezepura',	'1',	'Et quos dicta ad mod',	'Sunt rerum velit si',	NULL,	NULL,	0,	NULL,	NULL),
(21,	192,	'guryzunesy',	'1',	'Temporibus modi veni',	'Fugiat assumenda vol',	NULL,	NULL,	0,	NULL,	NULL),
(22,	192,	'lykuma',	'5',	'Ut ab saepe illum m',	'Voluptatum est aut q',	NULL,	NULL,	0,	NULL,	NULL),
(23,	193,	'racubapi',	'3',	'Voluptatem consequa',	'Ea aut possimus nem',	NULL,	NULL,	0,	NULL,	NULL),
(24,	193,	'pezuv',	'3',	'Et eveniet iusto as',	'Animi aut sunt even',	NULL,	NULL,	0,	NULL,	NULL),
(25,	193,	'verygezefy',	'4',	'Cumque rem ratione e',	'Quo adipisci eveniet',	NULL,	NULL,	0,	NULL,	NULL),
(26,	193,	'juqedaqy',	'1',	'Reiciendis duis qui',	'Non est nisi hic lor',	NULL,	NULL,	0,	NULL,	NULL),
(27,	193,	'vywedefu',	'2',	'Est sunt libero qui',	'Quis reprehenderit v',	NULL,	NULL,	0,	NULL,	NULL),
(28,	194,	'vishwakarmaji',	'2',	'indore',	'stylish watch',	NULL,	NULL,	0,	NULL,	NULL),
(29,	194,	'kumar',	'3',	'Accusantium minus ne',	'rrrrrrrrrrr',	NULL,	NULL,	0,	NULL,	NULL),
(30,	207,	'qipor',	'1',	'Est natus assumenda',	'Modi anim ut non sed',	NULL,	NULL,	0,	NULL,	NULL),
(31,	208,	'nupesodoxa',	'2',	'Quia quis nisi porro',	'Voluptas soluta ut e',	NULL,	NULL,	0,	NULL,	NULL),
(32,	208,	'zajojulaq',	'2',	'Nostrud dolorem illo',	'Est voluptatum odio',	NULL,	NULL,	0,	NULL,	NULL),
(33,	210,	'ABc',	'5',	'Test',	'test',	NULL,	NULL,	0,	NULL,	NULL),
(34,	210,	'ABC 2',	'4',	'Test',	'test',	NULL,	NULL,	0,	NULL,	NULL),
(35,	211,	'pratik kumar',	'1',	'Test12 phle12tha',	's333sdfb',	NULL,	NULL,	0,	NULL,	'2023-07-29 08:04:10'),
(36,	211,	'ranu',	'5',	'indore',	'verybad',	NULL,	NULL,	1,	NULL,	'2023-07-29 04:48:09'),
(37,	211,	'cc',	'4',	'indore',	'ds',	NULL,	NULL,	1,	NULL,	'2023-07-29 04:47:58'),
(38,	211,	'munaxasu',	'1',	'Hic dolore hic irure',	'Adipisci magni exerc',	NULL,	NULL,	0,	NULL,	NULL),
(39,	211,	'gypufeji',	'3',	'Laborum Doloribus e',	'Nostrud est aliquid',	NULL,	NULL,	1,	NULL,	'2023-07-29 04:55:29'),
(40,	211,	'sikuke',	'3',	'Elit nihil et alias',	'Eveniet est adipis',	NULL,	NULL,	0,	NULL,	NULL),
(41,	211,	'ravi',	'5',	'Lorem reprehenderit',	'Labore in magni qui',	NULL,	NULL,	1,	NULL,	'2023-07-29 04:55:27'),
(42,	211,	'ravi kumar',	'4',	'Earum anim corrupti',	'Enim obcaecati delen',	NULL,	NULL,	1,	NULL,	'2023-07-29 04:48:28'),
(43,	211,	'sd',	'2',	'sd',	'dc',	NULL,	NULL,	1,	NULL,	'2023-07-29 04:48:18'),
(44,	211,	'suhago',	'1',	'Sint et in dolor mo',	'Labore quia aut iure',	NULL,	NULL,	1,	NULL,	'2023-07-29 04:55:19'),
(45,	107,	'texykixeg',	'3',	'Et quod magna aute d',	'Aliqua Totam omnis',	NULL,	NULL,	0,	NULL,	NULL),
(46,	107,	'wysegicuny',	'2',	'Amet quia molestias',	'Dolore lorem in quo',	NULL,	NULL,	0,	NULL,	NULL),
(47,	107,	'bakapaj',	'1',	'Dolor impedit volup',	'Hic consequuntur eiu',	NULL,	NULL,	0,	NULL,	NULL),
(48,	107,	'budyzi',	'3',	'Nulla totam quos adi',	'Voluptate quae et en',	NULL,	NULL,	0,	NULL,	NULL),
(49,	211,	'asdf',	'3',	'Occaecat et fugiat',	'Quidem repudiandae a',	NULL,	NULL,	1,	NULL,	'2023-07-29 06:45:11'),
(50,	211,	'wuguwy',	'4',	'Velit illum volupta',	'Et culpa deserunt isdfghgfdsadfghgfd dfgngfdsasdfghgfd sdfghfdsasdfghfdsa eghtre',	NULL,	NULL,	1,	NULL,	'2023-07-29 07:53:02'),
(51,	211,	'vexitiboj',	'4',	'Enim expedita ipsam',	'Pariatur Odio sint',	NULL,	NULL,	1,	NULL,	'2023-07-29 07:56:09'),
(52,	211,	'kyxutucod',	'4',	'Assumenda facilis vo',	'Et eu ut fugit exer',	NULL,	NULL,	0,	NULL,	NULL),
(53,	211,	'xesaxivu',	'4',	'Et repellendus Obca',	'Et labore adipisicin',	NULL,	NULL,	0,	NULL,	NULL),
(54,	211,	'zitucuf',	'4',	'Aliquid quia laudant',	'Excepteur ut enim iu',	NULL,	NULL,	0,	NULL,	NULL),
(55,	211,	'docotibozy',	'4',	'Id omnis beatae ut d',	'Ut dolore labore ut',	NULL,	NULL,	1,	NULL,	'2023-07-29 07:56:04'),
(56,	211,	'nacadoj',	'4',	'Aute rerum labore no',	'Quia rem nihil inven',	NULL,	NULL,	1,	NULL,	'2023-07-29 07:54:27'),
(57,	211,	'nepeqiz',	'2',	'Occaecat exercitatio',	'Ex quisquam quod et',	NULL,	NULL,	1,	NULL,	'2023-07-29 07:54:23'),
(58,	211,	'qubyd',	'2',	'In qui optio vel vo',	'Eius commodo molesti',	NULL,	NULL,	1,	NULL,	'2023-07-29 07:55:13'),
(59,	211,	'wohuraco',	'1',	'Sapiente cumque repr',	'Sit dolor obcaecati',	NULL,	NULL,	0,	NULL,	NULL),
(60,	211,	'namideheh',	'1',	'Laborum nisi totam a',	'Consequatur In labo',	NULL,	NULL,	1,	NULL,	'2023-07-29 07:55:58'),
(61,	211,	'lovoliziqe',	'2',	'Consectetur maiores',	'Est occaecat qui inc',	NULL,	NULL,	0,	NULL,	NULL),
(62,	211,	'qaquwawu',	'2',	'Recusandae Minima v',	'Ullam itaque consect',	NULL,	NULL,	1,	NULL,	'2023-07-29 07:56:59'),
(63,	211,	'vybuluzi',	'2',	'Consequatur sit ill',	'Odio asperiores dolo',	NULL,	NULL,	1,	NULL,	'2023-07-29 07:58:04'),
(64,	211,	'supevu',	'1',	'Autem est duis sed n',	'Cumque eos aperiam',	NULL,	NULL,	1,	NULL,	'2023-07-29 07:57:57'),
(65,	211,	'mulibezabi',	'2',	'Architecto consequat',	'Fugit eu odit digni',	NULL,	NULL,	1,	NULL,	'2023-07-29 08:00:07'),
(66,	211,	'vecihijah',	'2',	'Vel voluptatum aute',	'Non culpa quia sed',	NULL,	NULL,	1,	NULL,	'2023-07-29 07:58:50'),
(67,	211,	'kovesevaw',	'2',	'Fuga Modi consequat',	'Alias voluptates id',	NULL,	NULL,	1,	NULL,	'2023-07-29 07:59:13'),
(68,	211,	'syqitaqur',	'2',	'Quibusdam sed libero',	'Nostrud ullamco amet',	NULL,	NULL,	1,	NULL,	'2023-07-29 07:59:15'),
(69,	211,	'muxile',	'2',	'Molestiae pariatur',	'Voluptatibus quia si',	NULL,	NULL,	1,	NULL,	'2023-07-29 07:59:57'),
(70,	211,	'kadykosoq',	'3',	'Deserunt duis quibus',	'Ipsam corrupti Nam',	NULL,	NULL,	0,	NULL,	NULL),
(71,	211,	'risut',	'4',	'Commodo alias placea',	'Nulla tenetur rerum',	NULL,	NULL,	1,	NULL,	'2023-07-29 08:03:37'),
(72,	211,	'vunafor',	'5',	'In elit qui dolorib',	'Commodo tempor culpa',	NULL,	NULL,	1,	NULL,	'2023-07-30 23:39:23'),
(73,	211,	'zohuc',	'2',	'Rerum sunt sed quo v',	'Incidunt est ab sol Incidunt est ab sol Incidunt est ab sol',	NULL,	NULL,	1,	NULL,	'2023-08-09 05:26:47'),
(74,	212,	'sihanytu',	'2',	'Magna minima cupidat',	'Nemo quos minus ut c',	NULL,	NULL,	1,	NULL,	'2023-07-31 01:00:57'),
(75,	212,	'pyqefoz',	'2',	'Mollit omnis lorem s',	'Non nobis quibusdam',	NULL,	NULL,	1,	NULL,	'2023-07-31 01:00:52'),
(76,	212,	'pratik',	'1',	'lod',	'ds',	NULL,	NULL,	1,	NULL,	'2023-07-31 01:07:04'),
(77,	212,	'ravi',	'2',	'3',	'33',	NULL,	NULL,	1,	NULL,	'2023-07-31 01:07:09'),
(78,	217,	'test',	'1',	'indore',	'good',	NULL,	NULL,	0,	NULL,	NULL),
(79,	217,	'vijay',	'3',	'indore',	'1232',	NULL,	NULL,	0,	NULL,	NULL),
(80,	211,	'farufawyw',	'3',	'Perspiciatis ut ips',	'Voluptatem cum aut',	NULL,	NULL,	0,	NULL,	NULL),
(81,	227,	'rujafided',	'2',	'Fuga Qui sint cupi',	'Dolores possimus qu',	NULL,	NULL,	0,	NULL,	'2023-08-09 05:44:15'),
(82,	211,	'kalatuz',	'1',	'Provident quo offic',	'Tempora natus est eu',	NULL,	NULL,	0,	NULL,	NULL),
(83,	246,	'kodupa',	'4',	'Blanditiis libero er',	'Similique dignissimo',	NULL,	NULL,	0,	NULL,	NULL),
(84,	246,	'bacopumac',	'1',	'Ipsa officia simili',	'Optio sunt volupta',	NULL,	NULL,	0,	NULL,	NULL),
(85,	246,	'wazamugyp',	'2',	'Sed fugiat sed dolor',	'Est itaque consecte',	NULL,	NULL,	0,	NULL,	NULL),
(86,	246,	'wocahukoj',	'4',	'Suscipit sapiente di',	'Nobis et voluptatem',	NULL,	NULL,	0,	NULL,	NULL),
(87,	246,	'qurike',	'2',	'Fuga Dolores facili',	'Irure necessitatibus',	NULL,	NULL,	0,	NULL,	NULL),
(88,	246,	'q',	'1',	's1',	's',	NULL,	NULL,	1,	NULL,	'2023-08-16 00:27:42'),
(89,	246,	'sosopa',	'5',	'Voluptate ipsam aliq',	'Ducimus eum volupta',	NULL,	NULL,	0,	NULL,	NULL),
(90,	249,	'sad',	'2',	'd',	'd',	NULL,	NULL,	0,	NULL,	NULL),
(91,	252,	'vufyh',	'2',	'Aute velit et aliqua',	'Temporibus ullamco s',	NULL,	NULL,	0,	NULL,	NULL);

DROP TABLE IF EXISTS `medical_my_product_sidebars`;
CREATE TABLE `medical_my_product_sidebars` (
  `id` bigint unsigned NOT NULL AUTO_INCREMENT,
  `my_product_id` bigint unsigned NOT NULL,
  `icon_path` varchar(255) CHARACTER SET utf8mb4 COLLATE utf8mb4_unicode_ci NOT NULL,
  `title` varchar(255) CHARACTER SET utf8mb4 COLLATE utf8mb4_unicode_ci NOT NULL,
  `is_deleted` tinyint(1) NOT NULL DEFAULT '0',
  `created_at` timestamp NULL DEFAULT NULL,
  `updated_at` timestamp NULL DEFAULT NULL,
  PRIMARY KEY (`id`),
  KEY `medical_my_product_sidebars_my_product_id_foreign` (`my_product_id`),
  CONSTRAINT `medical_my_product_sidebars_my_product_id_foreign` FOREIGN KEY (`my_product_id`) REFERENCES `medical_my_products` (`id`) ON DELETE CASCADE
) ENGINE=InnoDB DEFAULT CHARSET=utf8mb4 COLLATE=utf8mb4_unicode_ci;

INSERT INTO `medical_my_product_sidebars` (`id`, `my_product_id`, `icon_path`, `title`, `is_deleted`, `created_at`, `updated_at`) VALUES
(1,	51,	'product_images/64ad1b792df04.png',	'Quis consequatur Ob',	0,	NULL,	NULL),
(2,	51,	'product_images/64ad1b792f417.png',	'Omnis officia facere',	0,	NULL,	NULL),
(3,	10,	'product_images/64ae384aae161.png',	'Harum atque maiores',	0,	NULL,	NULL),
(4,	77,	'product_images/64ae951dcc8c7.png',	'sd',	0,	NULL,	NULL),
(5,	79,	'product_images/64ae96361af58.png',	'pratik',	0,	NULL,	NULL),
(6,	80,	'product_images/64ae972bdbb1b.png',	'Aliquip labore assum',	0,	NULL,	NULL),
(7,	80,	'product_images/64ae972bdd13d.png',	'Dolor explicabo Adi',	0,	NULL,	NULL),
(8,	82,	'product_images/64af849e1c62b.png',	'Maiores ipsum ipsa',	0,	NULL,	NULL),
(9,	82,	'product_images/64af849e1e053.png',	'Et adipisci quos rep',	0,	NULL,	NULL),
(10,	82,	'product_images/64af849e1f28e.png',	'In in tempor rem sun',	0,	NULL,	NULL),
(11,	82,	'product_images/64af849e2042c.png',	'Odit repellendus Mo',	0,	NULL,	NULL),
(12,	82,	'product_images/64af9bb1b5f3e.png',	'Maiores ipsum ipsa',	0,	NULL,	NULL),
(13,	82,	'product_images/64af9bb1b7c5f.png',	'Et adipisci quos rep',	0,	NULL,	NULL),
(14,	82,	'product_images/64af9bb1b8f34.png',	'In in tempor rem sun',	0,	NULL,	NULL),
(15,	82,	'product_images/64af9bb1ba54b.png',	'Odit repellendus Mo',	0,	NULL,	NULL),
(16,	82,	'product_images/64af9c9f23f55.png',	'Maiores ipsum ipsa',	0,	NULL,	NULL),
(17,	82,	'product_images/64af9cdf56662.png',	'Maiores ipsum ipsa',	0,	NULL,	NULL),
(18,	88,	'product_images/64afb964211db.png',	's',	0,	NULL,	NULL),
(19,	89,	'product_images/64afb9a6acb16.png',	'ss',	0,	NULL,	NULL),
(20,	89,	'product_images/64afba3ac68bd.png',	'ss',	0,	NULL,	NULL),
(21,	89,	'product_images/64afba847e020.png',	'ss',	0,	NULL,	NULL),
(22,	89,	'product_images/64afba847f848.png',	'ss',	0,	NULL,	NULL),
(23,	89,	'product_images/64afba8480bd3.png',	'see',	0,	NULL,	NULL),
(24,	90,	'product_images/64afbb9ccefad.png',	'sssde',	0,	NULL,	NULL),
(25,	90,	'product_images/64afbb9cd0619.png',	'ss',	0,	NULL,	NULL),
(26,	92,	'product_images/64afbeb9bae39.png',	'hhhh',	1,	NULL,	'2023-08-17 00:52:47'),
(27,	93,	'product_images/64afc56b35b91.png',	'ss',	0,	NULL,	NULL),
(28,	93,	'product_images/64afc5a4eb9e1.png',	'ss',	0,	NULL,	NULL),
(29,	93,	'product_images/64afc5e99103f.png',	'ssdeee',	0,	NULL,	NULL),
(30,	93,	'product_images/64afc5e992408.png',	'ss vvv',	0,	NULL,	NULL),
(31,	93,	'product_images/64afc794c3c3f.png',	'ss',	0,	NULL,	NULL),
(32,	93,	'product_images/64afc87a8c958.png',	'ss',	0,	NULL,	NULL),
(33,	95,	'product_images/64afcc0fb88f6.png',	'Quae quae voluptas d',	0,	NULL,	NULL),
(34,	95,	'product_images/64afcc425bc19.png',	'Quae quae voluptas d',	0,	NULL,	NULL),
(35,	102,	'product_images/64afd88de011d.png',	's',	0,	NULL,	NULL),
(36,	103,	'product_images/64aff9274f18b.png',	'dd',	0,	NULL,	NULL),
(37,	107,	'product_images/64b0ebaf4766e.png',	'Distinctio Rerum nu',	0,	NULL,	NULL),
(38,	106,	'product_images/64b0ebc8816a6.png',	'Voluptatum non aut e',	0,	NULL,	NULL),
(39,	105,	'product_images/64b0ebf748d02.png',	'Quos aperiam qui eli',	0,	NULL,	NULL),
(40,	121,	'product_images/64b22bd922264.png',	'dfg',	0,	NULL,	NULL),
(41,	121,	'product_images/64b22c2d17833.png',	'dfg',	0,	NULL,	NULL),
(42,	121,	'product_images/64b22c2d18dc3.png',	'v',	0,	NULL,	NULL),
(43,	122,	'product_images/64b22c78da075.png',	'Eum fugiat temporibu',	0,	NULL,	NULL),
(44,	124,	'product_images/64b24cc9e8d27.png',	'g',	0,	NULL,	NULL),
(45,	124,	'product_images/64b24d2cf13c7.png',	'g',	0,	NULL,	NULL),
(46,	137,	'product_images/64b4e5a107e3a.png',	'Quia ut ipsam culpa',	0,	NULL,	NULL),
(47,	137,	'product_images/64b4e5a109490.png',	'Sapiente blanditiis',	0,	NULL,	NULL),
(48,	137,	'product_images/64b4e5a10a898.png',	'Incididunt nisi id m',	0,	NULL,	NULL),
(49,	151,	'product_images/64b526959eb34.png',	'sdd',	0,	NULL,	NULL),
(50,	149,	'product_images/64b53e437e081.png',	'Sed commodi laborum',	0,	NULL,	NULL),
(51,	149,	'product_images/64b540ce9950c.png',	'ssspppppp',	0,	NULL,	NULL),
(52,	149,	'product_images/64b5410e54df5.png',	'pratik',	0,	NULL,	NULL),
(53,	166,	'product_images/64b6e6181a4b1.png',	'sdfghj',	0,	NULL,	NULL),
(54,	168,	'product_images/64b6e95c843cd.png',	'wedf',	0,	NULL,	NULL),
(55,	170,	'product_images/64b7ce3dd7d44.png',	'ddd',	0,	NULL,	NULL),
(56,	172,	'product_images/64b8c362eabb6.png',	'Exercitationem quasi',	0,	NULL,	NULL),
(57,	176,	'product_images/64b90c4d839c1.png',	'Quo molestias harum',	0,	NULL,	NULL),
(58,	182,	'product_images/64ba1c935c9e4.png',	'Modi ullam animi co',	0,	NULL,	NULL),
(59,	182,	'product_images/64ba1c935de62.png',	'Distinctio Aut accu',	0,	NULL,	NULL),
(60,	182,	'product_images/64ba1c935f00b.png',	'Tempore ad aut esse',	0,	NULL,	NULL),
(61,	183,	'product_images/64ba58d586490.png',	'Sed sint deserunt d',	0,	NULL,	NULL),
(62,	183,	'product_images/64ba58d5878de.png',	'Sed sapiente quos no',	0,	NULL,	NULL),
(63,	183,	'product_images/64ba58d588aa1.png',	'Numquam et aperiam e',	0,	NULL,	NULL),
(64,	186,	'product_images/64ba71a1d99f3.png',	'Dignissimos est vel',	0,	NULL,	NULL),
(65,	186,	'product_images/64ba71a1dae5b.png',	'Nihil quia aut molli',	0,	NULL,	NULL),
(66,	186,	'product_images/64ba71a1dc015.png',	'Sit reprehenderit',	0,	NULL,	NULL),
(67,	187,	'product_images/64ba7b354d5ea.png',	'Et ab exercitati112',	0,	NULL,	NULL),
(68,	187,	'product_images/64ba7b354f05e.png',	'Fugit reprehenderit',	0,	NULL,	NULL),
(69,	187,	'product_images/64ba7b3550170.png',	'Eos ex esse quo qu',	0,	NULL,	NULL),
(70,	188,	'product_images/64ba7c2b5924e.png',	'Et accusamus eligend',	0,	NULL,	NULL),
(71,	188,	'product_images/64ba7ca148fee.png',	'Ullam deleniti ad qu',	0,	NULL,	NULL),
(72,	188,	'product_images/64ba7fecba384.png',	'Tempora amet est vo',	0,	NULL,	NULL),
(73,	189,	'product_images/64be5c1c8f099.png',	'Exercitationem minim',	0,	NULL,	NULL),
(74,	189,	'product_images/64be5c1c90794.png',	'Labore voluptas nobi',	0,	NULL,	NULL),
(75,	189,	'product_images/64be5c1c91a8d.png',	'Ex in debitis ea aut',	0,	NULL,	NULL),
(76,	190,	'product_images/64be701b67f6b.png',	'zcv',	0,	NULL,	NULL),
(77,	192,	'product_images/64c0fbfd9eaa6.png',	'Sint reprehenderit i',	0,	NULL,	NULL),
(78,	192,	'product_images/64c0fbfd9fece.png',	'Minima magni esse q',	0,	NULL,	NULL),
(79,	192,	'product_images/64c0fbfda103d.png',	'Eum inventore quia n',	0,	NULL,	NULL),
(80,	193,	'product_images/64c119ce7960d.png',	'Proident nemo ut mo',	0,	NULL,	NULL),
(81,	193,	'product_images/64c119ce7a9bc.png',	'Ipsum rerum quos ape',	0,	NULL,	NULL),
(82,	193,	'product_images/64c119ce7b9e6.png',	'Itaque nihil sit ad',	0,	NULL,	NULL),
(83,	194,	'product_images/64c34c56b37cc.png',	'Most use',	0,	NULL,	NULL),
(84,	194,	'product_images/64c34c56b50bd.png',	'step count',	0,	NULL,	NULL),
(85,	203,	'product_images/64c36a3915af7.png',	'Perferendis ullamco',	0,	NULL,	NULL),
(86,	203,	'product_images/64c36a41b1805.png',	'Ad nostrum obcaecati',	0,	NULL,	NULL),
(87,	207,	'product_images/64c39b7f4d78c.png',	'Quae sapiente corpor',	0,	NULL,	NULL),
(88,	207,	'product_images/64c39b7f4ed02.png',	'Nisi ad nostrum cumq',	0,	NULL,	NULL),
(89,	207,	'product_images/64c39b7f4fcca.png',	'Earum deserunt error',	0,	NULL,	NULL),
(90,	208,	'product_images/64c39cee21eb2.png',	'Quia unde aspernatur123456789',	0,	NULL,	NULL),
(91,	208,	'product_images/64c39cee230f1.png',	'Debitis ad voluptati34567890',	0,	NULL,	NULL),
(92,	208,	'product_images/64c39cee2415c.png',	'Unde cupiditate haru2345678',	0,	NULL,	NULL),
(93,	210,	'product_images/64c3a74806f7d.png',	'test',	0,	NULL,	NULL),
(94,	210,	'product_images/64c3a74808919.png',	'test 1',	0,	NULL,	NULL),
(95,	211,	'product_images/64c3b217e49ba.jpeg',	'ss',	0,	NULL,	NULL),
(96,	217,	'product_images/64c79b3ddd0f3.png',	'Perferendis explicab',	0,	NULL,	NULL),
(97,	217,	'product_images/64c79b3dde690.png',	'Aliqua Perferendis',	1,	NULL,	'2023-07-31 06:07:17'),
(98,	217,	'product_images/64c79fc599421.png',	'vnita',	1,	NULL,	'2023-07-31 06:19:45'),
(99,	217,	'product_images/64c7a60ca7d76.png',	'asa',	0,	NULL,	NULL),
(100,	225,	'product_images/64d2455b39885.png',	'Qui dolor mollit vol',	0,	NULL,	NULL),
(101,	225,	'product_images/64d2455b3ad2e.png',	'Sequi hic voluptatem',	0,	NULL,	NULL),
(102,	227,	'product_images/64d3734c28fdd.png',	'Impedit incididunt',	0,	NULL,	NULL),
(103,	227,	'product_images/64d3734c2a730.png',	'Ab dolorum consectet',	0,	NULL,	NULL),
(104,	227,	'product_images/64d3734c2bbf1.png',	'Minus optio aliquam',	0,	NULL,	NULL),
(105,	222,	'product_images/64d47abb1f5c9.png',	'Labore facere volupt',	0,	NULL,	NULL),
(106,	222,	'product_images/64d47abb20a66.png',	'Ea ab voluptates qui',	0,	NULL,	NULL),
(107,	222,	'product_images/64d47abb219f9.png',	'Illum libero est ve',	1,	NULL,	'2023-08-10 00:20:55'),
(108,	234,	'product_images/64d5c2e3de84b.png',	'Cumque sed itaque ir',	0,	NULL,	NULL),
(109,	234,	'product_images/64d5c2e3e1150.png',	'Fugiat fuga In minu',	0,	NULL,	NULL),
(110,	244,	'product_images/64da23e53873f.png',	'Hedda Banks',	0,	NULL,	NULL),
(111,	245,	'product_images/64da25bb24658.png',	'sd',	0,	NULL,	NULL),
(112,	245,	'product_images/64da25bb2613b.png',	'e',	0,	NULL,	NULL),
(113,	246,	'product_images/64da27ac3bf30.png',	'Jenna Guy',	0,	NULL,	NULL),
(114,	249,	'product_images/64dc93f97a13f.png',	's',	0,	NULL,	NULL),
(115,	251,	'product_images/64ddb6ffd1804.png',	'Noble Nguyen',	0,	NULL,	NULL),
(116,	251,	'product_images/64ddb6ffd2b2a.png',	'Hilda Chaney',	1,	NULL,	'2023-08-17 00:28:29');

DROP TABLE IF EXISTS `medical_my_product_specifications`;
CREATE TABLE `medical_my_product_specifications` (
  `id` bigint unsigned NOT NULL AUTO_INCREMENT,
  `my_product_id` bigint unsigned NOT NULL,
  `title` varchar(255) CHARACTER SET utf8mb4 COLLATE utf8mb4_unicode_ci NOT NULL,
  `image_url` varchar(255) CHARACTER SET utf8mb4 COLLATE utf8mb4_unicode_ci NOT NULL,
  `image_position` enum('right','left') CHARACTER SET utf8mb4 COLLATE utf8mb4_unicode_ci NOT NULL,
  `order_by` varchar(255) CHARACTER SET utf8mb4 COLLATE utf8mb4_unicode_ci DEFAULT NULL,
  `is_deleted` tinyint(1) NOT NULL DEFAULT '0',
  `created_at` timestamp NULL DEFAULT NULL,
  `updated_at` timestamp NULL DEFAULT NULL,
  PRIMARY KEY (`id`),
  KEY `medical_my_product_specifications_my_product_id_foreign` (`my_product_id`),
  CONSTRAINT `medical_my_product_specifications_my_product_id_foreign` FOREIGN KEY (`my_product_id`) REFERENCES `medical_my_products` (`id`) ON DELETE CASCADE
) ENGINE=InnoDB DEFAULT CHARSET=utf8mb4 COLLATE=utf8mb4_unicode_ci;

INSERT INTO `medical_my_product_specifications` (`id`, `my_product_id`, `title`, `image_url`, `image_position`, `order_by`, `is_deleted`, `created_at`, `updated_at`) VALUES
(2,	103,	'Qui ab ipsam ut temp',	'product_images/64b0e6900b292.png',	'left',	NULL,	0,	NULL,	NULL),
(4,	107,	'pratik',	'product_images/64b0e6faba795.png',	'right',	NULL,	0,	NULL,	NULL),
(5,	107,	'ravi',	'product_images/64b0e6fabae82.png',	'left',	NULL,	0,	NULL,	NULL),
(7,	103,	'Aliquam qui reiciend',	'product_images/64b0e93f8f664.png',	'right',	NULL,	0,	NULL,	NULL),
(8,	103,	'Aliquam qui reiciend',	'product_images/64b0e93f8f664.png',	'right',	NULL,	0,	NULL,	NULL),
(9,	103,	'Aliquam qui reiciend',	'product_images/64b0e93f8f664.png',	'right',	NULL,	0,	NULL,	NULL),
(10,	103,	'Dolores excepteur bl',	'product_images/64b0e93f9028d.png',	'left',	NULL,	0,	NULL,	NULL),
(11,	103,	'Dolores excepteur bl',	'product_images/64b0e93f9028d.png',	'left',	NULL,	0,	NULL,	NULL),
(12,	103,	'Quia numquam delectu',	'product_images/64b0e93f90820.png',	'right',	NULL,	0,	NULL,	NULL),
(13,	103,	'Quia numquam delectu',	'product_images/64b0e93f90820.png',	'right',	NULL,	0,	NULL,	NULL),
(14,	109,	'Dicta soluta odio il',	'product_images/64b10ec78d0d3.png',	'right',	NULL,	0,	NULL,	NULL),
(15,	110,	'Molestiae et non qui',	'product_images/64b112502c9e7.png',	'left',	NULL,	0,	NULL,	NULL),
(16,	110,	'Sit laboris debitis',	'product_images/64b112502cdda.png',	'left',	NULL,	0,	NULL,	NULL),
(17,	110,	'Sit laboris debitis',	'product_images/64b112502cdda.png',	'left',	NULL,	0,	NULL,	NULL),
(18,	110,	'Est Nam magnam volup',	'product_images/64b114cab38d2.png',	'right',	NULL,	0,	NULL,	NULL),
(19,	110,	'Officiis hic velit l',	'product_images/64b114cab3e9e.png',	'left',	NULL,	0,	NULL,	NULL),
(20,	110,	'Aut quae esse eaque',	'product_images/64b1152d4474d.png',	'left',	NULL,	0,	NULL,	NULL),
(21,	110,	'Aut quae esse eaque',	'product_images/64b1152d4474d.png',	'left',	NULL,	0,	NULL,	NULL),
(22,	111,	'Impedit dolor dolor',	'product_images/64b115805344a.png',	'left',	NULL,	0,	NULL,	NULL),
(23,	111,	'Impedit dolor dolor',	'product_images/64b115805344a.png',	'left',	NULL,	0,	NULL,	NULL),
(24,	112,	'Et corrupti sunt fu',	'product_images/64b11a23ef811.png',	'left',	NULL,	0,	NULL,	NULL),
(25,	112,	'Et corrupti sunt fu',	'product_images/64b11a23ef811.png',	'left',	NULL,	0,	NULL,	NULL),
(26,	112,	'Ex aut reiciendis ad',	'product_images/64b11a23f0143.png',	'right',	NULL,	0,	NULL,	NULL),
(27,	112,	'Ex aut reiciendis ad',	'product_images/64b11a23f0143.png',	'right',	NULL,	0,	NULL,	NULL),
(28,	112,	'Ex aut reiciendis ad',	'product_images/64b11a23f0143.png',	'right',	NULL,	0,	NULL,	NULL),
(29,	113,	'Ut architecto ex fac',	'product_images/64b11f7469f04.png',	'left',	NULL,	0,	NULL,	NULL),
(30,	113,	'Ut architecto ex fac',	'product_images/64b11f7469f04.png',	'left',	NULL,	0,	NULL,	NULL),
(31,	113,	'fff',	'product_images/64b11f746a908.png',	'right',	NULL,	0,	NULL,	NULL),
(32,	113,	'fff',	'product_images/64b11f746a908.png',	'right',	NULL,	0,	NULL,	NULL),
(33,	113,	'Ut architecto ex fac',	'product_images/64b11f75de558.png',	'left',	NULL,	0,	NULL,	NULL),
(34,	113,	'Ut architecto ex fac',	'product_images/64b11f75de558.png',	'left',	NULL,	0,	NULL,	NULL),
(35,	113,	'fff',	'product_images/64b11f75deb28.png',	'right',	NULL,	0,	NULL,	NULL),
(36,	113,	'fff',	'product_images/64b11f75deb28.png',	'right',	NULL,	0,	NULL,	NULL),
(37,	113,	'Ut architecto ex fac',	'product_images/64b11f76867cb.png',	'left',	NULL,	0,	NULL,	NULL),
(38,	113,	'Ut architecto ex fac',	'product_images/64b11f76867cb.png',	'left',	NULL,	0,	NULL,	NULL),
(39,	113,	'fff',	'product_images/64b11f7686d33.png',	'right',	NULL,	0,	NULL,	NULL),
(40,	113,	'fff',	'product_images/64b11f7686d33.png',	'right',	NULL,	0,	NULL,	NULL),
(41,	113,	'Ut architecto ex fac',	'product_images/64b11f77139ad.png',	'left',	NULL,	0,	NULL,	NULL),
(42,	113,	'Ut architecto ex fac',	'product_images/64b11f77139ad.png',	'left',	NULL,	0,	NULL,	NULL),
(43,	113,	'fff',	'product_images/64b11f7713f50.png',	'right',	NULL,	0,	NULL,	NULL),
(44,	113,	'fff',	'product_images/64b11f7713f50.png',	'right',	NULL,	0,	NULL,	NULL),
(45,	113,	'Ut architecto ex fac',	'product_images/64b11f779efcb.png',	'left',	NULL,	0,	NULL,	NULL),
(46,	113,	'Ut architecto ex fac',	'product_images/64b11f779efcb.png',	'left',	NULL,	0,	NULL,	NULL),
(47,	113,	'fff',	'product_images/64b11f779f564.png',	'right',	NULL,	0,	NULL,	NULL),
(48,	113,	'fff',	'product_images/64b11f779f564.png',	'right',	NULL,	0,	NULL,	NULL),
(49,	113,	'Ut architecto ex fac',	'product_images/64b11f7833938.png',	'left',	NULL,	0,	NULL,	NULL),
(50,	113,	'Ut architecto ex fac',	'product_images/64b11f7833938.png',	'left',	NULL,	0,	NULL,	NULL),
(51,	113,	'fff',	'product_images/64b11f7833f8f.png',	'right',	NULL,	0,	NULL,	NULL),
(52,	113,	'fff',	'product_images/64b11f7833f8f.png',	'right',	NULL,	0,	NULL,	NULL),
(53,	113,	'Ut architecto ex fac',	'product_images/64b11f78ad6c4.png',	'left',	NULL,	0,	NULL,	NULL),
(54,	113,	'Ut architecto ex fac',	'product_images/64b11f78ad6c4.png',	'left',	NULL,	0,	NULL,	NULL),
(55,	113,	'fff',	'product_images/64b11f78adc1e.png',	'right',	NULL,	0,	NULL,	NULL),
(56,	113,	'fff',	'product_images/64b11f78adc1e.png',	'right',	NULL,	0,	NULL,	NULL),
(57,	113,	'Ut architecto ex fac',	'product_images/64b11f7d4c954.png',	'left',	NULL,	0,	NULL,	NULL),
(58,	113,	'Ut architecto ex fac',	'product_images/64b11f7d4c954.png',	'left',	NULL,	0,	NULL,	NULL),
(59,	113,	'fff',	'product_images/64b11f7d4d355.png',	'right',	NULL,	0,	NULL,	NULL),
(60,	113,	'fff',	'product_images/64b11f7d4d355.png',	'right',	NULL,	0,	NULL,	NULL),
(61,	113,	'Ut architecto ex fac',	'product_images/64b11f7d7c35d.png',	'left',	NULL,	0,	NULL,	NULL),
(62,	113,	'Ut architecto ex fac',	'product_images/64b11f7d7c35d.png',	'left',	NULL,	0,	NULL,	NULL),
(63,	113,	'fff',	'product_images/64b11f7d7c925.png',	'right',	NULL,	0,	NULL,	NULL),
(64,	113,	'fff',	'product_images/64b11f7d7c925.png',	'right',	NULL,	0,	NULL,	NULL),
(65,	113,	'Ut architecto ex fac',	'product_images/64b11f7da8ca5.png',	'left',	NULL,	0,	NULL,	NULL),
(66,	113,	'Ut architecto ex fac',	'product_images/64b11f7da8ca5.png',	'left',	NULL,	0,	NULL,	NULL),
(67,	113,	'fff',	'product_images/64b11f7da9468.png',	'right',	NULL,	0,	NULL,	NULL),
(68,	113,	'fff',	'product_images/64b11f7da9468.png',	'right',	NULL,	0,	NULL,	NULL),
(69,	114,	'dd',	'product_images/64b1206c72d16.png',	'left',	NULL,	0,	NULL,	NULL),
(70,	114,	'dd',	'product_images/64b1206c72d16.png',	'left',	NULL,	0,	NULL,	NULL),
(71,	114,	'Non pariatur Modi q',	'product_images/64b1206c73288.png',	'left',	NULL,	0,	NULL,	NULL),
(72,	114,	'dd',	'product_images/64b12070cb399.png',	'left',	NULL,	0,	NULL,	NULL),
(73,	114,	'dd',	'product_images/64b12070cb399.png',	'left',	NULL,	0,	NULL,	NULL),
(92,	103,	'pratik',	'product_images/64b24302ea717.jpg',	'right',	NULL,	0,	NULL,	NULL),
(93,	103,	'pratik',	'product_images/64b243b310a2b.jpg',	'right',	NULL,	0,	NULL,	NULL),
(94,	103,	'pratik',	'product_images/64b244190d2f8.jpg',	'right',	NULL,	0,	NULL,	NULL),
(95,	103,	'pratik',	'product_images/64b244305bb3f.jpg',	'right',	NULL,	0,	NULL,	NULL),
(96,	103,	'pratik',	'product_images/64b244761a0b1.jpg',	'right',	NULL,	0,	NULL,	NULL),
(98,	103,	'asish',	'product_images/64b244ed640ca.jpg',	'right',	NULL,	0,	NULL,	NULL),
(100,	105,	'asish',	'product_images/64b2453f687d4.jpg',	'right',	NULL,	0,	NULL,	NULL),
(101,	149,	'Ut distinctio Autem',	'product_images/64b5412c8ca1c.png',	'left',	NULL,	0,	'2023-07-17 07:55:00',	'2023-07-17 07:55:00'),
(102,	152,	'Enim est et dolores',	'product_images/64b541e12c056.png',	'left',	NULL,	0,	'2023-07-17 07:58:01',	'2023-07-17 07:58:01'),
(103,	152,	'dd',	'product_images/64b541e12cc81.png',	'right',	NULL,	0,	'2023-07-17 07:58:01',	'2023-07-17 07:58:01'),
(104,	153,	'hhh',	'product_images/64b54239d5504.png',	'left',	NULL,	0,	'2023-07-17 07:59:29',	'2023-07-17 07:59:29'),
(105,	153,	'dd',	'product_images/64b5483bbc746.png',	'right',	NULL,	0,	'2023-07-17 08:25:07',	'2023-07-17 08:25:07'),
(106,	154,	'pratik',	'product_images/64b57527ad6e9.png',	'left',	NULL,	0,	'2023-07-17 11:36:47',	'2023-07-17 11:36:47'),
(107,	154,	'pankaj',	'product_images/64b57527ae5bd.png',	'right',	NULL,	0,	'2023-07-17 11:36:47',	'2023-07-17 11:36:47'),
(108,	155,	'In magna ab cupidita',	'product_images/64b61a2a77472.png',	'left',	NULL,	0,	'2023-07-17 23:20:50',	'2023-07-17 23:20:50'),
(109,	156,	'Id laborum Nulla ve',	'product_images/64b61c55a0312.png',	'left',	NULL,	0,	'2023-07-17 23:30:05',	'2023-07-17 23:30:05'),
(110,	156,	'sss',	'product_images/64b61c78b8219.png',	'right',	NULL,	0,	'2023-07-17 23:30:40',	'2023-07-17 23:30:40'),
(111,	157,	'pratik',	'product_images/64b61d295b36e.png',	'left',	NULL,	0,	'2023-07-17 23:33:37',	'2023-07-17 23:33:37'),
(112,	157,	'vikas',	'product_images/64b61e13e2ae1.png',	'right',	NULL,	0,	'2023-07-17 23:37:31',	'2023-07-17 23:37:31'),
(113,	158,	'Quia velit illo est',	'product_images/64b6219f7f8b3.png',	'left',	NULL,	0,	'2023-07-17 23:52:39',	'2023-07-17 23:52:39'),
(114,	158,	'Nobis do qui pariatu',	'product_images/64b6219f8000e.png',	'left',	NULL,	0,	'2023-07-17 23:52:39',	'2023-07-17 23:52:39'),
(115,	159,	'Voluptates fugiat de',	'product_images/64b6221d6bc13.png',	'left',	NULL,	0,	'2023-07-17 23:54:45',	'2023-07-17 23:54:45'),
(116,	159,	'dd',	'product_images/64b6221d6c636.png',	'right',	NULL,	0,	'2023-07-17 23:54:45',	'2023-07-17 23:54:45'),
(117,	159,	'Commodi voluptatem q',	'product_images/64b62239ca2ff.png',	'left',	NULL,	0,	'2023-07-17 23:55:13',	'2023-07-17 23:55:13'),
(118,	159,	'vvvv',	'product_images/64b623c44bed9.png',	'left',	NULL,	0,	'2023-07-18 00:01:48',	'2023-07-18 00:01:48'),
(119,	160,	'pratik kumar',	'product_images/64b6590710561.png',	'left',	NULL,	0,	'2023-07-18 03:49:03',	'2023-07-18 03:49:03'),
(120,	160,	'ravi 2',	'product_images/64b6590710e41.png',	'right',	NULL,	0,	'2023-07-18 03:49:03',	'2023-07-18 03:49:03'),
(121,	160,	'ravi 3',	'product_images/64b65928528e5.png',	'left',	NULL,	0,	'2023-07-18 03:49:36',	'2023-07-18 03:49:36'),
(122,	160,	'vvvv',	'product_images/64b6594bb9ff2.png',	'left',	NULL,	0,	'2023-07-18 03:50:11',	'2023-07-18 03:50:11'),
(123,	161,	'Aut omnis quo illum',	'product_images/64b65bd7525a2.png',	'left',	NULL,	0,	'2023-07-18 04:01:03',	'2023-07-18 04:01:03'),
(124,	161,	'dfgh',	'product_images/64b65bfea998e.png',	'right',	NULL,	0,	'2023-07-18 04:01:42',	'2023-07-18 04:01:42'),
(125,	161,	'dfv',	'product_images/64b65c297e491.png',	'left',	NULL,	0,	'2023-07-18 04:02:25',	'2023-07-18 04:02:25'),
(126,	162,	'Aut optio alias des',	'product_images/64b65cf0768e4.png',	'left',	NULL,	0,	'2023-07-18 04:05:44',	'2023-07-18 04:05:44'),
(127,	162,	'cvbn',	'product_images/64b65d3db40ef.png',	'right',	NULL,	0,	'2023-07-18 04:07:01',	'2023-07-18 04:07:01'),
(128,	162,	'bbb',	'product_images/64b65d89d16cd.png',	'left',	NULL,	0,	'2023-07-18 04:08:17',	'2023-07-18 04:08:17'),
(129,	163,	'Deleniti et aliquam',	'product_images/64b65f270adbf.png',	'left',	NULL,	0,	'2023-07-18 04:15:11',	'2023-07-18 04:15:11'),
(130,	163,	'dd',	'product_images/64b65f6484741.png',	'left',	NULL,	0,	'2023-07-18 04:16:12',	'2023-07-18 04:16:12'),
(131,	163,	'Commodi voluptatem q',	'product_images/64b65f6484de0.png',	'left',	NULL,	0,	'2023-07-18 04:16:12',	'2023-07-18 04:16:12'),
(132,	163,	'cvbn',	'product_images/64b65f96d93e5.png',	'left',	NULL,	0,	'2023-07-18 04:17:02',	'2023-07-18 04:17:02'),
(134,	166,	'Sed totam omnis omni',	'product_images/64b6e76e43179.png',	'left',	NULL,	0,	'2023-07-18 13:56:38',	'2023-07-18 13:56:38'),
(135,	167,	'Qui sequi proident',	'product_images/64b6e804c2414.png',	'left',	NULL,	0,	'2023-07-18 13:59:08',	'2023-07-18 13:59:08'),
(136,	167,	'eee',	'product_images/64b6e804c2d9e.png',	'right',	NULL,	0,	'2023-07-18 13:59:08',	'2023-07-18 13:59:08'),
(137,	168,	'ddd',	'product_images/64b6e99511c71.png',	'left',	NULL,	0,	'2023-07-18 14:05:49',	'2023-07-18 14:05:49'),
(138,	168,	'ccc',	'product_images/64b6e99512d03.png',	'right',	NULL,	0,	'2023-07-18 14:05:49',	'2023-07-18 14:05:49'),
(139,	172,	'Necessitatibus Nam t',	'product_images/64b8c37de8b7d.png',	'left',	NULL,	0,	'2023-07-19 23:47:49',	'2023-07-19 23:47:49'),
(140,	172,	'd',	'product_images/64b8c37de9626.png',	'right',	NULL,	0,	'2023-07-19 23:47:49',	'2023-07-19 23:47:49'),
(141,	182,	'Sint aut aliquip dic',	'product_images/64ba1ccff0ff0.png',	'left',	NULL,	0,	'2023-07-21 00:21:11',	'2023-07-21 00:21:11'),
(142,	182,	'wedf',	'product_images/64ba1ccff15c4.png',	'right',	NULL,	0,	'2023-07-21 00:21:11',	'2023-07-21 00:21:11'),
(143,	183,	'Vero facilis et occa',	'product_images/64ba591d832d5.png',	'left',	NULL,	0,	'2023-07-21 04:38:29',	'2023-07-21 04:38:29'),
(144,	183,	'Pariatur Commodo ex',	'product_images/64ba591d8386f.png',	'right',	NULL,	0,	'2023-07-21 04:38:29',	'2023-07-21 04:38:29'),
(145,	183,	'Cum laboris adipisic',	'product_images/64ba591d83c1e.png',	'right',	NULL,	0,	'2023-07-21 04:38:29',	'2023-07-21 04:38:29'),
(146,	184,	'Tempora id ut commo',	'product_images/64ba59901290b.png',	'left',	NULL,	0,	'2023-07-21 04:40:24',	'2023-07-21 04:40:24'),
(147,	184,	'Tempor tempora duis',	'product_images/64ba599012f39.png',	'right',	NULL,	0,	'2023-07-21 04:40:24',	'2023-07-21 04:40:24'),
(148,	185,	'Minim beatae sint iu',	'product_images/64ba5fbf8997f.png',	'left',	NULL,	0,	'2023-07-21 05:06:47',	'2023-07-21 05:06:47'),
(149,	185,	'sss',	'product_images/64ba5fd592b90.png',	'right',	NULL,	0,	'2023-07-21 05:07:09',	'2023-07-21 05:07:09'),
(150,	186,	'sss',	'product_images/64ba6018d80fe.png',	'left',	NULL,	0,	'2023-07-21 05:08:16',	'2023-07-21 05:08:16'),
(151,	186,	'ddd',	'product_images/64ba6018d8b1f.png',	'right',	NULL,	0,	'2023-07-21 05:08:16',	'2023-07-21 05:08:16'),
(153,	188,	'Consequatur archite',	'product_images/64ba80c200906.png',	'left',	NULL,	0,	'2023-07-21 07:27:38',	'2023-07-21 07:27:38'),
(154,	188,	'ssss',	'product_images/64be181e99508.png',	'right',	NULL,	0,	'2023-07-24 00:50:14',	'2023-07-24 00:50:14'),
(155,	189,	'Eius est temporibus',	'product_images/64be69bae10c0.png',	'right',	NULL,	0,	'2023-07-24 06:38:26',	'2023-07-24 06:38:26'),
(156,	189,	'Distinctio Quasi de',	'product_images/64be69bae1a22.png',	'left',	NULL,	0,	'2023-07-24 06:38:26',	'2023-07-24 06:38:26'),
(157,	190,	'dd',	'product_images/64be7054bfc6e.png',	'left',	NULL,	0,	'2023-07-24 07:06:36',	'2023-07-24 07:06:36'),
(158,	192,	'Quis iste molestiae',	'product_images/64c0fc3514d86.png',	'left',	NULL,	0,	'2023-07-26 05:27:57',	'2023-07-26 05:27:57'),
(159,	192,	'Nobis do qui pariatu',	'product_images/64c0fc351597e.png',	'right',	NULL,	0,	'2023-07-26 05:27:57',	'2023-07-26 05:27:57'),
(160,	193,	'Doloribus aut quos n',	'product_images/64c11a1b3772b.png',	'left',	NULL,	0,	'2023-07-26 07:35:31',	'2023-07-26 07:35:31'),
(161,	193,	'Dolores exercitation',	'product_images/64c11a1b3803d.png',	'right',	NULL,	0,	'2023-07-26 07:35:31',	'2023-07-26 07:35:31'),
(162,	193,	'www',	'product_images/64c22f67c9655.png',	'left',	NULL,	0,	'2023-07-27 03:18:39',	'2023-07-27 03:18:39'),
(163,	194,	'Et corrupti sunt fu',	'product_images/64c35083b37aa.png',	'left',	NULL,	0,	'2023-07-27 23:52:11',	'2023-07-27 23:52:11'),
(164,	194,	'Nobis do qui pariatu',	'product_images/64c35083b43a5.png',	'right',	NULL,	0,	'2023-07-27 23:52:11',	'2023-07-27 23:52:11'),
(165,	194,	'Commodi voluptatem q',	'product_images/64c353a9a4289.png',	'left',	NULL,	0,	'2023-07-28 00:05:37',	'2023-07-28 00:05:37'),
(166,	195,	'Sed ut vitae ratione',	'product_images/64c35692c4598.png',	'left',	NULL,	0,	'2023-07-28 00:18:02',	'2023-07-28 00:18:02'),
(167,	195,	'Nobis do qui pariatu',	'product_images/64c35692c4eac.png',	'right',	NULL,	0,	'2023-07-28 00:18:02',	'2023-07-28 00:18:02'),
(168,	196,	'Alias velit voluptas',	'product_images/64c35714d7b5f.png',	'left',	NULL,	0,	'2023-07-28 00:20:12',	'2023-07-28 00:20:12'),
(169,	196,	'dd',	'product_images/64c35714d8a83.png',	'right',	NULL,	0,	'2023-07-28 00:20:12',	'2023-07-28 00:20:12'),
(170,	197,	'Dolorem dolor aliqua',	'product_images/64c357818139e.png',	'right',	NULL,	0,	'2023-07-28 00:22:01',	'2023-07-28 00:22:01'),
(171,	197,	'Nobis do qui pariatu',	'product_images/64c3578182023.png',	'left',	NULL,	0,	'2023-07-28 00:22:01',	'2023-07-28 00:22:01'),
(172,	198,	'raj',	'product_images/64c35a620478f.png',	'left',	NULL,	0,	'2023-07-28 00:34:18',	'2023-07-28 00:34:18'),
(173,	198,	'rajesh',	'product_images/64c35a620508b.png',	'right',	NULL,	0,	'2023-07-28 00:34:18',	'2023-07-28 00:34:18'),
(174,	199,	'Nesciunt rerum enim',	'product_images/64c35b31ef5db.png',	'left',	NULL,	0,	'2023-07-28 00:37:45',	'2023-07-28 00:37:45'),
(175,	199,	'Consectetur veniam',	'product_images/64c35b31f0006.png',	'right',	NULL,	0,	'2023-07-28 00:37:45',	'2023-07-28 00:37:45'),
(176,	200,	'Officiis non at recu',	'product_images/64c35d4184dc3.png',	'left',	NULL,	0,	'2023-07-28 00:46:33',	'2023-07-28 00:46:33'),
(177,	200,	'Nobis aut voluptatem',	'product_images/64c35d4185890.png',	'right',	NULL,	0,	'2023-07-28 00:46:33',	'2023-07-28 00:46:33'),
(179,	201,	'In laboris occaecat',	'product_images/64c35f4b1082f.png',	'left',	NULL,	0,	'2023-07-28 00:55:15',	'2023-07-28 00:55:15'),
(180,	201,	'Illo vel quo deserun',	'product_images/64c35f4b1135c.png',	'right',	NULL,	0,	'2023-07-28 00:55:15',	'2023-07-28 00:55:15'),
(181,	202,	'Sed delectus sed qu',	'product_images/64c3609ebee1e.png',	'left',	NULL,	0,	'2023-07-28 01:00:54',	'2023-07-28 01:00:54'),
(182,	202,	'Vel exercitation dol',	'product_images/64c3609ebf396.png',	'right',	NULL,	0,	'2023-07-28 01:00:54',	'2023-07-28 01:00:54'),
(183,	203,	'Sunt quo quia repreh',	'product_images/64c362be33b11.png',	'left',	NULL,	0,	'2023-07-28 01:09:58',	'2023-07-28 01:09:58'),
(184,	203,	'Eum quidem quos repe',	'product_images/64c362be341d3.png',	'right',	NULL,	0,	'2023-07-28 01:09:58',	'2023-07-28 01:09:58'),
(185,	204,	'Reprehenderit natus',	'product_images/64c37dc40c208.png',	'left',	NULL,	0,	'2023-07-28 03:05:16',	'2023-07-28 03:05:16'),
(186,	204,	'Vel illum velit sae',	'product_images/64c37dc40caaa.png',	'right',	NULL,	0,	'2023-07-28 03:05:16',	'2023-07-28 03:05:16'),
(187,	205,	'Consequat Atque qua',	'product_images/64c3820da38f6.png',	'left',	NULL,	0,	'2023-07-28 03:23:33',	'2023-07-28 03:23:33'),
(188,	205,	'Rerum labore cupidat',	'product_images/64c3820da42d9.png',	'right',	NULL,	0,	'2023-07-28 03:23:33',	'2023-07-28 03:23:33'),
(189,	206,	'pratik',	'product_images/64c38432d42b2.png',	'left',	NULL,	0,	'2023-07-28 03:32:42',	'2023-07-28 03:32:42'),
(190,	206,	'ravi',	'product_images/64c38432d4905.png',	'right',	NULL,	0,	'2023-07-28 03:32:42',	'2023-07-28 03:32:42'),
(191,	208,	'Quia harum eveniet',	'product_images/64c39d4e4eca1.png',	'left',	NULL,	0,	'2023-07-28 05:19:50',	'2023-07-28 05:19:50'),
(192,	208,	'Duis irure commodo m',	'product_images/64c39d4e4f258.png',	'right',	NULL,	0,	'2023-07-28 05:19:50',	'2023-07-28 05:19:50'),
(193,	210,	'test1',	'product_images/64c3a81539640.png',	'left',	NULL,	0,	'2023-07-28 06:05:49',	'2023-07-28 06:05:49'),
(194,	210,	'tese2',	'product_images/64c3a81539d1e.png',	'right',	NULL,	0,	'2023-07-28 06:05:49',	'2023-07-28 06:05:49'),
(195,	211,	'as',	'product_images/64c3b2631ee30.jpeg',	'left',	NULL,	0,	'2023-07-28 06:49:47',	'2023-07-28 06:49:47'),
(196,	211,	'scw',	'product_images/64c3b2631fcb3.jpeg',	'right',	NULL,	0,	'2023-07-28 06:49:47',	'2023-07-28 06:49:47'),
(197,	217,	'ravi',	'product_images/64c7a3da058ab.png',	'left',	NULL,	0,	'2023-07-31 06:36:50',	'2023-07-31 06:36:50'),
(198,	217,	'pratik',	'product_images/64c7a3da05ea3.png',	'right',	NULL,	0,	'2023-07-31 06:36:50',	'2023-07-31 06:36:50'),
(202,	219,	'pratik',	'product_images/64c8992591384.png',	'left',	NULL,	0,	'2023-08-01 00:03:25',	'2023-08-01 00:03:25'),
(203,	219,	'ravi',	'product_images/64c8992591aba.png',	'right',	NULL,	0,	'2023-08-01 00:03:25',	'2023-08-01 00:03:25'),
(204,	220,	'Autem itaque aut rei',	'product_images/64c89a53e94a4.png',	'left',	NULL,	0,	'2023-08-01 00:08:27',	'2023-08-01 00:08:27'),
(205,	220,	'Expedita consequuntu',	'product_images/64c89a53e9b2f.png',	'right',	NULL,	0,	'2023-08-01 00:08:27',	'2023-08-01 00:08:27'),
(206,	221,	'pratik',	'product_images/64c8a9488128e.png',	'left',	NULL,	0,	'2023-08-01 01:12:16',	'2023-08-01 01:12:16'),
(207,	221,	'deepak',	'product_images/64c8a9488172e.png',	'right',	NULL,	0,	'2023-08-01 01:12:16',	'2023-08-01 01:12:16'),
(208,	222,	'Aut vel tenetur volu',	'product_images/64c8aabbd5d9d.png',	'left',	NULL,	0,	'2023-08-01 01:18:27',	'2023-08-01 01:18:27'),
(209,	222,	'Dolor facere tempora',	'product_images/64c8aabbd5d9d.png',	'right',	NULL,	0,	'2023-08-01 01:18:27',	'2023-08-01 01:18:27'),
(210,	223,	'Ut laborum Quos nih',	'product_images/64c8aaff07a37.png',	'left',	NULL,	0,	'2023-08-01 01:19:35',	'2023-08-01 01:19:35'),
(211,	223,	'Qui veniam vitae ip',	'product_images/64c8aaff07fbb.png',	'right',	NULL,	0,	'2023-08-01 01:19:35',	'2023-08-01 01:19:35'),
(212,	227,	'Et rerum quia accusa',	'product_images/64d3738168fa8.png',	'left',	NULL,	0,	'2023-08-09 05:37:45',	'2023-08-09 05:37:45'),
(213,	227,	'Magnam veritatis hic',	'product_images/64d373816966e.png',	'right',	NULL,	0,	'2023-08-09 05:37:45',	'2023-08-09 05:37:45'),
(215,	228,	'pa',	'product_images/64d3741c7ad6b.png',	'left',	NULL,	0,	'2023-08-09 05:40:20',	'2023-08-09 05:40:20'),
(216,	228,	'Iure reprehenderit n',	'product_images/64d3741c7ad6b.png',	'right',	NULL,	0,	'2023-08-09 05:40:20',	'2023-08-09 05:40:20'),
(217,	229,	'Iusto sint laboriosa',	'product_images/64d48790c8eeb.png',	'left',	NULL,	0,	'2023-08-10 01:15:36',	'2023-08-10 01:15:36'),
(218,	229,	'Et aspernatur est qu',	'product_images/64d48790c950d.png',	'right',	NULL,	0,	'2023-08-10 01:15:36',	'2023-08-10 01:15:36'),
(219,	230,	'Commodo adipisicing',	'product_images/64d4a755e7640.png',	'left',	NULL,	0,	'2023-08-10 03:31:09',	'2023-08-10 03:31:09'),
(220,	230,	'sd',	'product_images/64d4a755e81d4.png',	'right',	NULL,	0,	'2023-08-10 03:31:09',	'2023-08-10 03:31:09'),
(221,	231,	'Similique voluptatem',	'product_images/64d4ad3581abe.png',	'left',	NULL,	0,	'2023-08-10 03:56:13',	'2023-08-10 03:56:13'),
(222,	231,	'Repellendus Molliti',	'product_images/64d4ad3582323.png',	'right',	NULL,	0,	'2023-08-10 03:56:13',	'2023-08-10 03:56:13'),
(223,	232,	'Dolorem ipsa blandi',	'product_images/64d4b5107c64d.png',	'left',	NULL,	0,	'2023-08-10 04:29:44',	'2023-08-10 04:29:44'),
(224,	233,	'Blanditiis magnam po',	'product_images/64d4b5579cbda.png',	'left',	NULL,	0,	'2023-08-10 04:30:55',	'2023-08-10 04:30:55'),
(225,	233,	'sc',	'product_images/64d4c9f6662b8.png',	'right',	NULL,	0,	'2023-08-10 05:58:54',	'2023-08-10 05:58:54'),
(226,	234,	'Dolorem minima dolor',	'product_images/64d4cd2e56476.png',	'left',	NULL,	0,	'2023-08-10 06:12:38',	'2023-08-10 06:12:38'),
(227,	234,	'dfgn',	'product_images/64d4cd2e56a0d.png',	'right',	NULL,	0,	'2023-08-10 06:12:38',	'2023-08-10 06:12:38'),
(228,	237,	'Vel et voluptatem e',	'product_images/64d61c2529270.png',	'left',	NULL,	0,	'2023-08-11 06:01:49',	'2023-08-11 06:01:49'),
(230,	240,	'Dolor saepe autem ut',	'product_images/64d9d346e984d.png',	'left',	NULL,	0,	'2023-08-14 01:39:58',	'2023-08-14 01:39:58'),
(231,	240,	'asdfghjk',	'product_images/64d9d346ea02a.png',	'right',	NULL,	0,	'2023-08-14 01:39:58',	'2023-08-14 01:39:58'),
(232,	241,	'Voluptatem incididun',	'product_images/64d9d39504b02.png',	'left',	NULL,	0,	'2023-08-14 01:41:17',	'2023-08-14 01:41:17'),
(233,	241,	'Dolor nemo dolores s',	'product_images/64d9d395052e5.png',	'right',	NULL,	0,	'2023-08-14 01:41:17',	'2023-08-14 01:41:17'),
(234,	242,	'Deserunt rerum quide',	'product_images/64da09587f3f5.png',	'left',	NULL,	0,	'2023-08-14 05:30:40',	'2023-08-14 05:30:40'),
(235,	242,	'Cillum dolore vel si',	'product_images/64da09587fa47.png',	'right',	NULL,	0,	'2023-08-14 05:30:40',	'2023-08-14 05:30:40'),
(236,	243,	'Aliquam vero mollit',	'product_images/64da09bde643f.png',	'left',	NULL,	0,	'2023-08-14 05:32:21',	'2023-08-14 05:32:21'),
(237,	243,	'Proident ad eu accu',	'product_images/64da09bde6fcc.png',	'right',	NULL,	0,	'2023-08-14 05:32:21',	'2023-08-14 05:32:21'),
(238,	247,	'Nostrum modi officii',	'product_images/64dc73522ce83.png',	'left',	NULL,	0,	'2023-08-16 01:27:22',	'2023-08-16 01:27:22'),
(239,	249,	'Id dolores in ut fug',	'product_images/64dc95ae23b97.png',	'left',	NULL,	0,	'2023-08-16 03:53:58',	'2023-08-16 03:53:58'),
(240,	250,	'pratik',	'product_images/64dc95f35ff50.png',	'left',	NULL,	0,	'2023-08-16 03:55:07',	'2023-08-16 03:55:07'),
(242,	252,	'Perspiciatis conseq',	'product_images/64ddf22780eec.png',	'left',	NULL,	0,	'2023-08-17 04:40:47',	'2023-08-17 04:40:47'),
(243,	252,	'Eos fugiat maxime al',	'product_images/64ddf227819c9.png',	'right',	NULL,	0,	'2023-08-17 04:40:47',	'2023-08-17 04:40:47'),
(244,	254,	'sdds',	'product_images/64e72c68e2d40.png',	'left',	NULL,	0,	'2023-08-24 04:39:44',	'2023-08-24 04:39:44'),
(245,	254,	'dds',	'product_images/64e72c68e40bc.png',	'right',	NULL,	0,	'2023-08-24 04:39:44',	'2023-08-24 04:39:44'),
(246,	255,	'testin1',	'product_images/64e73e7e31c8c.png',	'left',	NULL,	0,	'2023-08-24 05:56:54',	'2023-08-24 05:56:54'),
(247,	255,	'test1',	'product_images/64e73fa0bd3b2.png',	'left',	NULL,	1,	'2023-08-24 06:01:44',	'2023-08-24 07:18:29'),
(248,	256,	'fdgh',	'product_images/64e83b18815a0.png',	'left',	NULL,	0,	'2023-08-24 23:54:40',	'2023-08-24 23:54:40'),
(249,	256,	'pratik',	'product_images/64e83b5b3f594.png',	'right',	NULL,	0,	'2023-08-24 23:55:47',	'2023-08-24 23:55:47'),
(250,	257,	'OPPO',	'product_images/64e84f1222a04.png',	'left',	NULL,	0,	'2023-08-25 01:19:54',	'2023-08-25 01:19:54'),
(257,	258,	'edwed',	'product_images/64e88772e3188.png',	'left',	NULL,	0,	'2023-08-25 05:20:26',	'2023-08-25 05:20:26'),
(258,	259,	'tttttttttttttttt',	'product_images/64e88c7e2ac5d.png',	'left',	NULL,	0,	'2023-08-25 05:41:58',	'2023-08-25 05:41:58');

DROP TABLE IF EXISTS `medical_my_product_tablesequences`;
CREATE TABLE `medical_my_product_tablesequences` (
  `id` bigint unsigned NOT NULL AUTO_INCREMENT,
  `myproduct_table` varchar(255) CHARACTER SET utf8mb4 COLLATE utf8mb4_unicode_ci NOT NULL,
  `table` varchar(255) CHARACTER SET utf8mb4 COLLATE utf8mb4_unicode_ci NOT NULL,
  `is_deleted` tinyint(1) NOT NULL DEFAULT '0',
  `created_at` timestamp NULL DEFAULT NULL,
  `updated_at` timestamp NULL DEFAULT NULL,
  PRIMARY KEY (`id`)
) ENGINE=InnoDB DEFAULT CHARSET=utf8mb4 COLLATE=utf8mb4_unicode_ci;

INSERT INTO `medical_my_product_tablesequences` (`id`, `myproduct_table`, `table`, `is_deleted`, `created_at`, `updated_at`) VALUES
(2,	'Features',	'features',	0,	NULL,	NULL),
(6,	'Galleries',	'singleGallery',	0,	NULL,	NULL),
(7,	'Youtubelinks',	'youtubelink',	0,	NULL,	NULL),
(8,	'Specifications',	'specification.subspecification',	0,	NULL,	NULL),
(9,	'Reviews',	'review',	0,	NULL,	NULL),
(10,	'Faqs',	'faq',	0,	NULL,	NULL),
(11,	'Single Gallery',	'sliderGallery',	0,	NULL,	NULL),
(14,	'Sidebars',	'sidebar',	0,	NULL,	NULL),
(16,	'Main Galleries',	'mainGallery',	0,	NULL,	NULL);

DROP TABLE IF EXISTS `medical_my_product_youtubelinks`;
CREATE TABLE `medical_my_product_youtubelinks` (
  `id` bigint unsigned NOT NULL AUTO_INCREMENT,
  `youtubelink` varchar(255) CHARACTER SET utf8mb4 COLLATE utf8mb4_unicode_ci NOT NULL,
  `product_id` bigint unsigned NOT NULL,
  `is_deleted` tinyint unsigned NOT NULL DEFAULT '0',
  `created_at` timestamp NULL DEFAULT NULL,
  `updated_at` timestamp NULL DEFAULT NULL,
  PRIMARY KEY (`id`),
  KEY `medical_my_product_youtubelinks_product_id_foreign` (`product_id`),
  CONSTRAINT `medical_my_product_youtubelinks_product_id_foreign` FOREIGN KEY (`product_id`) REFERENCES `medical_my_products` (`id`) ON DELETE CASCADE
) ENGINE=InnoDB DEFAULT CHARSET=utf8mb4 COLLATE=utf8mb4_unicode_ci;

INSERT INTO `medical_my_product_youtubelinks` (`id`, `youtubelink`, `product_id`, `is_deleted`, `created_at`, `updated_at`) VALUES
(14,	'https://www.youtube.com/watch?v=5kVThw0GQv4',	182,	0,	NULL,	NULL),
(15,	'https://www.youtube.com/watch?v=5kVThw0GQv4',	183,	0,	NULL,	NULL),
(16,	'https://www.youtube.com/watch?v=5kVThw0GQv4',	188,	0,	NULL,	NULL),
(17,	'https://www.youtube.com/watch?v=KvEEmZ5ThC4',	190,	0,	NULL,	NULL),
(18,	'https://www.youtube.com/watch?v=TC25jacSPrQ&list=RDTC25jacSPrQ&start_radio=1',	189,	0,	NULL,	NULL),
(19,	'https://www.youtube.com/watch?v=TC25jacSPrQ&list=RDTC25jacSPrQ&start_radio=1',	192,	0,	NULL,	NULL),
(20,	'https://www.youtube.com/watch?v=TC25jacSPrQ&list=RDTC25jacSPrQ&start_radio=1',	193,	0,	NULL,	NULL),
(21,	'https://www.youtube.com/watch?v=Xl17bNWhf3w',	194,	0,	NULL,	NULL),
(22,	'https://www.youtube.com/watch?v=TC25jacSPrQ&list=RDMMTC25jacSPrQ&index=1',	208,	0,	NULL,	NULL),
(23,	'https://www.youtube.com/watch?v=TC25jacSPrQ',	210,	0,	NULL,	NULL),
(24,	'https://www.youtube.com/watch?v=Xl17bNWhf3w',	211,	0,	NULL,	NULL);

DROP TABLE IF EXISTS `medical_my_products`;
CREATE TABLE `medical_my_products` (
  `id` bigint unsigned NOT NULL AUTO_INCREMENT,
  `name` varchar(255) CHARACTER SET utf8mb4 COLLATE utf8mb4_unicode_ci NOT NULL,
  `product_price` varchar(255) CHARACTER SET utf8mb4 COLLATE utf8mb4_unicode_ci DEFAULT NULL,
  `product_discount` varchar(255) CHARACTER SET utf8mb4 COLLATE utf8mb4_unicode_ci DEFAULT NULL,
  `is_deleted` tinyint(1) NOT NULL DEFAULT '0',
  `created_at` timestamp NULL DEFAULT NULL,
  `updated_at` timestamp NULL DEFAULT NULL,
  PRIMARY KEY (`id`)
) ENGINE=InnoDB DEFAULT CHARSET=utf8mb4 COLLATE=utf8mb4_unicode_ci;

INSERT INTO `medical_my_products` (`id`, `name`, `product_price`, `product_discount`, `is_deleted`, `created_at`, `updated_at`) VALUES
(1,	'Frozen 2 Cold Plunge',	'56',	'567',	1,	'2023-07-07 03:29:00',	'2023-07-11 08:26:23'),
(2,	'Frozen 2 Cold Plunge',	'56',	'567',	1,	'2023-07-07 03:29:37',	'2023-07-11 08:37:12'),
(3,	'Frozen 2 Cold Plunge',	'56',	'567',	1,	'2023-07-07 03:59:43',	'2023-07-12 00:27:49'),
(4,	'Autem itaque minima',	'56',	'33',	1,	'2023-07-07 06:13:10',	'2023-07-11 08:25:43'),
(5,	'In tempora velit om',	'70',	'80',	0,	'2023-07-07 06:42:55',	'2023-07-07 06:42:55'),
(6,	'In tempora velit om',	'70',	'80',	0,	'2023-07-07 06:42:56',	'2023-07-07 06:42:56'),
(7,	'Esse aut voluptatem',	'5',	'32',	0,	'2023-07-07 06:44:25',	'2023-07-07 06:44:25'),
(8,	'Eos provident sequ',	'30',	'88',	0,	'2023-07-07 06:45:20',	'2023-07-07 06:45:20'),
(9,	'Voluptatem velit pl',	'88',	'83',	0,	'2023-07-07 06:46:07',	'2023-07-07 06:46:07'),
(10,	'Rem rerum consectetu',	'57',	'56',	0,	'2023-07-07 06:47:40',	'2023-07-07 06:47:40'),
(11,	'Et quas nihil minus',	'11',	'25',	0,	'2023-07-07 06:48:51',	'2023-07-07 06:48:51'),
(12,	'Magna doloremque ut',	'24',	'44',	0,	'2023-07-07 06:49:27',	'2023-07-07 06:49:27'),
(13,	'Et consectetur sunt',	'51',	'100',	0,	'2023-07-07 06:52:30',	'2023-07-07 06:52:30'),
(14,	'Velit non dolores mo',	'35',	'71',	0,	'2023-07-09 23:26:13',	'2023-07-09 23:26:13'),
(15,	'Sunt ullamco rerum m',	'51',	'22',	0,	'2023-07-09 23:27:04',	'2023-07-09 23:27:04'),
(16,	'Amet est vero rem',	'60',	'90',	0,	'2023-07-09 23:36:58',	'2023-07-09 23:36:58'),
(17,	'Fugiat esse autem',	'26',	'57',	0,	'2023-07-09 23:37:12',	'2023-07-09 23:37:12'),
(18,	'Repudiandae sed et s',	'25',	'98',	0,	'2023-07-09 23:48:33',	'2023-07-09 23:48:33'),
(19,	'Eveniet dolores sed',	'62',	'53',	0,	'2023-07-09 23:49:40',	'2023-07-09 23:49:40'),
(20,	'Commodi optio ut do',	'23',	'14',	0,	'2023-07-09 23:49:58',	'2023-07-09 23:49:58'),
(21,	'Cupiditate earum nis',	'41',	'58',	0,	'2023-07-09 23:50:31',	'2023-07-09 23:50:31'),
(22,	'Tenetur eos sunt s',	'15',	'19',	0,	'2023-07-09 23:51:09',	'2023-07-09 23:51:09'),
(23,	'Optio itaque qui et',	'46',	'14',	0,	'2023-07-09 23:58:27',	'2023-07-09 23:58:27'),
(24,	'Accusamus est repel',	'8',	'99',	0,	'2023-07-10 00:01:22',	'2023-07-10 00:01:22'),
(25,	'Rerum eum laboriosam',	'87',	'38',	0,	'2023-07-10 00:02:05',	'2023-07-10 00:02:05'),
(26,	'Aute earum et odio m',	'22',	'91',	0,	'2023-07-10 00:02:59',	'2023-07-10 00:02:59'),
(27,	'Ex quo repellendus',	'26',	'56',	0,	'2023-07-10 00:23:41',	'2023-07-10 00:23:41'),
(28,	'Qui et qui duis repe',	'86',	'1',	0,	'2023-07-10 00:27:19',	'2023-07-10 00:27:19'),
(29,	'Similique inventore',	'44',	'34',	0,	'2023-07-10 00:28:10',	'2023-07-10 00:28:10'),
(30,	'A id porro fugiat mi',	'74',	'10',	0,	'2023-07-10 00:55:11',	'2023-07-10 00:55:11'),
(31,	'Ducimus eiusmod ver',	'21',	'55',	0,	'2023-07-10 00:57:08',	'2023-07-10 00:57:08'),
(32,	'Labore reprehenderit',	'70',	'56',	0,	'2023-07-10 01:09:35',	'2023-07-10 01:09:35'),
(33,	'Odit ut eiusmod omni',	'70',	'79',	0,	'2023-07-10 01:09:46',	'2023-07-10 01:09:46'),
(34,	'Voluptatibus possimu',	'96',	'7',	0,	'2023-07-10 01:11:17',	'2023-07-10 01:11:17'),
(35,	'Iusto ullam voluptat',	'69',	'5',	0,	'2023-07-10 01:13:37',	'2023-07-10 01:13:37'),
(36,	'Ex et sit nostrum c',	'95',	'25',	0,	'2023-07-10 01:14:37',	'2023-07-10 01:14:37'),
(37,	'In tempor explicabo',	'91',	'54',	0,	'2023-07-10 03:32:18',	'2023-07-10 03:32:18'),
(38,	'Autem sed in pariatu',	'8',	'91',	0,	'2023-07-10 03:33:00',	'2023-07-10 03:33:00'),
(39,	'Ad cupidatat dolor c',	'79',	'31',	0,	'2023-07-10 05:07:15',	'2023-07-10 05:07:15'),
(40,	'Consequatur est con',	'82',	'99',	0,	'2023-07-10 05:09:06',	'2023-07-10 05:09:06'),
(41,	'Ullamco accusamus od',	'8',	'67',	0,	'2023-07-10 06:40:08',	'2023-07-10 06:40:08'),
(42,	'Tenetur dolorum omni',	'29',	'12',	0,	'2023-07-10 06:51:50',	'2023-07-10 06:51:50'),
(43,	'Iusto est eaque har',	'62',	'34',	0,	'2023-07-11 00:12:52',	'2023-07-11 00:12:52'),
(44,	'Hic fuga In magna d',	'84',	'50',	0,	'2023-07-11 00:17:25',	'2023-07-11 00:17:25'),
(45,	'Quo vel aliquip qui',	'27',	'87',	0,	'2023-07-11 01:30:01',	'2023-07-11 01:30:01'),
(46,	'Elit et et sequi fu',	'11',	'37',	0,	'2023-07-11 01:30:34',	'2023-07-11 01:30:34'),
(47,	'Velit rerum dolores',	'49',	'29',	0,	'2023-07-11 01:33:49',	'2023-07-11 01:33:49'),
(48,	'Officia expedita eve',	'18',	'46',	0,	'2023-07-11 01:35:53',	'2023-07-11 01:35:53'),
(49,	'Sit repellendus Dol',	'31',	'69',	0,	'2023-07-11 01:37:36',	'2023-07-11 01:37:36'),
(50,	'Sint proident id s',	'74',	'54',	0,	'2023-07-11 01:59:55',	'2023-07-11 01:59:55'),
(51,	'Quas tempor id reici',	'25',	'70',	0,	'2023-07-11 03:35:47',	'2023-07-11 03:35:47'),
(52,	'Et dolor do architec',	'23',	'39',	0,	'2023-07-11 06:19:12',	'2023-07-11 06:19:12'),
(53,	'Natus corrupti arch',	'93',	'17',	0,	'2023-07-11 06:31:02',	'2023-07-11 06:31:02'),
(54,	'ravi',	'56',	'567',	0,	'2023-07-11 07:00:48',	'2023-07-11 07:00:48'),
(55,	'Esse facilis nemo t',	'99',	'63',	0,	'2023-07-11 07:16:43',	'2023-07-11 07:16:43'),
(56,	'pratik kumar',	'2333',	'4',	0,	'2023-07-11 07:17:17',	'2023-07-11 07:17:17'),
(57,	'pratik kumar vishwakarma',	'34534',	'344',	1,	'2023-07-11 07:17:43',	'2023-07-11 08:37:28'),
(58,	'Dolore et architecto',	'25',	'48',	1,	'2023-07-11 07:19:07',	'2023-07-11 08:09:23'),
(59,	'Rerum rem impedit a',	'93',	'4',	1,	'2023-07-11 07:34:59',	'2023-07-11 08:14:13'),
(60,	'Deleniti cillum vita',	'32',	'14',	1,	'2023-07-11 08:15:29',	'2023-07-11 08:37:25'),
(61,	'Perspiciatis irure',	'1',	'47',	0,	'2023-07-11 23:30:47',	'2023-07-11 23:30:47'),
(62,	'naveen',	'456',	'4',	0,	'2023-07-12 00:01:29',	'2023-07-12 00:01:29'),
(63,	'Do velit enim hic co',	'80',	'17',	0,	'2023-07-12 00:30:27',	'2023-07-12 00:30:27'),
(64,	'Nihil qui sit aut e',	'25',	'42',	0,	'2023-07-12 00:31:07',	'2023-07-12 00:31:07'),
(65,	'Laboris modi magnam',	'40',	'61',	0,	'2023-07-12 00:32:57',	'2023-07-12 00:32:57'),
(66,	'Perferendis quo eum',	'52',	'97',	0,	'2023-07-12 01:22:21',	'2023-07-12 01:22:21'),
(67,	'Inventore ipsam volu',	'70',	'56',	0,	'2023-07-12 01:36:33',	'2023-07-12 01:36:33'),
(68,	'Molestiae accusamus',	'32',	'24',	0,	'2023-07-12 01:37:57',	'2023-07-12 01:37:57'),
(69,	'Necessitatibus quasi',	'90',	'69',	0,	'2023-07-12 03:32:04',	'2023-07-12 03:32:04'),
(70,	'Voluptates modi comm',	'73',	'51',	0,	'2023-07-12 04:36:04',	'2023-07-12 04:36:04'),
(71,	'Et voluptate non lab',	'93',	'98',	0,	'2023-07-12 05:08:30',	'2023-07-12 05:08:30'),
(72,	'Ut cupidatat asperio',	'88',	'11',	0,	'2023-07-12 05:11:47',	'2023-07-12 05:11:47'),
(73,	'Ut cupidatat asperio',	'88',	'11',	0,	'2023-07-12 05:55:51',	'2023-07-12 05:55:51'),
(74,	'Ea amet dolore even',	'70',	'50',	0,	'2023-07-12 05:56:20',	'2023-07-12 05:56:20'),
(75,	'Ex ipsum voluptate a',	'81',	'35',	0,	'2023-07-12 06:04:39',	'2023-07-12 06:04:39'),
(76,	'Sed ex cumque expedi',	'48',	'100',	0,	'2023-07-12 06:15:43',	'2023-07-12 06:15:43'),
(77,	'Temporibus atque odi',	'98',	'38',	0,	'2023-07-12 06:22:42',	'2023-07-12 06:22:42'),
(78,	'Velit elit labore',	'70',	'25',	0,	'2023-07-12 06:30:49',	'2023-07-12 06:30:49'),
(79,	'Ullamco tenetur sint',	'57',	'82',	0,	'2023-07-12 06:31:46',	'2023-07-12 06:31:46'),
(80,	'Harum ipsa aperiam',	'70',	'55',	0,	'2023-07-12 06:35:50',	'2023-07-12 06:35:50'),
(81,	'Alias in at sit imp',	'47',	'7',	0,	'2023-07-12 07:58:50',	'2023-07-12 07:58:50'),
(82,	'Iste quis ullam adip',	'51',	'83',	0,	'2023-07-12 08:21:47',	'2023-07-12 08:21:47'),
(83,	'Vitae error providen',	'86',	'53',	0,	'2023-07-12 23:56:49',	'2023-07-12 23:56:49'),
(84,	'Vitae error providen',	'86',	'53',	0,	'2023-07-13 00:07:05',	'2023-07-13 00:07:05'),
(85,	'Sit maxime soluta f',	'81',	'67',	0,	'2023-07-13 00:07:54',	'2023-07-13 00:07:54'),
(86,	'Sit maxime soluta f',	'81',	'67',	0,	'2023-07-13 00:08:13',	'2023-07-13 00:08:13'),
(87,	'Eveniet beatae volu',	'7',	'98',	0,	'2023-07-13 00:58:44',	'2023-07-13 00:58:44'),
(88,	'Ut occaecat molestia',	'13',	'34',	0,	'2023-07-13 03:13:34',	'2023-07-13 03:13:34'),
(89,	'Voluptas explicabo',	'31',	'54',	0,	'2023-07-13 03:15:12',	'2023-07-13 03:15:12'),
(90,	'Quod quis saepe blan',	'58',	'19',	0,	'2023-07-13 03:23:17',	'2023-07-13 03:23:17'),
(91,	'Dolorem tempor ipsam',	'95',	'51',	0,	'2023-07-13 03:34:32',	'2023-07-13 03:34:32'),
(92,	'Dolor velit nostrud',	'26',	'25',	0,	'2023-07-13 03:36:43',	'2023-07-13 03:36:43'),
(93,	'Ab accusantium paria',	'26',	'44',	0,	'2023-07-13 04:05:19',	'2023-07-13 04:05:19'),
(94,	'Ab accusantium paria1111111',	'26',	'44',	0,	'2023-07-13 04:27:42',	'2023-07-13 04:27:42'),
(95,	'Ut occaecat molestia',	'131',	'34',	0,	'2023-07-13 04:29:51',	'2023-07-13 04:29:51'),
(96,	'Ut occaecat molestia',	'131',	'34',	0,	'2023-07-13 04:37:48',	'2023-07-13 04:37:48'),
(97,	'Ut occaecat molestia',	'131',	'34',	0,	'2023-07-13 04:38:23',	'2023-07-13 04:38:23'),
(98,	'Ut occaecat molestia',	'131',	'34',	0,	'2023-07-13 04:40:23',	'2023-07-13 04:40:23'),
(99,	'Ut occaecat molestia',	'131',	'34',	0,	'2023-07-13 04:41:58',	'2023-07-13 04:41:58'),
(100,	'Non sit non fugiat',	'13',	'56',	0,	'2023-07-13 05:00:46',	'2023-07-13 05:00:46'),
(101,	'Commodo velit asper',	'11',	'86',	0,	'2023-07-13 05:14:38',	'2023-07-13 05:14:38'),
(102,	'Eiusmod quisquam dol',	'38',	'77',	0,	'2023-07-13 05:22:28',	'2023-07-13 05:22:28'),
(103,	'Quis sint culpa arc',	'37',	'23',	0,	'2023-07-13 06:12:20',	'2023-07-13 06:12:20'),
(104,	'Quis sint culpa arc',	'37',	'23',	0,	'2023-07-14 00:00:05',	'2023-07-14 00:00:05'),
(105,	'Quis sint culpa arc',	'37',	'23',	0,	'2023-07-14 00:00:30',	'2023-07-14 00:00:30'),
(106,	'Quis sint culpa arc',	'37',	'23',	0,	'2023-07-14 00:00:47',	'2023-07-14 00:00:47'),
(107,	'Quis sint culpa arc',	'37',	'23',	0,	'2023-07-14 00:01:03',	'2023-07-14 00:01:03'),
(108,	'Reprehenderit duis',	'68',	'34',	0,	'2023-07-14 03:26:39',	'2023-07-14 03:26:39'),
(109,	'Dolor dolorum deseru',	'19',	'33',	0,	'2023-07-14 03:27:15',	'2023-07-14 03:27:15'),
(110,	'Sed aut illo vero al',	'65',	'24',	0,	'2023-07-14 03:44:46',	'2023-07-14 03:44:46'),
(111,	'Optio velit et even',	'54',	'47',	0,	'2023-07-14 03:59:09',	'2023-07-14 03:59:09'),
(112,	'Deserunt in aliqua',	'35',	'33',	0,	'2023-07-14 04:17:59',	'2023-07-14 04:17:59'),
(113,	'Recusandae Id volu',	'45',	'77',	0,	'2023-07-14 04:41:00',	'2023-07-14 04:41:00'),
(114,	'Est id accusantium',	'50',	'47',	0,	'2023-07-14 04:43:19',	'2023-07-14 04:43:19'),
(115,	'Exercitation itaque',	'15',	'18',	0,	'2023-07-14 05:04:41',	'2023-07-14 05:04:41'),
(116,	'Praesentium perferen',	'56',	'72',	0,	'2023-07-14 05:29:43',	'2023-07-14 05:29:43'),
(117,	'Vel labore quo et il',	'35',	'93',	0,	'2023-07-14 06:55:53',	'2023-07-14 06:55:53'),
(118,	'Quia delectus nemo',	'83',	'86',	0,	'2023-07-14 07:01:16',	'2023-07-14 07:01:16'),
(119,	'Deserunt in aliqua',	'35',	'33',	0,	'2023-07-14 23:29:01',	'2023-07-14 23:29:01'),
(120,	'Deserunt in aliqua',	'35',	'33',	0,	'2023-07-14 23:29:14',	'2023-07-14 23:29:14'),
(121,	'Deserunt in aliqua',	'35',	'33',	1,	'2023-07-14 23:44:28',	'2023-07-16 05:16:50'),
(122,	'Ut aut excepteur sit',	'86',	'82',	0,	'2023-07-14 23:49:29',	'2023-07-14 23:49:29'),
(123,	'Quia pariatur Eos',	'40',	'8',	1,	'2023-07-15 01:06:16',	'2023-07-16 05:16:41'),
(124,	'Culpa ut architecto',	'27',	'9',	0,	'2023-07-15 02:06:34',	'2023-07-15 02:06:34'),
(125,	'A iste eligendi fugi',	'47',	'21',	0,	'2023-07-15 02:37:07',	'2023-07-15 02:37:07'),
(126,	'Ut veritatis dolor n',	'84',	'29',	0,	'2023-07-15 03:40:49',	'2023-07-15 03:40:49'),
(127,	'Placeat unde sed do',	'28',	'37',	0,	'2023-07-15 03:42:00',	'2023-07-15 03:42:00'),
(128,	'Sit hic expedita sed',	'59',	'37',	0,	'2023-07-15 03:50:18',	'2023-07-15 03:50:18'),
(129,	'Sunt dolor voluptas',	'69',	'37',	0,	'2023-07-15 03:51:39',	'2023-07-15 03:51:39'),
(130,	'Sed amet eius maior',	'63',	'40',	0,	'2023-07-15 03:55:57',	'2023-07-15 03:55:57'),
(131,	'Deleniti ex qui cons',	'45',	'65',	0,	'2023-07-15 03:57:10',	'2023-07-15 03:57:10'),
(132,	'Consequatur Eu dolo',	'1',	'98',	1,	'2023-07-15 04:06:52',	'2023-07-16 05:16:47'),
(133,	'Ipsam ut explicabo',	'2',	'54',	0,	'2023-07-16 07:18:07',	'2023-07-16 07:18:07'),
(134,	'Labore aut nulla mol',	'88',	'51',	0,	'2023-07-16 07:39:14',	'2023-07-16 07:39:14'),
(135,	'pratik vishwa',	'43',	'44',	0,	'2023-07-16 07:39:55',	'2023-07-16 07:39:55'),
(136,	'Architecto laborum l',	'76',	'18',	0,	'2023-07-17 01:21:40',	'2023-07-17 01:21:40'),
(137,	'Odit aliquid iusto s',	'55',	'51',	0,	'2023-07-17 01:22:15',	'2023-07-17 01:22:15'),
(138,	'Aliquip quia quisqua',	'21',	'15',	0,	'2023-07-17 01:43:43',	'2023-07-17 01:43:43'),
(139,	'Magna impedit sequi',	'62',	'30',	0,	'2023-07-17 01:44:48',	'2023-07-17 01:44:48'),
(140,	'Cillum quidem amet',	'83',	'52',	0,	'2023-07-17 01:45:40',	'2023-07-17 01:45:40'),
(141,	'ravi',	'7',	'46',	0,	'2023-07-17 03:43:03',	'2023-07-17 03:43:03'),
(142,	'ravi kumar',	'7',	'46',	0,	'2023-07-17 03:43:39',	'2023-07-17 03:43:39'),
(143,	'pratik kumar',	'68',	'37',	0,	'2023-07-17 03:49:05',	'2023-07-17 03:49:05'),
(144,	'kumar',	'18',	'21',	0,	'2023-07-17 03:49:30',	'2023-07-17 03:49:30'),
(145,	'kumar ishwa',	'18',	'21',	0,	'2023-07-17 03:50:04',	'2023-07-17 03:50:04'),
(146,	'kumar ishwafff',	'18',	'21',	0,	'2023-07-17 04:04:00',	'2023-07-17 04:04:00'),
(147,	'Earum consequatur i',	'8',	'18',	0,	'2023-07-17 04:04:40',	'2023-07-17 04:04:40'),
(148,	'Earum consequatur iddd',	'8',	'18',	0,	'2023-07-17 04:06:00',	'2023-07-17 04:06:00'),
(149,	'vishwa rabi prik',	'1',	'6',	0,	'2023-07-17 04:19:52',	'2023-07-17 04:21:22'),
(150,	'Minus non qui ea des',	'60',	'32',	0,	'2023-07-17 05:19:00',	'2023-07-17 05:19:00'),
(151,	'vijay kumar',	'27',	'19',	0,	'2023-07-17 05:23:32',	'2023-07-17 06:43:00'),
(152,	'pratik',	'78',	'15',	0,	'2023-07-17 06:45:03',	'2023-07-17 06:45:03'),
(153,	'Dolorem alias quis a',	'18',	'45',	1,	'2023-07-17 07:59:01',	'2023-07-18 04:37:58'),
(154,	'Qui ut accusantium v',	'18',	'18',	0,	'2023-07-17 11:35:38',	'2023-07-17 11:35:38'),
(155,	'Dolore qui velit aut',	'14',	'31',	1,	'2023-07-17 12:06:07',	'2023-07-18 04:36:20'),
(156,	'Eiusmod recusandae',	'15',	'87',	1,	'2023-07-17 23:29:47',	'2023-07-18 04:36:39'),
(157,	'Laudantium incidunt',	'45',	'31',	0,	'2023-07-17 23:32:44',	'2023-07-17 23:32:44'),
(158,	'Iusto lorem at quis',	'17',	'90',	0,	'2023-07-17 23:50:01',	'2023-07-17 23:50:01'),
(159,	'Culpa suscipit sed o',	'18',	'24',	0,	'2023-07-17 23:53:58',	'2023-07-17 23:53:58'),
(160,	'Adipisci culpa cupi',	'92',	'87',	0,	'2023-07-18 03:47:22',	'2023-07-18 03:47:22'),
(161,	'Officiis inventore c',	'22',	'76',	0,	'2023-07-18 04:00:04',	'2023-07-18 04:00:04'),
(162,	'Quidem voluptatem V',	'41',	'34',	0,	'2023-07-18 04:05:05',	'2023-07-18 04:05:05'),
(163,	'Nobis nihil minus is',	'50',	'64',	0,	'2023-07-18 04:14:53',	'2023-07-18 04:14:53'),
(164,	'Consequatur irure passss',	'5833',	'6833',	0,	'2023-07-18 04:34:38',	'2023-07-18 05:54:57'),
(165,	'Suscipit repellendus',	'36',	'57',	0,	'2023-07-18 05:09:47',	'2023-07-18 05:09:47'),
(166,	'pratik',	'567',	'567',	0,	'2023-07-18 13:49:39',	'2023-07-18 13:49:39'),
(167,	'Distinctio Et susci',	'52',	'91',	0,	'2023-07-18 13:58:20',	'2023-07-18 13:58:20'),
(168,	'sdddssss',	'34',	'45',	0,	'2023-07-18 14:03:39',	'2023-07-18 14:03:53'),
(169,	'Sint vel non archite',	'21',	'23',	1,	'2023-07-19 05:13:10',	'2023-07-19 05:13:42'),
(170,	'Pariatur Qui ut et',	'54',	'29',	0,	'2023-07-19 06:19:43',	'2023-07-19 06:19:43'),
(171,	'Do omnis officia adi',	'62',	'53',	0,	'2023-07-19 08:17:32',	'2023-07-19 08:17:32'),
(172,	'Consequatur optio a',	'55',	'33',	0,	'2023-07-19 23:46:17',	'2023-07-19 23:46:17'),
(173,	'Sed magni nobis magn',	'51',	'64',	0,	'2023-07-20 01:43:50',	'2023-07-20 01:43:50'),
(174,	'Fugit provident de',	'12',	'99',	0,	'2023-07-20 01:54:10',	'2023-07-20 01:54:10'),
(175,	'ravi',	'12',	'32',	0,	'2023-07-20 01:56:16',	'2023-07-20 01:56:16'),
(176,	'pra',	'2233',	'344',	0,	'2023-07-20 03:36:41',	'2023-07-20 03:36:41'),
(177,	'ravi jaiswal',	'12',	'33',	0,	'2023-07-20 05:23:03',	'2023-07-20 05:23:03'),
(178,	'naveen',	'25',	'57',	0,	'2023-07-20 05:28:48',	'2023-07-20 05:28:48'),
(179,	'vivek sharma',	'68',	'3',	0,	'2023-07-20 05:35:03',	'2023-07-20 05:35:03'),
(180,	'narayan prasad',	'12',	'33',	0,	'2023-07-20 05:42:56',	'2023-07-20 05:42:56'),
(181,	'Aute laboris in cumq',	'60',	'75',	0,	'2023-07-20 05:46:03',	'2023-07-20 05:46:03'),
(182,	'Qui ut sed et quasi',	'69',	'11',	0,	'2023-07-21 00:18:59',	'2023-07-21 00:18:59'),
(183,	'pratik kumar',	'37',	'5',	0,	'2023-07-21 04:36:44',	'2023-07-21 04:36:44'),
(184,	'ravi',	'27',	'78',	0,	'2023-07-21 04:39:50',	'2023-07-21 04:39:50'),
(185,	'Labore eu cum nisi a',	'76',	'95',	0,	'2023-07-21 05:06:26',	'2023-07-21 05:06:26'),
(186,	'Ea atque dolor debit',	'46',	'19',	0,	'2023-07-21 05:07:30',	'2023-07-21 05:07:30'),
(187,	'Tempore aliquam dol',	'91',	'29',	0,	'2023-07-21 07:03:36',	'2023-07-21 07:03:36'),
(188,	'vaibhav',	'49',	'65',	0,	'2023-07-21 07:07:44',	'2023-07-21 07:07:44'),
(189,	'bhupendra',	'23',	'3',	0,	'2023-07-24 05:39:50',	'2023-07-24 05:39:50'),
(190,	'Totam ad aut corrupt',	'15',	'11',	1,	'2023-07-24 06:59:47',	'2023-07-26 03:02:51'),
(191,	'pppp',	'56',	'76',	1,	'2023-07-25 10:46:52',	'2023-07-26 03:02:47'),
(192,	'TV',	'12333',	'4444',	0,	'2023-07-26 05:26:06',	'2023-07-26 05:26:06'),
(193,	'MI Phone',	'12459',	'200',	1,	'2023-07-26 07:33:21',	'2023-07-28 04:22:39'),
(194,	'Smart Watch',	'2100',	'100',	1,	'2023-07-27 23:29:27',	'2023-07-28 00:52:45'),
(195,	'Animi velit delect',	'66',	'17',	1,	'2023-07-28 00:17:27',	'2023-07-28 00:52:32'),
(196,	'Voluptatem alias asp',	'21',	'48',	1,	'2023-07-28 00:19:17',	'2023-07-28 00:52:32'),
(197,	'Quibusdam et alias r',	'82',	'24',	1,	'2023-07-28 00:20:59',	'2023-07-28 00:52:31'),
(198,	'ravi',	'39',	'56',	1,	'2023-07-28 00:32:42',	'2023-07-28 00:52:30'),
(199,	'Aliqua Sit culpa',	'22',	'18',	1,	'2023-07-28 00:37:02',	'2023-07-28 00:52:29'),
(200,	'Ad consectetur magni',	'94',	'8',	1,	'2023-07-28 00:46:02',	'2023-07-28 00:52:29'),
(201,	'Neque vitae sed et s',	'46',	'65',	1,	'2023-07-28 00:52:53',	'2023-07-28 04:22:38'),
(202,	'Asperiores ducimus',	'93',	'66',	1,	'2023-07-28 00:57:00',	'2023-07-28 04:22:37'),
(203,	'Deserunt delectus i',	'39',	'47',	1,	'2023-07-28 01:09:16',	'2023-07-28 04:22:36'),
(204,	'Rem nostrum sit aute',	'23',	'53',	1,	'2023-07-28 03:04:32',	'2023-07-28 04:22:35'),
(205,	'Aliquid sit aut ali',	'66',	'12',	1,	'2023-07-28 03:20:46',	'2023-07-28 04:22:34'),
(206,	'Ad aut sit reprehen',	'77',	'6',	1,	'2023-07-28 03:31:04',	'2023-07-28 04:22:33'),
(207,	'Dolorem vel dolor vo',	'70',	'89',	0,	'2023-07-28 05:10:30',	'2023-07-28 05:10:30'),
(208,	'Mollitia architecto',	'67',	'73',	0,	'2023-07-28 05:15:10',	'2023-07-28 05:15:10'),
(209,	'Sunt non qui magna n',	'3',	'77',	1,	'2023-07-28 05:27:44',	'2023-07-28 05:39:53'),
(210,	'smart watch',	'2345',	'234',	0,	'2023-07-28 05:59:20',	'2023-07-28 05:59:20'),
(211,	'Smart Watch',	'1900',	'13',	0,	'2023-07-28 06:47:37',	'2023-07-28 06:47:37'),
(212,	'Odio cupiditate dolo',	'84',	'98',	1,	'2023-07-31 00:59:45',	'2023-07-31 01:30:31'),
(213,	'Qui velit aliquip am',	'70',	'49',	1,	'2023-07-31 01:09:21',	'2023-07-31 01:30:34'),
(214,	'Fugiat enim temporib',	'27',	'99',	1,	'2023-07-31 01:17:25',	'2023-07-31 01:30:36'),
(215,	'Qui sed exercitation',	'21',	'54',	1,	'2023-07-31 01:32:38',	'2023-08-01 00:10:05'),
(216,	'Voluptate veniam te',	'41',	'79',	1,	'2023-07-31 01:37:09',	'2023-08-01 00:10:03'),
(217,	'Aut temporibus minim',	'26',	'32',	1,	'2023-07-31 03:03:13',	'2023-08-01 00:10:00'),
(218,	'Quia sint sit quia',	'61',	'78',	1,	'2023-07-31 07:00:03',	'2023-08-01 00:09:58'),
(219,	'Autem autem temporib',	'84',	'76',	1,	'2023-07-31 23:59:00',	'2023-08-01 00:09:56'),
(220,	'Beatae aspernatur mo',	'68',	'49',	1,	'2023-08-01 00:07:52',	'2023-08-01 00:09:54'),
(221,	'ravi',	'223333',	'2',	1,	'2023-08-01 01:10:54',	'2023-08-01 01:14:18'),
(222,	'pratik',	'123',	'23',	1,	'2023-08-01 01:14:14',	'2023-08-10 01:32:57'),
(223,	'Harum voluptatibus m',	'34',	'99',	1,	'2023-08-01 01:19:01',	'2023-08-09 03:12:01'),
(224,	'Qui ut fugit ullamc',	'70',	'48',	1,	'2023-08-07 23:41:30',	'2023-08-08 03:40:04'),
(225,	'Labore explicabo Ve',	'9',	'12',	1,	'2023-08-08 08:08:09',	'2023-08-09 03:11:59'),
(226,	'Cumque esse recusan',	'100',	'58',	1,	'2023-08-09 05:29:45',	'2023-08-09 05:30:00'),
(227,	'Voluptas sunt non vo',	'26',	'14',	1,	'2023-08-09 05:36:09',	'2023-08-09 07:35:07'),
(228,	'In architecto elit',	'53',	'39',	1,	'2023-08-09 05:39:49',	'2023-08-09 05:41:19'),
(229,	'Consequuntur sed rem',	'91',	'27',	1,	'2023-08-10 01:14:49',	'2023-08-10 01:32:55'),
(230,	'Temporibus exercitat',	'32',	'66',	1,	'2023-08-10 03:30:08',	'2023-08-11 07:44:54'),
(231,	'Quos eligendi fuga',	'13',	'61',	1,	'2023-08-10 03:55:05',	'2023-08-11 07:44:52'),
(232,	'Ipsam quae autem duc',	'50',	'87',	1,	'2023-08-10 04:29:23',	'2023-08-10 23:41:47'),
(233,	'Magni irure et quis',	'15',	'51',	1,	'2023-08-10 04:30:35',	'2023-08-10 23:41:40'),
(234,	'Ipsa possimus erro',	'17',	'84',	1,	'2023-08-10 06:05:14',	'2023-08-10 23:41:21'),
(235,	'Aut distinctio Moll',	'24',	'47',	1,	'2023-08-11 03:33:12',	'2023-08-11 07:44:51'),
(236,	'Tenetur voluptatibus',	'84',	'85',	1,	'2023-08-11 04:26:56',	'2023-08-11 07:44:50'),
(237,	'Nulla reprehenderit',	'12',	'46',	1,	'2023-08-11 06:01:21',	'2023-08-11 07:44:47'),
(238,	'Anim voluptas ut sit',	'70',	'84',	1,	'2023-08-11 11:44:36',	'2023-08-17 07:07:13'),
(239,	'Velit commodi tenetu',	'97',	'23',	1,	'2023-08-11 11:46:02',	'2023-08-17 07:07:12'),
(240,	'Ad debitis suscipit',	'60',	'84',	1,	'2023-08-14 01:38:23',	'2023-08-17 07:07:12'),
(241,	'Minus maiores quo qu',	'98',	'75',	1,	'2023-08-14 01:40:41',	'2023-08-17 07:07:10'),
(242,	'Repellendus Id ut',	'84',	'21',	1,	'2023-08-14 05:29:57',	'2023-08-17 07:07:09'),
(243,	'Ducimus in fugiat',	'47',	'19',	1,	'2023-08-14 05:31:25',	'2023-08-17 07:07:08'),
(244,	'Vitae tenetur perfer',	'43',	'18',	1,	'2023-08-14 07:11:14',	'2023-08-17 07:07:08'),
(245,	'Sed quis autem ut si',	'6',	'59',	1,	'2023-08-14 07:28:06',	'2023-08-17 07:07:07'),
(246,	'Ea voluptas voluptat',	'69',	'30',	1,	'2023-08-14 07:34:23',	'2023-08-17 07:07:06'),
(247,	'Quibusdam officia qu',	'26',	'71',	1,	'2023-08-16 00:44:31',	'2023-08-17 07:07:06'),
(248,	'Est repellendus Eo',	'34',	'3',	1,	'2023-08-16 01:36:35',	'2023-08-17 07:07:05'),
(249,	'Corporis eos quis oc',	'21',	'5',	1,	'2023-08-16 03:06:24',	'2023-08-17 07:07:04'),
(250,	'Velit ipsam ullamco',	'11',	'22',	1,	'2023-08-16 03:54:36',	'2023-08-17 07:07:04'),
(251,	'Sapiente velit cons',	'12',	'51',	1,	'2023-08-16 03:56:15',	'2023-08-17 07:07:03'),
(252,	'Consectetur in sit',	'40',	'92',	1,	'2023-08-17 03:15:13',	'2023-08-17 07:07:02'),
(253,	'In distinctio In om',	'5',	'71',	0,	'2023-08-17 23:12:58',	'2023-08-17 23:12:58'),
(254,	'wqw',	'111',	'11',	0,	'2023-08-24 04:36:04',	'2023-08-24 04:36:04'),
(255,	'tess',	'4232',	'2232',	0,	'2023-08-24 05:55:49',	'2023-08-24 05:55:49'),
(256,	'dsfghj',	'234567',	'23456',	0,	'2023-08-24 23:54:13',	'2023-08-24 23:54:13'),
(257,	'Mobile',	'8999',	'500',	0,	'2023-08-25 01:18:35',	'2023-08-25 01:18:35'),
(258,	'ring',	'3223',	'33',	0,	'2023-08-25 04:23:50',	'2023-08-25 04:23:50'),
(259,	'Rice',	'78787',	'5',	0,	'2023-08-25 05:40:51',	'2023-08-25 05:40:51');

DROP TABLE IF EXISTS `medical_my_products_subtitles`;
CREATE TABLE `medical_my_products_subtitles` (
  `id` bigint unsigned NOT NULL AUTO_INCREMENT,
  `my_subtitle_id` bigint unsigned NOT NULL,
  `sub_title` varchar(255) CHARACTER SET utf8mb4 COLLATE utf8mb4_unicode_ci NOT NULL,
  `description` longtext CHARACTER SET utf8mb4 COLLATE utf8mb4_unicode_ci NOT NULL,
  `icon` varchar(255) CHARACTER SET utf8mb4 COLLATE utf8mb4_unicode_ci NOT NULL,
  `is_deleted` tinyint(1) NOT NULL DEFAULT '0',
  `created_at` timestamp NULL DEFAULT NULL,
  `updated_at` timestamp NULL DEFAULT NULL,
  PRIMARY KEY (`id`),
  KEY `medical_my_products_subtitles_my_subtitle_id_foreign` (`my_subtitle_id`),
  CONSTRAINT `medical_my_products_subtitles_my_subtitle_id_foreign` FOREIGN KEY (`my_subtitle_id`) REFERENCES `medical_my_product_specifications` (`id`) ON DELETE CASCADE
) ENGINE=InnoDB DEFAULT CHARSET=utf8mb4 COLLATE=utf8mb4_unicode_ci;

INSERT INTO `medical_my_products_subtitles` (`id`, `my_subtitle_id`, `sub_title`, `description`, `icon`, `is_deleted`, `created_at`, `updated_at`) VALUES
(8,	106,	'ravi',	'kumar',	'product_images/64b57527add46.png',	1,	NULL,	'2023-08-24 03:36:17'),
(9,	107,	'Megan Wall',	'f',	'product_images/64b57527ae1ea.png',	1,	NULL,	'2023-08-24 04:03:16'),
(10,	106,	'ravi',	'kumar',	'product_images/64b57527aea71.png',	0,	NULL,	NULL),
(11,	108,	'Daria Gaines',	'Saepe labore iste ve',	'product_images/64b61a2a77847.png',	0,	NULL,	NULL),
(12,	109,	'Colby Howell',	'Illo dolores saepe c',	'product_images/64b61c55a06ef.png',	0,	NULL,	NULL),
(13,	110,	'Megan Wall',	'Magni eu totam duis',	'product_images/64b61c78b88db.png',	0,	NULL,	NULL),
(14,	111,	'Nevada Fernandez',	'Omnis cumque qui adi',	'product_images/64b61d295b8fb.png',	0,	NULL,	NULL),
(15,	112,	'Megan Wall',	'vvv',	'product_images/64b61e13e2f06.png',	0,	NULL,	NULL),
(16,	113,	'Iliana Barton',	'Ut exercitationem in',	'product_images/64b6219f7fd48.png',	0,	NULL,	NULL),
(17,	114,	'right',	'Repudiandae lorem at',	'product_images/64b6219f80374.png',	0,	NULL,	NULL),
(18,	115,	'Herrod Blanchard',	'ww',	'product_images/64b6221d6c0c4.png',	0,	NULL,	NULL),
(19,	117,	'cdfdfd',	'Ea voluptas sunt ea',	'product_images/64b6221d6c328.png',	0,	NULL,	NULL),
(20,	115,	'Herrod Blanchard',	'ww',	'product_images/64b6221d6c934.png',	0,	NULL,	NULL),
(21,	117,	'cdfdfd',	'Ea voluptas sunt ea',	'product_images/64b62239caa30.png',	0,	NULL,	NULL),
(22,	118,	'ppp',	'ppp',	'product_images/64b623c44c1ff.png',	0,	NULL,	NULL),
(23,	120,	'magan 3',	'verma',	'product_images/64b65907109fb.png',	0,	NULL,	NULL),
(24,	121,	'dd',	'dd',	'product_images/64b6590710c15.png',	0,	NULL,	NULL),
(25,	120,	'magan 3',	'verma',	'product_images/64b6590711109.png',	0,	NULL,	NULL),
(26,	120,	'magan 3',	'verma',	'product_images/64b65907112fc.png',	0,	NULL,	NULL),
(27,	120,	'magan 3',	'verma',	'product_images/64b6592852dd3.png',	0,	NULL,	NULL),
(28,	122,	'ppp',	'ppp',	'product_images/64b6594bba5d2.png',	0,	NULL,	NULL),
(29,	124,	'vgv',	'hh',	'product_images/64b65bd752bbf.png',	0,	NULL,	NULL),
(30,	124,	'vgv',	'hh',	'product_images/64b65bfea9dc4.png',	0,	NULL,	NULL),
(31,	125,	'dd',	'Ea voluptas sunt ea',	'product_images/64b65c297ea13.png',	0,	NULL,	NULL),
(32,	127,	'Keith Mcmillan',	'Magni eu totam duis',	'product_images/64b65cf076d82.png',	0,	NULL,	NULL),
(33,	127,	'Keith Mcmillan',	'Magni eu totam duis',	'product_images/64b65d3db46c9.png',	0,	NULL,	NULL),
(34,	128,	'cdfdfd',	'Vel provident et ex',	'product_images/64b65d89d1d33.png',	0,	NULL,	NULL),
(35,	131,	'cdfdfd',	'Et non quia unde ver',	'product_images/64b65f270b290.png',	0,	NULL,	NULL),
(36,	130,	'Megan Wall',	'vvv',	'product_images/64b65f6484b62.png',	0,	NULL,	NULL),
(37,	131,	'cdfdfd',	'Et non quia unde ver',	'product_images/64b65f6485106.png',	0,	NULL,	NULL),
(38,	132,	'ppp',	'ppp',	'product_images/64b65f96d9805.png',	0,	NULL,	NULL),
(40,	134,	'Ulla Evans',	'Sed ut amet dolore',	'product_images/64b6e76e438d2.png',	0,	NULL,	NULL),
(41,	135,	'Madeson Waters',	'Qui excepteur id inc',	'product_images/64b6e804c29b2.png',	0,	NULL,	NULL),
(42,	135,	'ddd',	'eee',	'product_images/64b6e804c2be5.png',	0,	NULL,	NULL),
(43,	136,	'eee',	'dd',	'product_images/64b6e804c2ffe.png',	0,	NULL,	NULL),
(44,	137,	'dd',	'dd',	'product_images/64b6e99512596.png',	0,	NULL,	NULL),
(45,	137,	'ddd',	'ee',	'product_images/64b6e995129dd.png',	0,	NULL,	NULL),
(46,	138,	'Megan Wall',	'vvv',	'product_images/64b6e99513133.png',	0,	NULL,	NULL),
(47,	139,	'Aristotle Vega',	'Dolorum et sed porro',	'product_images/64b8c37de917e.png',	0,	NULL,	NULL),
(48,	140,	'd',	'd',	'product_images/64b8c37de9966.png',	0,	NULL,	NULL),
(49,	141,	'Nelle Mayer',	'Commodi perspiciatis',	'product_images/64ba1ccff13d6.png',	0,	NULL,	NULL),
(50,	142,	'Hannah Fernandez',	'n',	'product_images/64ba1ccff17ca.png',	0,	NULL,	NULL),
(51,	143,	'Quinlan Cervantes',	'Ea voluptatem sed mo',	'product_images/64ba591d8369d.png',	0,	NULL,	NULL),
(52,	144,	'Macon Trujillo',	'Culpa ut perspiciat',	'product_images/64ba591d83a6d.png',	0,	NULL,	NULL),
(53,	145,	'Nadine Rose',	'Numquam unde earum s',	'product_images/64ba591d83e14.png',	0,	NULL,	NULL),
(54,	147,	'Howard Boyd',	'Provident anim sunt',	'product_images/64ba599012cfd.png',	0,	NULL,	NULL),
(55,	147,	'sdd',	'ww',	'product_images/64ba5990131c6.png',	0,	NULL,	NULL),
(56,	148,	'Rudyard Solis',	'Labore sed autem inc',	'product_images/64ba5fbf89e2f.png',	0,	NULL,	NULL),
(57,	149,	'right',	'vvv',	'product_images/64ba5fd592fd6.png',	0,	NULL,	NULL),
(58,	150,	'Herrod Blanchard',	'Corporis corporis ni',	'product_images/64ba6018d864a.png',	0,	NULL,	NULL),
(59,	150,	's',	'd',	'product_images/64ba6018d8980.png',	0,	NULL,	NULL),
(60,	151,	'v',	'Magni eu totam duis',	'product_images/64ba6018d8d64.png',	0,	NULL,	NULL),
(61,	151,	'Megan Wall',	'verma',	'product_images/64ba6018d8ef8.png',	0,	NULL,	NULL),
(63,	153,	'Kai Alston',	'Vel praesentium erro',	'product_images/64ba80c200d60.png',	0,	NULL,	NULL),
(64,	154,	'Keith Mcmillan',	'Eveniet maiores et',	'product_images/64be181e9bb33.png',	0,	NULL,	NULL),
(65,	155,	'Stella Lane',	'Ducimus omnis do qu',	'product_images/64be69bae174d.png',	0,	NULL,	NULL),
(66,	156,	'Steven Baldwin',	'Dolor explicabo Vol',	'product_images/64be69bae1d0a.png',	0,	NULL,	NULL),
(67,	157,	'Herrod Blanchard',	'Corporis corporis ni',	'product_images/64be7054c0049.png',	0,	NULL,	NULL),
(68,	158,	'Sybil Dodson',	'Aut culpa pariatur',	'product_images/64c0fc3515258.png',	0,	NULL,	NULL),
(69,	158,	'dd',	'rrr',	'product_images/64c0fc35155bf.png',	0,	NULL,	NULL),
(70,	159,	'hh',	'Magni eu totam duis',	'product_images/64c0fc3515c21.png',	0,	NULL,	NULL),
(71,	161,	'Mikayla Rogers',	'Fugiat quis vero omn',	'product_images/64c11a1b37b4d.png',	0,	NULL,	NULL),
(72,	160,	'Ursa Pittman',	'Quaerat totam sed ea',	'product_images/64c11a1b37dd4.png',	0,	NULL,	NULL),
(73,	160,	'Ursa Pittman',	'Quaerat totam sed ea',	'product_images/64c11a1b3826c.png',	0,	NULL,	NULL),
(74,	162,	'cdfdfd',	'dd',	'product_images/64c22f67c9aa1.png',	0,	NULL,	NULL),
(75,	164,	'vvvv',	'Excepturi enim provi',	'product_images/64c35083b3ce4.png',	0,	NULL,	NULL),
(76,	165,	'cdfdfd',	'wef',	'product_images/64c35083b4064.png',	0,	NULL,	NULL),
(77,	164,	'Megan Wall',	'Excepturi enim provi',	'product_images/64c35083b46d6.png',	0,	NULL,	NULL),
(78,	164,	'Megan Wall',	'Excepturi enim provi',	'product_images/64c35083b491c.png',	0,	NULL,	NULL),
(79,	164,	'rrrr',	'Excepturi enim provi',	'product_images/64c353a9a47eb.png',	0,	NULL,	NULL),
(80,	167,	'Megan Wall',	'dcv',	'product_images/64c35692c4a27.png',	0,	NULL,	NULL),
(81,	167,	'Megan Wall',	'dcv',	'product_images/64c35692c4c63.png',	0,	NULL,	NULL),
(82,	167,	'Megan Wall',	'dfv',	'product_images/64c35692c519c.png',	0,	NULL,	NULL),
(83,	168,	'Pamela Vaughn',	'Dolorum quidem cum s',	'product_images/64c35714d8124.png',	0,	NULL,	NULL),
(84,	168,	'Herrod Blanchard',	'd',	'product_images/64c35714d8699.png',	0,	NULL,	NULL),
(85,	169,	'right',	'dc',	'product_images/64c35714d8f91.png',	0,	NULL,	NULL),
(86,	169,	'Keith Mcmillan',	'd',	'product_images/64c35714d947f.png',	0,	NULL,	NULL),
(87,	171,	'sdd',	'sdcxxsdxzdwszxcd',	'product_images/64c357818195d.png',	0,	NULL,	NULL),
(88,	171,	'hh',	'sd',	'product_images/64c3578181c46.png',	0,	NULL,	NULL),
(89,	171,	'hh',	'sd',	'product_images/64c3578182399.png',	0,	NULL,	NULL),
(90,	171,	'sdd',	'sdcxxsdxzdwszxcd',	'product_images/64c35781825f2.png',	0,	NULL,	NULL),
(91,	172,	'h',	'ravi kumar',	'product_images/64c35a6204bd9.png',	0,	NULL,	NULL),
(92,	172,	'goutm',	'vvvv',	'product_images/64c35a6204e2d.png',	0,	NULL,	NULL),
(93,	173,	'Megan lal',	'vvvv',	'product_images/64c35a62052f4.png',	0,	NULL,	NULL),
(94,	173,	'v',	'kumar',	'product_images/64c35a6205565.png',	0,	NULL,	NULL),
(95,	175,	'Tatum Talley',	'Qui qui magnam autem',	'product_images/64c35b31efaa8.png',	0,	NULL,	NULL),
(96,	175,	'Tatum Talley',	'Qui qui magnam autem',	'product_images/64c35b31efd83.png',	0,	NULL,	NULL),
(97,	175,	'Tatum Talley',	'Qui qui magnam autem',	'product_images/64c35b31f04a0.png',	0,	NULL,	NULL),
(98,	177,	'Kylan Kelley',	'Et numquam ipsum tem',	'product_images/64c35d4185413.png',	0,	NULL,	NULL),
(99,	177,	'Kylan Kelley',	'Et numquam ipsum tem',	'product_images/64c35d4185f1c.png',	0,	NULL,	NULL),
(101,	179,	'Nadine Lindsay',	'Accusantium deserunt',	'product_images/64c35f4b10fcd.png',	0,	NULL,	NULL),
(102,	180,	'Kirestin Mcgee',	'Quia et est blanditi',	'product_images/64c35f4b1170d.png',	0,	NULL,	NULL),
(103,	182,	'Kylan Dalton',	'Alias expedita illum',	'product_images/64c3609ebf1d5.png',	0,	NULL,	NULL),
(104,	182,	'Kylan Dalton',	'Alias expedita illum',	'product_images/64c3609ebf58f.png',	0,	NULL,	NULL),
(105,	184,	'Erin Wynn',	'Qui qui ullam non ve',	'product_images/64c362be33f44.png',	0,	NULL,	NULL),
(106,	184,	'Erin Wynn',	'Qui qui ullam non ve',	'product_images/64c362be34437.png',	0,	NULL,	NULL),
(107,	186,	'Uriah Camacho',	'Et at nisi sed ut la',	'product_images/64c37dc40c714.png',	0,	NULL,	NULL),
(108,	186,	'Uriah Camacho',	'Et at nisi sed ut la',	'product_images/64c37dc40ce52.png',	0,	NULL,	NULL),
(109,	187,	'Mariko Monroe',	'Ut non exercitatione',	'product_images/64c3820da3efa.png',	0,	NULL,	NULL),
(110,	188,	'Karina Rush',	'Adipisicing neque co',	'product_images/64c3820da45dd.png',	0,	NULL,	NULL),
(111,	190,	'kumar',	'kumar2',	'product_images/64c38432d46da.png',	0,	NULL,	NULL),
(112,	190,	'kumar',	'kumar2',	'product_images/64c38432d4b20.png',	0,	NULL,	NULL),
(113,	191,	'Quin Wagner',	'Debitis magna conseq',	'product_images/64c39d4e4f048.png',	0,	NULL,	NULL),
(114,	192,	'Rebekah Flowers',	'Occaecat voluptas et',	'product_images/64c39d4e4f4d8.png',	0,	NULL,	NULL),
(115,	193,	'Herrod Blanchard',	'asdf',	'product_images/64c3a81539ac6.png',	0,	NULL,	NULL),
(116,	194,	'Hannah Fernandez',	'sdf',	'product_images/64c3a81539fa4.png',	0,	NULL,	NULL),
(117,	195,	'Chiquita Nguyen',	'asd',	'product_images/64c3b2631fa48.png',	0,	NULL,	NULL),
(118,	196,	'Hannah Fernandez',	'ass',	'product_images/64c3b2631fef5.png',	0,	NULL,	NULL),
(119,	198,	'pra',	'kumar',	'product_images/64c7a3da05cd2.png',	0,	NULL,	NULL),
(120,	198,	'pra',	'kumar',	'product_images/64c7a3da060b9.png',	0,	NULL,	NULL),
(124,	203,	'kumar',	'kumar2',	'product_images/64c8992591807.png',	0,	NULL,	NULL),
(125,	203,	'kumar',	'kumar2',	'product_images/64c8992591d74.png',	0,	NULL,	NULL),
(126,	205,	'Dale Weaver',	'Tenetur dolorem dolo',	'product_images/64c89a53e98bf.png',	0,	NULL,	NULL),
(127,	205,	'Dale Weaver',	'Tenetur dolorem dolo',	'product_images/64c89a53e9e58.png',	0,	NULL,	NULL),
(128,	212,	'Maggy Dickson',	'Sunt in in laboriosa',	'product_images/64d3738169424.png',	0,	NULL,	NULL),
(129,	213,	'Forrest Patton',	'Inventore fuga Qui',	'product_images/64d373816990b.png',	0,	NULL,	NULL),
(130,	215,	'Colton Berry',	'Animi quis laboris',	'product_images/64d3741c7b19c.png',	0,	NULL,	NULL),
(131,	216,	'Larissa Donaldson',	'Enim maxime alias ac',	'product_images/64d3741c7b897.png',	0,	NULL,	NULL),
(132,	217,	'Dylan Justice',	'Unde harum ut labore',	'product_images/64d48790c9347.png',	0,	NULL,	NULL),
(133,	218,	'Mohammad Kane',	'Et laudantium animi',	'product_images/64d48790c9713.png',	0,	NULL,	NULL),
(134,	220,	's',	'd',	'product_images/64d4a755e7c0b.png',	0,	NULL,	NULL),
(135,	220,	's',	'd',	'product_images/64d4a755e8642.png',	0,	NULL,	NULL),
(136,	222,	'Ciaran Ray',	'Irure commodi non qu',	'product_images/64d4ad358207e.png',	0,	NULL,	NULL),
(137,	222,	'Ciaran Ray',	'Irure commodi non qu',	'product_images/64d4ad35825fb.png',	0,	NULL,	NULL),
(138,	223,	'Gary Pennington',	'In sunt debitis exc',	'product_images/64d4b5107cdbf.png',	0,	NULL,	NULL),
(139,	225,	'c',	'sdc',	'product_images/64d4b5579d1ac.png',	0,	NULL,	NULL),
(140,	225,	'c',	'sdc',	'product_images/64d4c9f666820.png',	0,	NULL,	NULL),
(141,	227,	'right',	'erfg',	'product_images/64d4cd2e56828.png',	0,	NULL,	NULL),
(142,	227,	'right',	'erfg',	'product_images/64d4cd2e56c0f.png',	0,	NULL,	NULL),
(143,	228,	'Fay Christensen',	'In cupidatat dolore',	'product_images/64d61c252997a.png',	0,	NULL,	NULL),
(144,	230,	'Zelda Moore',	'At laborum Velit et',	'product_images/64d9d346e9cdd.png',	0,	NULL,	NULL),
(145,	231,	'asdfrtyu',	'ewrtyui',	'product_images/64d9d346ea36c.png',	0,	NULL,	NULL),
(146,	233,	'Bethany Wolf',	'Doloribus dolore ut',	'product_images/64d9d39504ff9.png',	0,	NULL,	NULL),
(147,	233,	'Bethany Wolf',	'Doloribus dolore ut',	'product_images/64d9d3950566b.png',	0,	NULL,	NULL),
(148,	234,	'Susan Ross',	'Amet quae ad conseq',	'product_images/64da09587f7e0.png',	0,	NULL,	NULL),
(149,	235,	'Owen Foreman',	'Obcaecati neque labo',	'product_images/64da09587fd75.png',	0,	NULL,	NULL),
(150,	236,	'Jack Leach',	'In officia et saepe',	'product_images/64da09bde6b50.png',	0,	NULL,	NULL),
(151,	237,	'Samuel Kemp',	'Sit eius debitis oc',	'product_images/64da09bde73fc.png',	0,	NULL,	NULL),
(152,	238,	'Portia Ortiz',	'Laboris quis minim m',	'product_images/64dc73522d3a1.png',	0,	NULL,	NULL),
(153,	239,	'Gannon Martin',	'Non dolore id molest',	'product_images/64dc95ae24039.png',	0,	NULL,	NULL),
(154,	240,	'sss',	'ssss',	'product_images/64dc95f36031c.png',	0,	NULL,	NULL),
(155,	242,	'Adena Dale',	'Libero dolore animi',	'product_images/64ddf227815e2.png',	0,	NULL,	NULL),
(156,	243,	'Nomlanga Buckner',	'Error possimus id',	'product_images/64ddf22782047.png',	0,	NULL,	NULL),
(157,	244,	'dds',	'sdds',	'product_images/64e72c68e3a04.png',	0,	NULL,	NULL),
(158,	245,	'dds',	'sdds',	'product_images/64e72c68e4677.png',	0,	NULL,	NULL),
(159,	245,	'ccc',	'cccc',	'product_images/64e72c68e5005.png',	1,	NULL,	NULL),
(160,	246,	'3',	'333',	'product_images/64e73e7e3267e.png',	0,	NULL,	NULL),
(161,	246,	'testsub',	'syb',	'product_images/64e73e7e32c83.png',	1,	NULL,	'2023-08-24 07:18:06'),
(162,	246,	'testsub2',	'testbwd2',	'product_images/64e73e7e331f3.png',	1,	NULL,	'2023-08-24 07:17:04'),
(163,	247,	'test2',	'add',	'product_images/64e73fa0bdd6c.png',	0,	NULL,	NULL),
(164,	247,	'test3',	'dwdw',	'product_images/64e73fa0be98d.png',	1,	NULL,	NULL),
(165,	247,	'test4',	'ade',	'product_images/64e73fa0bf5d6.png',	1,	NULL,	'2023-08-24 06:06:31'),
(166,	248,	'dsfghj',	'sdfghj',	'product_images/64e83b1881b71.png',	0,	NULL,	NULL),
(167,	249,	'cghhjgjh',	'cfgddghffgh',	'product_images/64e83b5b3ff66.png',	0,	NULL,	NULL),
(168,	250,	'Android',	'Tesitng',	'product_images/64e84f122313a.png',	0,	NULL,	NULL),
(169,	250,	'A571',	'A571',	'product_images/64e84f122358a.png',	0,	NULL,	NULL),
(170,	250,	'A51',	'A51',	'product_images/64e84f122396b.png',	0,	NULL,	NULL),
(171,	250,	't9',	't9',	'product_images/64e8569e4b034.png',	0,	NULL,	NULL),
(172,	250,	't40',	't40',	'product_images/64e859b4430a5.png',	0,	NULL,	NULL),
(173,	257,	'd',	'dcc',	'product_images/64e88772e41ff.png',	0,	NULL,	NULL),
(174,	257,	'wfweww',	'wwfw',	'product_images/64e88a078e026.png',	0,	NULL,	NULL),
(175,	258,	'tererrefe',	'erffsfwr',	'product_images/64e88c7e2b4f3.png',	0,	NULL,	NULL),
(176,	258,	't1',	't1',	'product_images/64e88c7e2b976.png',	0,	NULL,	NULL),
(177,	258,	't2',	't2',	'product_images/64e88c7e2bee8.png',	0,	NULL,	NULL),
(178,	258,	't3',	't3',	'product_images/64e88c993d91e.png',	1,	NULL,	'2023-08-25 05:42:41');

DROP TABLE IF EXISTS `medical_myproduct_sequneceorders`;
CREATE TABLE `medical_myproduct_sequneceorders` (
  `id` bigint unsigned NOT NULL AUTO_INCREMENT,
  `sequence_id` bigint unsigned NOT NULL,
  `is_deleted` tinyint(1) NOT NULL DEFAULT '0',
  `order_id` int DEFAULT NULL,
  `created_at` timestamp NULL DEFAULT NULL,
  `updated_at` timestamp NULL DEFAULT NULL,
  PRIMARY KEY (`id`),
  KEY `medical_myproduct_sequneceorders_sequence_id_foreign` (`sequence_id`),
  CONSTRAINT `medical_myproduct_sequneceorders_sequence_id_foreign` FOREIGN KEY (`sequence_id`) REFERENCES `medical_my_product_tablesequences` (`id`) ON DELETE CASCADE
) ENGINE=InnoDB DEFAULT CHARSET=utf8mb4 COLLATE=utf8mb4_unicode_ci;

INSERT INTO `medical_myproduct_sequneceorders` (`id`, `sequence_id`, `is_deleted`, `order_id`, `created_at`, `updated_at`) VALUES
(57,	2,	0,	5,	NULL,	NULL),
(59,	6,	0,	4,	NULL,	NULL),
(60,	7,	0,	8,	NULL,	NULL),
(62,	8,	0,	9,	NULL,	NULL),
(63,	9,	0,	6,	NULL,	NULL),
(64,	10,	0,	1,	NULL,	NULL),
(65,	11,	0,	7,	NULL,	NULL),
(71,	16,	0,	2,	NULL,	NULL),
(72,	14,	0,	3,	NULL,	NULL);

DROP TABLE IF EXISTS `medical_oauth_access_tokens`;
CREATE TABLE `medical_oauth_access_tokens` (
  `id` varchar(100) CHARACTER SET utf8mb4 COLLATE utf8mb4_unicode_ci NOT NULL,
  `user_id` bigint unsigned DEFAULT NULL,
  `client_id` bigint unsigned NOT NULL,
  `name` varchar(255) CHARACTER SET utf8mb4 COLLATE utf8mb4_unicode_ci DEFAULT NULL,
  `scopes` text CHARACTER SET utf8mb4 COLLATE utf8mb4_unicode_ci,
  `revoked` tinyint(1) NOT NULL,
  `created_at` timestamp NULL DEFAULT NULL,
  `updated_at` timestamp NULL DEFAULT NULL,
  `expires_at` datetime DEFAULT NULL,
  PRIMARY KEY (`id`),
  KEY `medical_oauth_access_tokens_user_id_index` (`user_id`)
) ENGINE=InnoDB DEFAULT CHARSET=utf8mb4 COLLATE=utf8mb4_unicode_ci;

INSERT INTO `medical_oauth_access_tokens` (`id`, `user_id`, `client_id`, `name`, `scopes`, `revoked`, `created_at`, `updated_at`, `expires_at`) VALUES
('00613504fc649c8b617664b883843a9c2a9f3b318fa0c4adc42bb8fac8a38dc385c4f20837367015',	1,	7,	'MedicalBreakThoughApp',	'[]',	0,	'2023-07-18 07:02:14',	'2023-07-18 07:02:14',	'2024-07-18 12:32:14'),
('04df9dd6df110bc21c393158b63a94597d2e570ff19e043a09a6b62d5a6a4b325f4671ea1eb720ed',	1,	7,	'MedicalBreakThoughApp',	'[]',	0,	'2023-08-24 07:16:12',	'2023-08-24 07:16:12',	'2024-08-24 12:46:12'),
('0c034a8aa060ee268b35c80dc3f2e60431bfbd187233d937ab761799500953e4bdb768fcabc22adc',	1,	7,	'MedicalBreakThoughApp',	'[]',	0,	'2023-08-24 00:24:35',	'2023-08-24 00:24:35',	'2024-08-24 05:54:35'),
('12abd28159b6ae8333e48e3a78dae432e6f7d70ff1a804b8b53ad1632862e4d248826c18bdf29115',	1,	7,	'MedicalBreakThoughApp',	'[]',	0,	'2023-07-31 01:18:00',	'2023-07-31 01:18:01',	'2024-07-31 06:48:00'),
('14a8c34a017c10c322cf5497724a47e20f46f4445bf499912243d85d30de463d1c048dee54908946',	1,	7,	'MedicalBreakThoughApp',	'[]',	0,	'2023-07-18 07:05:11',	'2023-07-18 07:05:11',	'2024-07-18 12:35:11'),
('14d3ab2f55da929146ebd52f23c6d34670ffa92586274c4192bc9a336ef9ae0f24de7f74d2267411',	1,	7,	'MedicalBreakThoughApp',	'[]',	0,	'2023-07-29 04:02:44',	'2023-07-29 04:02:44',	'2024-07-29 09:32:44'),
('15cdf59e1129aefcf4394fded874e2d9af1be118c55c402e6f1ab7b1b5e45889e87e0d972a744df1',	1,	7,	'MedicalBreakThoughApp',	'[]',	0,	'2023-07-07 03:24:10',	'2023-07-07 03:24:10',	'2024-07-07 08:54:10'),
('1cb4775c56d56e01837ccc58a3eeb55456a8703f58d2b6e9ba635f60199fce63595f899601cba69c',	1,	7,	'MedicalBreakThoughApp',	'[]',	0,	'2023-08-01 01:16:39',	'2023-08-01 01:16:39',	'2024-08-01 06:46:39'),
('1fcdc3ef175957ac1c0c5932904abeed653b6d22d95c1af40f2189a45731b9177086df7f79252c75',	1,	7,	'MedicalBreakThoughApp',	'[]',	0,	'2023-07-18 04:35:08',	'2023-07-18 04:35:08',	'2024-07-18 10:05:08'),
('20daad40d17fe6228ddc6ed608f78d0305074416519300078cfc66ba500af5c04f4f30c06c49893d',	1,	7,	'MedicalBreakThoughApp',	'[]',	0,	'2023-06-27 00:22:54',	'2023-06-27 00:22:54',	'2024-06-27 05:52:54'),
('234178050f1fd12cb1d2cb6b72aee56ad8090a1c2bfd1258171a504aa2730ee6aedcc896f437aacc',	1,	7,	'MedicalBreakThoughApp',	'[]',	0,	'2023-07-28 03:15:28',	'2023-07-28 03:15:28',	'2024-07-28 08:45:28'),
('2620d6b56f7d217a86fafe706c30ff6b3d367f338ebffd6c66339b569e87005cc1d3ec2aa69b8e3e',	1,	7,	'MedicalBreakThoughApp',	'[]',	0,	'2023-07-17 07:45:35',	'2023-07-17 07:45:35',	'2024-07-17 13:15:35'),
('2717cf839f23798b0dcb2a60553b0732d48d25f8ed19ea9bc30fc8da38738adefd9178eb632a65fc',	1,	1,	'MedicalBreakThoughApp',	'[]',	0,	'2023-06-16 07:31:19',	'2023-06-16 07:31:19',	'2024-06-16 13:01:19'),
('28c5fa5c84a8e840d4bcd16045c00dff7e4d8fbda1f95cc21521c39d5a3cd44c9f94bd2e0203e911',	1,	7,	'MedicalBreakThoughApp',	'[]',	0,	'2023-07-28 03:18:48',	'2023-07-28 03:18:48',	'2024-07-28 08:48:48'),
('2af7df7c665a1c299972adce3cccd087161ce479bc46710a89e0d7165f6da7ddc5d5676f0a8db991',	1,	5,	'MedicalBreakThoughApp',	'[]',	0,	'2023-06-21 05:25:47',	'2023-06-21 05:25:47',	'2024-06-21 10:55:47'),
('2b88646d325c27277ec0d881722c388462864b5032d96a6944b75cb87611cfccaffb4315e84809e9',	1,	7,	'MedicalBreakThoughApp',	'[]',	0,	'2023-06-21 08:04:02',	'2023-06-21 08:04:02',	'2024-06-21 13:34:02'),
('30613ce0009196c47fb6bf7ad4e94944de96fe13fc69efef62b6b150b695d51e55c7e020229a1be9',	1,	1,	'MedicalBreakThoughApp',	'[]',	0,	'2023-06-16 07:31:09',	'2023-06-16 07:31:09',	'2024-06-16 13:01:09'),
('310dd2a779a231bb720ac16ebe9abdf181ba34e1a201f45924c865daa12b1b7405d45c4b59364cdc',	1,	7,	'MedicalBreakThoughApp',	'[]',	0,	'2023-07-18 03:41:41',	'2023-07-18 03:41:41',	'2024-07-18 09:11:41'),
('328c6f0ab4a28a8435de3ea6f862ba73c35452e079db6f0979463610d6a3da052cf66699655fb39b',	1,	7,	'MedicalBreakThoughApp',	'[]',	0,	'2023-08-09 23:49:19',	'2023-08-09 23:49:19',	'2024-08-10 05:19:19'),
('3651c10b25d4db9f6178d18cce8dbb55a86664de9e283af3960959060da081ce2b662ce3d302619e',	1,	7,	'MedicalBreakThoughApp',	'[]',	0,	'2023-07-31 01:00:34',	'2023-07-31 01:00:34',	'2024-07-31 06:30:34'),
('3cbcf21521c42e544522e66163f5214ab56e8049f93ea85f008813b15b6f5c281a0565094acd657a',	1,	1,	'MedicalBreakThoughApp',	'[]',	0,	'2023-06-14 05:27:17',	'2023-06-14 05:27:17',	'2024-06-14 10:57:17'),
('4126aee47abd68515524da0c9f3af90b31980efde05346bce24cf9151f8816fb25806399988752c3',	1,	7,	'MedicalBreakThoughApp',	'[]',	0,	'2023-08-10 06:51:09',	'2023-08-10 06:51:09',	'2024-08-10 12:21:09'),
('419fd6c707825db5a2420570a09c308b155ce46b442466cef243fbcd1f6c09dbfa96e4a7dacc9d56',	1,	1,	'MedicalBreakThoughApp',	'[]',	0,	'2023-06-16 07:29:13',	'2023-06-16 07:29:13',	'2024-06-16 12:59:13'),
('43f3c35e2e6e36406d4a35d238e9d279c506cfc414d967430b8c50cb7a45787f7d44f880173c5d05',	1,	7,	'MedicalBreakThoughApp',	'[]',	0,	'2023-06-27 07:04:36',	'2023-06-27 07:04:36',	'2024-06-27 12:34:36'),
('46a3833166bf7ee7993895d738bd125012d879c42fe188597d56c3fe7a8209b76cd966cec78c9e42',	1,	7,	'MedicalBreakThoughApp',	'[]',	0,	'2023-06-28 02:06:03',	'2023-06-28 02:06:03',	'2024-06-28 07:36:03'),
('4d02a496d7904da639808e60f7733fd73c297e2a4fcd9edd4af6d4778ee9820e2fbf0358a3a1dec2',	1,	5,	'MedicalBreakThoughApp',	'[]',	0,	'2023-06-21 03:37:23',	'2023-06-21 03:37:23',	'2024-06-21 09:07:23'),
('4d2846c10397e7e96ae21291b86d1fc3f1a308714d6f508abd2e35ec40e000d2ebcb2a5e019c304a',	1,	7,	'MedicalBreakThoughApp',	'[]',	0,	'2023-07-18 04:34:19',	'2023-07-18 04:34:19',	'2024-07-18 10:04:19'),
('4ec831afde3a8e765299d677503e4bf8a5a93f51c7c133ae8543c2783b046d699a7df06267e37767',	1,	7,	'MedicalBreakThoughApp',	'[]',	0,	'2023-07-03 09:37:49',	'2023-07-03 09:37:49',	'2024-07-03 15:07:49'),
('54024a2e1058226acf99a89f8d75e76d883d1bc0c1001a94873a000ba26d014d09d058951ff47286',	1,	7,	'MedicalBreakThoughApp',	'[]',	0,	'2023-08-24 00:23:45',	'2023-08-24 00:23:45',	'2024-08-24 05:53:45'),
('54e824f5b51f461704d3da1f041d138c589420a3264bb47cb8ba654b76b58c49b41c3eccc17383ea',	1,	1,	'MedicalBreakThoughApp',	'[]',	0,	'2023-06-14 01:56:43',	'2023-06-14 01:56:43',	'2024-06-14 07:26:43'),
('5732032540c40160f9a2d27647df9ddde7f5d609e86b8b7ea027c88120842c0f186ebd989a78196d',	1,	5,	'MedicalBreakThoughApp',	'[]',	0,	'2023-06-21 03:48:04',	'2023-06-21 03:48:04',	'2024-06-21 09:18:04'),
('57a550a54ef0983bd1d7c1ced203f2904d5651b35788bb9b42c8a543ade5472734b2a89f4a139429',	1,	7,	'MedicalBreakThoughApp',	'[]',	0,	'2023-08-07 06:19:54',	'2023-08-07 06:19:54',	'2024-08-07 11:49:54'),
('57b9d8f09a083d6f1d9f51ceb356f0198d9670f08fa607a7c26f9500d20b2085abac31554723c53c',	1,	7,	'MedicalBreakThoughApp',	'[]',	0,	'2023-08-24 04:35:39',	'2023-08-24 04:35:39',	'2024-08-24 10:05:39'),
('5ff9dfd44aa2634b93f9de5082c85567479fbca9778b9ff0fa4d613e7255e0f5154fc7aeb42339f6',	1,	7,	'MedicalBreakThoughApp',	'[]',	0,	'2023-07-13 06:10:20',	'2023-07-13 06:10:20',	'2024-07-13 11:40:20'),
('66dd5359c3262ec57498c7c3a8ab7b834636fc89fc4a7f2fc9fa668a7d4f8106e8605237df440a59',	1,	7,	'MedicalBreakThoughApp',	'[]',	0,	'2023-06-28 00:26:58',	'2023-06-28 00:26:58',	'2024-06-28 05:56:58'),
('6c2352c546df4722a4ec13a1ad6b77a09a8b44a95eccd02f1b0819d78e7091b64245be2d17ca5801',	1,	7,	'MedicalBreakThoughApp',	'[]',	0,	'2023-06-27 00:45:07',	'2023-06-27 00:45:07',	'2024-06-27 06:15:07'),
('6deb7d79d45571f13e93aa191c910e81147a4c068a8d7665470905cddf37c06a3e2808fd20b1c499',	1,	7,	'MedicalBreakThoughApp',	'[]',	0,	'2023-06-21 11:45:32',	'2023-06-21 11:45:32',	'2024-06-21 17:15:32'),
('715795ca348ef6337fca827d5d7360b22a389c5cc32ea2ec1c237920c7ce7d734d8bbe25f5a3c4c4',	1,	7,	'MedicalBreakThoughApp',	'[]',	0,	'2023-06-27 05:42:32',	'2023-06-27 05:42:32',	'2024-06-27 11:12:32'),
('7216e0cda01cdb3102093798fa1a803798233e159a7c166af4dec2e355c5add7dbc3dc57ef30f745',	1,	7,	'MedicalBreakThoughApp',	'[]',	0,	'2023-08-24 07:41:59',	'2023-08-24 07:41:59',	'2024-08-24 13:11:59'),
('79e6502ba677d543e243089b209717f3c3adfc4bef222101829d9ca2620165f9bcaf1bcca3a31aa3',	1,	7,	'MedicalBreakThoughApp',	'[]',	0,	'2023-08-24 03:42:15',	'2023-08-24 03:42:15',	'2024-08-24 09:12:15'),
('79e9a3964fc6966e5593fee99332fc9d9f3f97a89c694a9b81ceee4b914b66d53dfdf040454526d4',	1,	7,	'MedicalBreakThoughApp',	'[]',	0,	'2023-07-05 00:53:27',	'2023-07-05 00:53:27',	'2024-07-05 06:23:27'),
('7d25b850741c6e8b637240a5e6cf516fe9431f2d97a6afa9f5d62a3606cce0a15c52383c5d6ce918',	1,	7,	'MedicalBreakThoughApp',	'[]',	0,	'2023-07-07 00:44:49',	'2023-07-07 00:44:50',	'2024-07-07 06:14:49'),
('7df4f68871be84b4fb826c14e15774daf7396173fb7f4f614e5ffba73a36ec34cbc23b3985bec6d9',	1,	1,	'MedicalBreakThoughApp',	'[]',	0,	'2023-06-17 07:56:57',	'2023-06-17 07:56:57',	'2024-06-17 13:26:57'),
('7fe7c06f79e63db3543a55f8f68e7e61336db0c65ff96e80f764c5969a7873327bec36864dbbeefb',	1,	7,	'MedicalBreakThoughApp',	'[]',	0,	'2023-06-23 08:01:32',	'2023-06-23 08:01:32',	'2024-06-23 13:31:32'),
('83f253bb8760059e6e9b748e3f7f9368dd62ea2637f0651293710bb43b7d27ca3284b9f528dd3ee8',	1,	5,	'MedicalBreakThoughApp',	'[]',	0,	'2023-06-21 05:40:33',	'2023-06-21 05:40:33',	'2024-06-21 11:10:33'),
('844aef9328e653d2a447d2813481f1a377cd14538eeeae9e25c6494463efd0c91c6291e2b6107d7b',	1,	7,	'MedicalBreakThoughApp',	'[]',	0,	'2023-06-26 07:42:40',	'2023-06-26 07:42:40',	'2024-06-26 13:12:40'),
('85da8d8830fbbe3cbde7416319762432d8495ddb237998fa77d1db04b375eda1efcbcc246db8c4a9',	1,	7,	'MedicalBreakThoughApp',	'[]',	0,	'2023-07-04 00:14:44',	'2023-07-04 00:14:44',	'2024-07-04 05:44:44'),
('86ca34054ad384e31f0ee1fb33dcc25e5ef0de005c7abd0c3d274d25454fc118ee0be9bea3e977bb',	1,	7,	'MedicalBreakThoughApp',	'[]',	0,	'2023-07-31 01:12:48',	'2023-07-31 01:12:48',	'2024-07-31 06:42:48'),
('881c0fc3144de8e467bd1158c4eb87d99c143403ac9b99767835d37dbe6b8ade8782620919ee38f1',	1,	7,	'MedicalBreakThoughApp',	'[]',	0,	'2023-07-28 23:50:57',	'2023-07-28 23:50:57',	'2024-07-29 05:20:57'),
('8b04b709231865352527779d130980166d64d39ec4d33108471da3c9dfeb155d2bd757e8de51976c',	1,	7,	'MedicalBreakThoughApp',	'[]',	0,	'2023-07-21 07:53:02',	'2023-07-21 07:53:02',	'2024-07-21 13:23:02'),
('8b444612a7971ad7cd43217a2cda95f3b688b1de043e77a3f8a3876916cf95e8c0c655ea38fc84d3',	1,	1,	'MedicalBreakThoughApp',	'[]',	0,	'2023-06-17 04:28:48',	'2023-06-17 04:28:48',	'2024-06-17 09:58:48'),
('8df234e9546c66f9539ba2496ac38aaf35c31eea40d28d951019724734877c2c050f03d3104e4647',	1,	1,	'MedicalBreakThoughApp',	'[]',	0,	'2023-06-15 09:44:38',	'2023-06-15 09:44:38',	'2024-06-15 15:14:38'),
('8e01f14cf08c6f1c6d3cff0514f3dc3c42ad691dacd9a72e1a9ad379096a72e2d1c0a425a5bf8dc3',	1,	1,	'MedicalBreakThoughApp',	'[]',	0,	'2023-06-14 01:56:58',	'2023-06-14 01:56:58',	'2024-06-14 07:26:58'),
('91a7f627d5ca0a52bad2b6a62aeb52ae5b8c8691720f295ed41ebcd437b2599c8cbc8c34658c25e9',	1,	7,	'MedicalBreakThoughApp',	'[]',	0,	'2023-06-28 01:08:48',	'2023-06-28 01:08:48',	'2024-06-28 06:38:48'),
('976c4126c971f71ac1c3d87f55312965124f56cf2d6c9d87d6908c3c5348748409ded90510d5809b',	1,	1,	'MedicalBreakThoughApp',	'[]',	0,	'2023-06-16 07:12:21',	'2023-06-16 07:12:21',	'2024-06-16 12:42:21'),
('9c83f49265d9132c9a784eceea0f967172b77e980f9b1555c33d86623eeff311c336bfbe72771bc8',	1,	7,	'MedicalBreakThoughApp',	'[]',	0,	'2023-07-16 23:41:08',	'2023-07-16 23:41:08',	'2024-07-17 05:11:08'),
('a3f2018af6acd1ec707059f1b3a995fdc3fef34055579ba48896ffff772e95ced74fd9d476fc9abc',	1,	5,	'MedicalBreakThoughApp',	'[]',	0,	'2023-06-21 05:31:06',	'2023-06-21 05:31:06',	'2024-06-21 11:01:06'),
('a553557efa0d2246dbf9fd335651aaa71a9810d873210537a2043e8ae9f9d9e8cbcfdcfa0c0aae12',	1,	1,	'MedicalBreakThoughApp',	'[]',	0,	'2023-06-17 05:28:20',	'2023-06-17 05:28:20',	'2024-06-17 10:58:20'),
('a73a3e4e0ce706afeeeae910aa6c9bb199642c41703e43a31410ef7bca656fa48248534d8517fd05',	1,	5,	'MedicalBreakThoughApp',	'[]',	0,	'2023-06-21 07:40:43',	'2023-06-21 07:40:43',	'2024-06-21 13:10:43'),
('aff3546a6a2991d99ad11ca3b4abf812c0ab5112518845eddb2dbf35365845461d08202ee1bf4d58',	1,	7,	'MedicalBreakThoughApp',	'[]',	0,	'2023-08-08 23:33:33',	'2023-08-08 23:33:33',	'2024-08-09 05:03:33'),
('b2405e917c5bce792a9b6628b95ab5e143528c79afa33cb8f5b60fe916372999a13332ec16299732',	1,	1,	'MedicalBreakThoughApp',	'[]',	0,	'2023-06-14 07:10:41',	'2023-06-14 07:10:41',	'2024-06-14 12:40:41'),
('b4e2e20b84e5ea185045ddf37d8f3b22edd4e8bf2438f8aadb99c646b11c1820fb9fc50772947d69',	1,	7,	'MedicalBreakThoughApp',	'[]',	0,	'2023-07-12 07:22:21',	'2023-07-12 07:22:21',	'2024-07-12 12:52:21'),
('b6da140b925d41440bb148931cedc4d54f37f94599a840ce013774e21901e6e165f380b57a3e5e5d',	1,	1,	'MedicalBreakThoughApp',	'[]',	0,	'2023-06-14 12:19:53',	'2023-06-14 12:19:53',	'2024-06-14 17:49:53'),
('b807e5b892f925dfa3ad0ef1aefdbafc9b3b5cfcf5e9c3ee80dc052d984b34fb78414ad5d4c5c9b6',	1,	7,	'MedicalBreakThoughApp',	'[]',	0,	'2023-08-09 05:29:27',	'2023-08-09 05:29:27',	'2024-08-09 10:59:27'),
('b8554831c091df60fc80e2b27588665e1faffccd94944c6ab6518580d3a845229c5fbfc2e8fa3923',	1,	7,	'MedicalBreakThoughApp',	'[]',	0,	'2023-06-28 08:00:15',	'2023-06-28 08:00:15',	'2024-06-28 13:30:15'),
('b8cee07e665c351a5e474b459a4517b31028768accec66ea17109da14f023257231e06e7971fac31',	1,	5,	'MedicalBreakThoughApp',	'[]',	0,	'2023-06-21 06:59:16',	'2023-06-21 06:59:16',	'2024-06-21 12:29:16'),
('bc760d8812a46b1ba6421432d6175102e0d1dbcf9585984d1912268cdb9cae14ff8dd9f63ab3a048',	1,	7,	'MedicalBreakThoughApp',	'[]',	0,	'2023-07-28 03:26:33',	'2023-07-28 03:26:33',	'2024-07-28 08:56:33'),
('be65d3c8575cf330b00f7d5b57cb076225fea9bbbbb0e5cc50e525f49666653351473c6a9a43409d',	1,	1,	'MedicalBreakThoughApp',	'[]',	0,	'2023-06-16 23:52:59',	'2023-06-16 23:52:59',	'2024-06-17 05:22:59'),
('c30c71c0cf00c86ce2fdcff6e5f57a7738ce819259d021b1295f225cb6a14a0119c00064e3aefe31',	1,	7,	'MedicalBreakThoughApp',	'[]',	0,	'2023-07-04 08:06:36',	'2023-07-04 08:06:36',	'2024-07-04 13:36:36'),
('c5efa73a24d38ec5bc4284465c0bb27c31effb0d6329d02577163ac1551188457069eb7b2ddcd21b',	1,	7,	'MedicalBreakThoughApp',	'[]',	0,	'2023-07-03 23:34:48',	'2023-07-03 23:34:48',	'2024-07-04 05:04:48'),
('c73b643fd5108d95cee8cd4b275c84b796072be436b2ad6162d71371280a58337fe9f67a001b0d88',	1,	7,	'MedicalBreakThoughApp',	'[]',	0,	'2023-08-18 01:16:26',	'2023-08-18 01:16:26',	'2024-08-18 06:46:26'),
('c9c28aeea69eebb3d4f5a7cb14b7c368084e77c33c3a00719c6f6d580773d2ef74d3bc58eb27aade',	1,	7,	'MedicalBreakThoughApp',	'[]',	0,	'2023-07-31 01:29:10',	'2023-07-31 01:29:10',	'2024-07-31 06:59:10'),
('cc0e6910887b3710e2a865ea3e9dbc8d963f2b58cb052763cbb105553c15793326bc81261601e13d',	1,	7,	'MedicalBreakThoughApp',	'[]',	0,	'2023-06-23 07:42:38',	'2023-06-23 07:42:38',	'2024-06-23 13:12:38'),
('cd688902c3dbd17821bc4a3ea6467c01cc59424af4adc8af8aed16200e123ab88badaafec511f722',	1,	5,	'MedicalBreakThoughApp',	'[]',	0,	'2023-06-21 05:23:14',	'2023-06-21 05:23:14',	'2024-06-21 10:53:14'),
('d7193f3ea7c6f45af9bcd8d4f76256d443360fd34ba5368804035a9f64d50673f4b4508e785252ac',	1,	7,	'MedicalBreakThoughApp',	'[]',	0,	'2023-06-23 07:14:08',	'2023-06-23 07:14:09',	'2024-06-23 12:44:08'),
('d7b88063cf942605623ac4975ccc10f469e3b893d2889c5a566d8e6a4e9d94dfbde33c31e9d495ea',	1,	7,	'MedicalBreakThoughApp',	'[]',	0,	'2023-07-19 12:14:14',	'2023-07-19 12:14:14',	'2024-07-19 17:44:14'),
('dbece8a65da13cc98f68ae1b4b0155795db8e9de6fb810be6f4a61aeaf8185629d4e8575b64d178a',	1,	7,	'MedicalBreakThoughApp',	'[]',	0,	'2023-07-17 03:28:25',	'2023-07-17 03:28:25',	'2024-07-17 08:58:25'),
('dcc75b5497b6445fe4678382b3bfadf81d0b9d3b1329bb6f9cfb6c91b93b56274d952448f1f68e37',	1,	7,	'MedicalBreakThoughApp',	'[]',	0,	'2023-08-09 08:09:04',	'2023-08-09 08:09:05',	'2024-08-09 13:39:04'),
('ded06b3c1a083bb7abc07ef9b9ea5ec19831e007d7824a332311432ac6cdab8d411f72103f654215',	1,	7,	'MedicalBreakThoughApp',	'[]',	0,	'2023-07-28 07:32:07',	'2023-07-28 07:32:07',	'2024-07-28 13:02:07'),
('dff9b9a4a62c1c2bdd0c60fd87976fab16c34d60c19d7079e984cff1095692116f0555339329addc',	1,	1,	'MedicalBreakThoughApp',	'[]',	0,	'2023-06-19 06:36:01',	'2023-06-19 06:36:01',	'2024-06-19 12:06:01'),
('e0860e395296dda62725738665992a630c12ddaf22566216c66c20c405da3b64326ac2aa67de1a5b',	1,	7,	'MedicalBreakThoughApp',	'[]',	0,	'2023-06-21 07:49:02',	'2023-06-21 07:49:02',	'2024-06-21 13:19:02'),
('e0b920de0ed4a7613afee470ef0d0cf1e066bf278de9654efd1a6aa0193f8d813e7ad64cc1b2bb1c',	1,	7,	'MedicalBreakThoughApp',	'[]',	0,	'2023-08-18 01:42:16',	'2023-08-18 01:42:16',	'2024-08-18 07:12:16'),
('e663d73e2adbe3fe6744e5ab1ad9a741966263105660bb2475e7152f70c3b705e456e3095d13a697',	1,	7,	'MedicalBreakThoughApp',	'[]',	0,	'2023-08-08 23:55:36',	'2023-08-08 23:55:36',	'2024-08-09 05:25:36'),
('e883c4e225a7043ce766cbe05c8ec1f9e87fe01eb32fcbade4df7b1b4a5f3f2e2c77ab12cb597b1f',	1,	1,	'MedicalBreakThoughApp',	'[]',	0,	'2023-06-19 23:29:04',	'2023-06-19 23:29:04',	'2024-06-20 04:59:04'),
('ea8cadf8b54a91b0d14ea00f43aee9913ec05fbaea7c583fe8ee9dadbe60aa88add93af1d7bb3bf8',	1,	7,	'MedicalBreakThoughApp',	'[]',	0,	'2023-07-05 00:47:57',	'2023-07-05 00:47:57',	'2024-07-05 06:17:57'),
('f2851c7f87743d3e37923df6f92f512601088711f1fb09e4f805a12d8472d3209e721078a64005fb',	1,	7,	'MedicalBreakThoughApp',	'[]',	0,	'2023-08-09 00:48:03',	'2023-08-09 00:48:03',	'2024-08-09 06:18:03'),
('f616bca02704ed47052c2c849d2532fa4062bb1dc50a27f526f34041e6a94c6fa3021d9bcd2b1aa2',	1,	7,	'MedicalBreakThoughApp',	'[]',	0,	'2023-07-31 04:36:05',	'2023-07-31 04:36:05',	'2024-07-31 10:06:05'),
('ff3d9da4294cd12d9bbbdc161e4420ed3a33b81bb2d3d7d34f134105d7f09c6c1f2d5ae9d78ffd87',	1,	7,	'MedicalBreakThoughApp',	'[]',	0,	'2023-07-31 06:35:20',	'2023-07-31 06:35:20',	'2024-07-31 12:05:20');

DROP TABLE IF EXISTS `medical_oauth_auth_codes`;
CREATE TABLE `medical_oauth_auth_codes` (
  `id` varchar(100) CHARACTER SET utf8mb4 COLLATE utf8mb4_unicode_ci NOT NULL,
  `user_id` bigint unsigned NOT NULL,
  `client_id` bigint unsigned NOT NULL,
  `scopes` text CHARACTER SET utf8mb4 COLLATE utf8mb4_unicode_ci,
  `revoked` tinyint(1) NOT NULL,
  `expires_at` datetime DEFAULT NULL,
  PRIMARY KEY (`id`),
  KEY `medical_oauth_auth_codes_user_id_index` (`user_id`)
) ENGINE=InnoDB DEFAULT CHARSET=utf8mb4 COLLATE=utf8mb4_unicode_ci;


DROP TABLE IF EXISTS `medical_oauth_clients`;
CREATE TABLE `medical_oauth_clients` (
  `id` bigint unsigned NOT NULL AUTO_INCREMENT,
  `user_id` bigint unsigned DEFAULT NULL,
  `name` varchar(255) CHARACTER SET utf8mb4 COLLATE utf8mb4_unicode_ci NOT NULL,
  `secret` varchar(100) CHARACTER SET utf8mb4 COLLATE utf8mb4_unicode_ci DEFAULT NULL,
  `provider` varchar(255) CHARACTER SET utf8mb4 COLLATE utf8mb4_unicode_ci DEFAULT NULL,
  `redirect` text CHARACTER SET utf8mb4 COLLATE utf8mb4_unicode_ci NOT NULL,
  `personal_access_client` tinyint(1) NOT NULL,
  `password_client` tinyint(1) NOT NULL,
  `revoked` tinyint(1) NOT NULL,
  `created_at` timestamp NULL DEFAULT NULL,
  `updated_at` timestamp NULL DEFAULT NULL,
  PRIMARY KEY (`id`),
  KEY `medical_oauth_clients_user_id_index` (`user_id`)
) ENGINE=InnoDB DEFAULT CHARSET=utf8mb4 COLLATE=utf8mb4_unicode_ci;

INSERT INTO `medical_oauth_clients` (`id`, `user_id`, `name`, `secret`, `provider`, `redirect`, `personal_access_client`, `password_client`, `revoked`, `created_at`, `updated_at`) VALUES
(1,	NULL,	'Laravel Personal Access Client',	'4nI0MIdvc7GpyA3FElFP9kvivYeweQCzsM5lTiFD',	NULL,	'http://localhost',	1,	0,	0,	'2023-06-14 01:55:42',	'2023-06-14 01:55:42'),
(2,	NULL,	'Laravel Password Grant Client',	'074I3yRn8dqV0y0o3LgapTApldF4JSgKvkRMzthX',	'users',	'http://localhost',	0,	1,	0,	'2023-06-14 01:55:42',	'2023-06-14 01:55:42'),
(3,	NULL,	'Laravel Personal Access Client',	'oPZQGKdDf53emGbWPbeSAAOmpyk6yyhMIi1XzAqM',	NULL,	'http://localhost',	1,	0,	0,	'2023-06-21 03:32:47',	'2023-06-21 03:32:47'),
(4,	NULL,	'Laravel Password Grant Client',	'n4GFIMIws6oXcK6hzUHQ9QWJjA0VWkyIvgp1HVlE',	'users',	'http://localhost',	0,	1,	0,	'2023-06-21 03:32:47',	'2023-06-21 03:32:47'),
(5,	NULL,	'Laravel Personal Access Client',	'AsaD0XdjfLhfRoidMwbaARppuPzpHFblHmSLGMLQ',	NULL,	'http://localhost',	1,	0,	0,	'2023-06-21 03:36:44',	'2023-06-21 03:36:44'),
(6,	NULL,	'Laravel Password Grant Client',	'k5xgswcu7aOZ3FnwBX3UFln9NzK90ndpnLHcZbID',	'users',	'http://localhost',	0,	1,	0,	'2023-06-21 03:36:44',	'2023-06-21 03:36:44'),
(7,	NULL,	'Laravel Personal Access Client',	'C8o7yy0eYaT7xkiuNgxFFfZVYQOOJGwCp1AVMt6y',	NULL,	'http://localhost',	1,	0,	0,	'2023-06-21 07:48:01',	'2023-06-21 07:48:01'),
(8,	NULL,	'Laravel Password Grant Client',	'seYK7aRqaJIL3vUmTPZOac26h7llnikQTfSdFwry',	'users',	'http://localhost',	0,	1,	0,	'2023-06-21 07:48:01',	'2023-06-21 07:48:01');

DROP TABLE IF EXISTS `medical_oauth_personal_access_clients`;
CREATE TABLE `medical_oauth_personal_access_clients` (
  `id` bigint unsigned NOT NULL AUTO_INCREMENT,
  `client_id` bigint unsigned NOT NULL,
  `created_at` timestamp NULL DEFAULT NULL,
  `updated_at` timestamp NULL DEFAULT NULL,
  PRIMARY KEY (`id`)
) ENGINE=InnoDB DEFAULT CHARSET=utf8mb4 COLLATE=utf8mb4_unicode_ci;

INSERT INTO `medical_oauth_personal_access_clients` (`id`, `client_id`, `created_at`, `updated_at`) VALUES
(1,	1,	'2023-06-14 01:55:42',	'2023-06-14 01:55:42'),
(2,	3,	'2023-06-21 03:32:47',	'2023-06-21 03:32:47'),
(3,	5,	'2023-06-21 03:36:44',	'2023-06-21 03:36:44'),
(4,	7,	'2023-06-21 07:48:01',	'2023-06-21 07:48:01');

DROP TABLE IF EXISTS `medical_oauth_refresh_tokens`;
CREATE TABLE `medical_oauth_refresh_tokens` (
  `id` varchar(100) CHARACTER SET utf8mb4 COLLATE utf8mb4_unicode_ci NOT NULL,
  `access_token_id` varchar(100) CHARACTER SET utf8mb4 COLLATE utf8mb4_unicode_ci NOT NULL,
  `revoked` tinyint(1) NOT NULL,
  `expires_at` datetime DEFAULT NULL,
  PRIMARY KEY (`id`),
  KEY `medical_oauth_refresh_tokens_access_token_id_index` (`access_token_id`)
) ENGINE=InnoDB DEFAULT CHARSET=utf8mb4 COLLATE=utf8mb4_unicode_ci;


DROP TABLE IF EXISTS `medical_order_cust_sauna_options`;
CREATE TABLE `medical_order_cust_sauna_options` (
  `id` bigint unsigned NOT NULL AUTO_INCREMENT,
  `order_id` bigint unsigned NOT NULL,
  `textarea1` varchar(255) CHARACTER SET utf8mb4 COLLATE utf8mb4_unicode_ci DEFAULT NULL,
  `created_at` timestamp NULL DEFAULT NULL,
  `updated_at` timestamp NULL DEFAULT NULL,
  `textarea2` varchar(255) CHARACTER SET utf8mb4 COLLATE utf8mb4_unicode_ci DEFAULT NULL,
  `selectProgress` varchar(255) CHARACTER SET utf8mb4 COLLATE utf8mb4_unicode_ci DEFAULT NULL,
  `selectManufacturer` varchar(255) CHARACTER SET utf8mb4 COLLATE utf8mb4_unicode_ci DEFAULT NULL,
  `dateInValencia` date DEFAULT NULL,
  `commercialSaunaUsed10HoursADay,MakeItDoubleTheWood` varchar(255) CHARACTER SET utf8mb4 COLLATE utf8mb4_unicode_ci DEFAULT NULL,
  `dIFFERENTCOLORWoodWoodComesOutDifferentColor` varchar(255) CHARACTER SET utf8mb4 COLLATE utf8mb4_unicode_ci DEFAULT NULL,
  `tHINGLASSGlassIsVeryThin,WhenUsePushItBends` varchar(255) CHARACTER SET utf8mb4 COLLATE utf8mb4_unicode_ci DEFAULT NULL,
  `allSealsOnePieceLargeSaunas` varchar(255) CHARACTER SET utf8mb4 COLLATE utf8mb4_unicode_ci DEFAULT NULL,
  `tenGuysStandingOnSaunaVideo` varchar(255) CHARACTER SET utf8mb4 COLLATE utf8mb4_unicode_ci DEFAULT NULL,
  `demo&DetailedQualityVideo` varchar(255) CHARACTER SET utf8mb4 COLLATE utf8mb4_unicode_ci DEFAULT NULL,
  `packagingVideoSauna` varchar(255) CHARACTER SET utf8mb4 COLLATE utf8mb4_unicode_ci DEFAULT NULL,
  `manual` varchar(255) CHARACTER SET utf8mb4 COLLATE utf8mb4_unicode_ci DEFAULT NULL,
  PRIMARY KEY (`id`)
) ENGINE=InnoDB DEFAULT CHARSET=utf8mb4 COLLATE=utf8mb4_unicode_ci;


DROP TABLE IF EXISTS `medical_order_prod_infos`;
CREATE TABLE `medical_order_prod_infos` (
  `id` bigint unsigned NOT NULL AUTO_INCREMENT,
  `order_id` bigint unsigned NOT NULL,
  `product` varchar(255) CHARACTER SET utf8mb4 COLLATE utf8mb4_unicode_ci DEFAULT NULL,
  `created_at` timestamp NULL DEFAULT NULL,
  `updated_at` timestamp NULL DEFAULT NULL,
  `color` varchar(255) CHARACTER SET utf8mb4 COLLATE utf8mb4_unicode_ci DEFAULT NULL,
  `refurbishProduct` varchar(255) CHARACTER SET utf8mb4 COLLATE utf8mb4_unicode_ci DEFAULT NULL,
  `quantity` bigint DEFAULT NULL,
  `totalProductPrice` bigint DEFAULT NULL,
  `installationVideoCustomerDon'tKnowHowToIntsall` varchar(255) CHARACTER SET utf8mb4 COLLATE utf8mb4_unicode_ci DEFAULT NULL,
  PRIMARY KEY (`id`)
) ENGINE=InnoDB DEFAULT CHARSET=utf8mb4 COLLATE=utf8mb4_unicode_ci;


DROP TABLE IF EXISTS `medical_order_ship_options`;
CREATE TABLE `medical_order_ship_options` (
  `id` bigint unsigned NOT NULL AUTO_INCREMENT,
  `order_id` bigint unsigned NOT NULL,
  `howUrgentIsThisCustomer?` varchar(255) CHARACTER SET utf8mb4 COLLATE utf8mb4_unicode_ci DEFAULT NULL,
  `created_at` timestamp NULL DEFAULT NULL,
  `updated_at` timestamp NULL DEFAULT NULL,
  `customerShippingNotes` varchar(255) CHARACTER SET utf8mb4 COLLATE utf8mb4_unicode_ci DEFAULT NULL,
  `problemWithThisOrder` varchar(255) CHARACTER SET utf8mb4 COLLATE utf8mb4_unicode_ci DEFAULT NULL,
  `proof` varchar(255) CHARACTER SET utf8mb4 COLLATE utf8mb4_unicode_ci DEFAULT NULL,
  `firstDeliveryDriver` varchar(255) CHARACTER SET utf8mb4 COLLATE utf8mb4_unicode_ci DEFAULT NULL,
  `cosmeticDamageDamageDuringShipping` varchar(255) CHARACTER SET utf8mb4 COLLATE utf8mb4_unicode_ci DEFAULT NULL,
  `notInStock` varchar(255) CHARACTER SET utf8mb4 COLLATE utf8mb4_unicode_ci DEFAULT NULL,
  `inStockStuckInWareHouse` varchar(255) CHARACTER SET utf8mb4 COLLATE utf8mb4_unicode_ci DEFAULT NULL,
  `addToDriverList` varchar(255) CHARACTER SET utf8mb4 COLLATE utf8mb4_unicode_ci DEFAULT NULL,
  `pickup,CustomerReturn` varchar(255) CHARACTER SET utf8mb4 COLLATE utf8mb4_unicode_ci DEFAULT NULL,
  `swap` varchar(255) CHARACTER SET utf8mb4 COLLATE utf8mb4_unicode_ci DEFAULT NULL,
  `customerAlreadyHasProduct` varchar(255) CHARACTER SET utf8mb4 COLLATE utf8mb4_unicode_ci DEFAULT NULL,
  `holdUntilCustomerCalls` varchar(255) CHARACTER SET utf8mb4 COLLATE utf8mb4_unicode_ci DEFAULT NULL,
  `maxApproved,EvenIfNegative` varchar(255) CHARACTER SET utf8mb4 COLLATE utf8mb4_unicode_ci DEFAULT NULL,
  `reconsignToSomeoneElse` varchar(255) CHARACTER SET utf8mb4 COLLATE utf8mb4_unicode_ci DEFAULT NULL,
  `boughtFromThirdPartyWithWarranty` varchar(255) CHARACTER SET utf8mb4 COLLATE utf8mb4_unicode_ci DEFAULT NULL,
  `boughtFromThirdPartyWithoutWarranty` varchar(255) CHARACTER SET utf8mb4 COLLATE utf8mb4_unicode_ci DEFAULT NULL,
  `maxApproved,NotFraud` varchar(255) CHARACTER SET utf8mb4 COLLATE utf8mb4_unicode_ci DEFAULT NULL,
  `fraudOrder` varchar(255) CHARACTER SET utf8mb4 COLLATE utf8mb4_unicode_ci DEFAULT NULL,
  `removeFromShipping` varchar(255) CHARACTER SET utf8mb4 COLLATE utf8mb4_unicode_ci DEFAULT NULL,
  `checkCleared` varchar(255) CHARACTER SET utf8mb4 COLLATE utf8mb4_unicode_ci DEFAULT NULL,
  `customSaunaYouCanShip` varchar(255) CHARACTER SET utf8mb4 COLLATE utf8mb4_unicode_ci DEFAULT NULL,
  `abc` varchar(255) CHARACTER SET utf8mb4 COLLATE utf8mb4_unicode_ci DEFAULT NULL,
  `customSaunaFullyPaid,Don'tChargeThemAnymore` varchar(255) CHARACTER SET utf8mb4 COLLATE utf8mb4_unicode_ci DEFAULT NULL,
  `boughtFromADealer` varchar(255) CHARACTER SET utf8mb4 COLLATE utf8mb4_unicode_ci DEFAULT NULL,
  `doNotShip,NeedToVerfiy` varchar(255) CHARACTER SET utf8mb4 COLLATE utf8mb4_unicode_ci DEFAULT NULL,
  `willingToBeAReference` varchar(255) CHARACTER SET utf8mb4 COLLATE utf8mb4_unicode_ci DEFAULT NULL,
  `constructionCompany` varchar(255) CHARACTER SET utf8mb4 COLLATE utf8mb4_unicode_ci DEFAULT NULL,
  `designer` varchar(255) CHARACTER SET utf8mb4 COLLATE utf8mb4_unicode_ci DEFAULT NULL,
  PRIMARY KEY (`id`)
) ENGINE=InnoDB DEFAULT CHARSET=utf8mb4 COLLATE=utf8mb4_unicode_ci;


DROP TABLE IF EXISTS `medical_order_tops`;
CREATE TABLE `medical_order_tops` (
  `id` bigint unsigned NOT NULL AUTO_INCREMENT,
  `order_id` bigint unsigned NOT NULL,
  `1DaysWarrantyDate` varchar(255) CHARACTER SET utf8mb4 COLLATE utf8mb4_unicode_ci DEFAULT NULL,
  `created_at` timestamp NULL DEFAULT NULL,
  `updated_at` timestamp NULL DEFAULT NULL,
  `orderedDate` date DEFAULT NULL,
  `actualShip` varchar(255) CHARACTER SET utf8mb4 COLLATE utf8mb4_unicode_ci DEFAULT NULL,
  `salesChannelOrder` varchar(255) CHARACTER SET utf8mb4 COLLATE utf8mb4_unicode_ci DEFAULT NULL,
  `serialNumber` bigint DEFAULT NULL,
  `goldenDesignModel` varchar(255) CHARACTER SET utf8mb4 COLLATE utf8mb4_unicode_ci DEFAULT NULL,
  `caliLocal` varchar(255) CHARACTER SET utf8mb4 COLLATE utf8mb4_unicode_ci DEFAULT NULL,
  PRIMARY KEY (`id`)
) ENGINE=InnoDB DEFAULT CHARSET=utf8mb4 COLLATE=utf8mb4_unicode_ci;


DROP TABLE IF EXISTS `medical_orders`;
CREATE TABLE `medical_orders` (
  `id` bigint unsigned NOT NULL AUTO_INCREMENT,
  `uuid` char(36) CHARACTER SET utf8mb4 COLLATE utf8mb4_unicode_ci NOT NULL,
  `is_deleted` tinyint(1) NOT NULL DEFAULT '0',
  `created_at` timestamp NULL DEFAULT NULL,
  `updated_at` timestamp NULL DEFAULT NULL,
  PRIMARY KEY (`id`)
) ENGINE=InnoDB DEFAULT CHARSET=utf8mb4 COLLATE=utf8mb4_unicode_ci;


DROP TABLE IF EXISTS `medical_password_resets`;
CREATE TABLE `medical_password_resets` (
  `email` varchar(255) CHARACTER SET utf8mb4 COLLATE utf8mb4_unicode_ci NOT NULL,
  `token` varchar(255) CHARACTER SET utf8mb4 COLLATE utf8mb4_unicode_ci NOT NULL,
  `created_at` timestamp NULL DEFAULT NULL,
  KEY `medical_password_resets_email_index` (`email`)
) ENGINE=InnoDB DEFAULT CHARSET=utf8mb4 COLLATE=utf8mb4_unicode_ci;


DROP TABLE IF EXISTS `medical_personal_access_tokens`;
CREATE TABLE `medical_personal_access_tokens` (
  `id` bigint unsigned NOT NULL AUTO_INCREMENT,
  `tokenable_type` varchar(255) CHARACTER SET utf8mb4 COLLATE utf8mb4_unicode_ci NOT NULL,
  `tokenable_id` bigint unsigned NOT NULL,
  `name` varchar(255) CHARACTER SET utf8mb4 COLLATE utf8mb4_unicode_ci NOT NULL,
  `token` varchar(64) CHARACTER SET utf8mb4 COLLATE utf8mb4_unicode_ci NOT NULL,
  `abilities` text CHARACTER SET utf8mb4 COLLATE utf8mb4_unicode_ci,
  `last_used_at` timestamp NULL DEFAULT NULL,
  `expires_at` timestamp NULL DEFAULT NULL,
  `created_at` timestamp NULL DEFAULT NULL,
  `updated_at` timestamp NULL DEFAULT NULL,
  PRIMARY KEY (`id`),
  UNIQUE KEY `medical_personal_access_tokens_token_unique` (`token`),
  KEY `medical_personal_access_tokens_tokenable_type_tokenable_id_index` (`tokenable_type`,`tokenable_id`)
) ENGINE=InnoDB DEFAULT CHARSET=utf8mb4 COLLATE=utf8mb4_unicode_ci;


DROP TABLE IF EXISTS `medical_product_categories`;
CREATE TABLE `medical_product_categories` (
  `id` bigint unsigned NOT NULL AUTO_INCREMENT,
  `name` varchar(255) CHARACTER SET utf8mb4 COLLATE utf8mb4_unicode_ci DEFAULT NULL,
  `is_deleted` tinyint(1) NOT NULL DEFAULT '0',
  `is_active` tinyint NOT NULL DEFAULT '1',
  `parent_id` bigint unsigned NOT NULL DEFAULT '0',
  `created_at` timestamp NULL DEFAULT NULL,
  `updated_at` timestamp NULL DEFAULT NULL,
  `status` varchar(20) CHARACTER SET utf8mb4 COLLATE utf8mb4_unicode_ci DEFAULT NULL,
  `selectParentCategory` varchar(255) CHARACTER SET utf8mb4 COLLATE utf8mb4_unicode_ci DEFAULT NULL,
  `asdf` varchar(255) CHARACTER SET utf8mb4 COLLATE utf8mb4_unicode_ci DEFAULT NULL,
  `pleaseParentCategory` varchar(255) CHARACTER SET utf8mb4 COLLATE utf8mb4_unicode_ci DEFAULT NULL,
  `hjhjhj` varchar(255) CHARACTER SET utf8mb4 COLLATE utf8mb4_unicode_ci DEFAULT NULL,
  `genbder` varchar(255) CHARACTER SET utf8mb4 COLLATE utf8mb4_unicode_ci DEFAULT NULL,
  `e` varchar(255) CHARACTER SET utf8mb4 COLLATE utf8mb4_unicode_ci DEFAULT NULL,
  `w` varchar(255) CHARACTER SET utf8mb4 COLLATE utf8mb4_unicode_ci DEFAULT NULL,
  `dd` varchar(255) CHARACTER SET utf8mb4 COLLATE utf8mb4_unicode_ci DEFAULT NULL,
  PRIMARY KEY (`id`)
) ENGINE=InnoDB DEFAULT CHARSET=utf8mb4 COLLATE=utf8mb4_unicode_ci;

INSERT INTO `medical_product_categories` (`id`, `name`, `is_deleted`, `is_active`, `parent_id`, `created_at`, `updated_at`, `status`, `selectParentCategory`, `asdf`, `pleaseParentCategory`, `hjhjhj`, `genbder`, `e`, `w`, `dd`) VALUES
(1,	'Vehicle',	1,	1,	0,	NULL,	'2023-06-30 04:36:13',	'1',	NULL,	NULL,	NULL,	NULL,	NULL,	NULL,	NULL,	NULL),
(2,	'Electronics',	1,	1,	0,	NULL,	'2023-06-30 04:32:50',	'1',	NULL,	NULL,	NULL,	NULL,	NULL,	NULL,	NULL,	NULL),
(3,	'Moter cycle',	1,	1,	2,	NULL,	'2023-06-30 04:32:45',	NULL,	'2',	NULL,	NULL,	NULL,	NULL,	NULL,	NULL,	NULL),
(5,	'tv',	0,	1,	0,	'2023-06-27 04:07:40',	'2023-06-27 04:07:40',	'1',	NULL,	NULL,	NULL,	NULL,	NULL,	NULL,	NULL,	NULL),
(6,	'new mobile',	1,	1,	0,	'2023-06-27 04:07:50',	'2023-06-30 04:32:58',	'1',	NULL,	NULL,	NULL,	NULL,	NULL,	NULL,	NULL,	NULL),
(7,	'Colin Campbell',	1,	1,	0,	'2023-06-28 02:07:35',	'2023-06-28 04:57:19',	'DeActive',	'1',	NULL,	NULL,	NULL,	NULL,	NULL,	NULL,	NULL),
(8,	'pratik raviu',	1,	1,	0,	'2023-06-28 04:56:55',	'2023-06-28 04:57:14',	'DeActive',	'2',	NULL,	NULL,	NULL,	NULL,	NULL,	NULL,	NULL),
(9,	'asdasd',	0,	1,	0,	'2023-06-28 05:12:03',	'2023-06-28 05:12:03',	'Active',	NULL,	NULL,	NULL,	NULL,	NULL,	NULL,	NULL,	NULL),
(10,	'asdasd',	1,	1,	0,	'2023-06-28 05:12:26',	'2023-06-30 05:53:16',	'Active',	NULL,	NULL,	NULL,	NULL,	NULL,	NULL,	NULL,	NULL),
(11,	'asasd',	1,	1,	0,	'2023-06-28 05:15:01',	'2023-06-30 04:37:07',	'Active',	NULL,	NULL,	NULL,	NULL,	NULL,	NULL,	NULL,	NULL),
(12,	'aq',	0,	1,	0,	'2023-06-28 05:19:02',	'2023-06-28 05:19:02',	'Active',	NULL,	NULL,	NULL,	NULL,	NULL,	NULL,	NULL,	NULL),
(13,	'asas',	0,	1,	0,	'2023-06-28 05:23:55',	'2023-06-28 05:23:55',	'Active',	NULL,	NULL,	NULL,	NULL,	NULL,	NULL,	NULL,	NULL),
(14,	'Jack Good',	0,	1,	0,	'2023-06-28 05:24:57',	'2023-06-28 05:24:57',	'Active',	'13',	NULL,	NULL,	NULL,	NULL,	NULL,	NULL,	NULL),
(15,	'Fletcher Taylor',	0,	1,	0,	'2023-06-28 05:26:08',	'2023-06-28 05:26:08',	'DeActive',	'13',	NULL,	NULL,	NULL,	NULL,	NULL,	NULL,	NULL),
(16,	'qqqqqqqq',	0,	1,	0,	'2023-06-28 05:27:22',	'2023-06-28 05:27:22',	'Active',	NULL,	NULL,	NULL,	NULL,	NULL,	NULL,	NULL,	NULL),
(17,	'sdfg',	0,	1,	0,	'2023-06-28 05:36:55',	'2023-06-28 05:36:55',	'Active',	'13',	NULL,	NULL,	NULL,	NULL,	NULL,	NULL,	NULL),
(18,	'rrrr',	0,	1,	0,	'2023-06-28 05:43:20',	'2023-06-28 05:43:20',	'Active',	NULL,	NULL,	NULL,	NULL,	NULL,	NULL,	NULL,	NULL),
(19,	'asas',	1,	1,	0,	'2023-06-28 08:00:37',	'2023-06-30 04:37:32',	'Active',	'12',	NULL,	NULL,	NULL,	NULL,	NULL,	NULL,	NULL),
(20,	'pratik',	0,	1,	0,	'2023-06-29 13:40:06',	'2023-06-29 13:40:06',	'Active',	'9',	NULL,	NULL,	NULL,	NULL,	NULL,	NULL,	NULL),
(21,	'Sonya Howard',	0,	1,	0,	'2023-07-02 23:49:34',	'2023-07-02 23:49:34',	'Active',	'12',	NULL,	NULL,	NULL,	NULL,	NULL,	NULL,	NULL),
(22,	'Jayme Leblanc',	0,	1,	0,	'2023-07-02 23:49:39',	'2023-07-02 23:49:39',	'Active',	'18',	NULL,	NULL,	NULL,	NULL,	NULL,	NULL,	NULL),
(23,	'Josiah Swanson',	0,	1,	0,	'2023-07-02 23:49:47',	'2023-07-02 23:49:47',	'Active',	'18',	NULL,	NULL,	NULL,	NULL,	NULL,	NULL,	NULL),
(24,	'Yolanda Knight',	0,	1,	0,	'2023-07-02 23:49:54',	'2023-07-02 23:49:54',	'Active',	'9',	NULL,	NULL,	NULL,	NULL,	NULL,	NULL,	NULL),
(25,	'Ryder Brown',	0,	1,	0,	'2023-07-02 23:50:00',	'2023-07-02 23:50:00',	'Active',	'9',	NULL,	NULL,	NULL,	NULL,	NULL,	NULL,	NULL),
(26,	'Nerea Guzman',	0,	1,	0,	'2023-07-02 23:50:07',	'2023-07-03 05:54:00',	'DeActive',	'18',	NULL,	NULL,	NULL,	NULL,	NULL,	NULL,	NULL),
(27,	'Lysandra Maxwell',	0,	1,	0,	'2023-07-03 05:36:10',	'2023-07-03 05:36:17',	'DeActive',	'9',	NULL,	NULL,	NULL,	NULL,	NULL,	'bbbbb',	NULL),
(28,	'w',	0,	1,	0,	'2023-07-03 05:47:30',	'2023-07-03 05:47:37',	'DeActive',	'9',	NULL,	NULL,	NULL,	NULL,	NULL,	'bbbbb',	NULL),
(29,	'Candice Hull',	0,	1,	0,	'2023-07-03 05:48:17',	'2023-07-03 05:48:25',	'DeActive',	'18',	NULL,	NULL,	NULL,	NULL,	NULL,	'bbbbb',	NULL),
(30,	'kumar',	0,	1,	0,	'2023-08-17 03:39:34',	'2023-08-17 03:39:34',	'Active',	'9',	NULL,	NULL,	NULL,	NULL,	NULL,	NULL,	NULL),
(31,	'pratik vishwakarma',	0,	1,	0,	'2023-08-17 03:40:25',	'2023-08-17 03:40:25',	'Active',	'18',	NULL,	NULL,	NULL,	NULL,	NULL,	NULL,	NULL);

DROP TABLE IF EXISTS `medical_product_pro_attributes`;
CREATE TABLE `medical_product_pro_attributes` (
  `id` bigint unsigned NOT NULL AUTO_INCREMENT,
  `product_id` bigint unsigned NOT NULL,
  `glovePrice0` bigint DEFAULT NULL,
  `created_at` timestamp NULL DEFAULT NULL,
  `updated_at` timestamp NULL DEFAULT NULL,
  `gloveName0` varchar(255) CHARACTER SET utf8mb4 COLLATE utf8mb4_unicode_ci DEFAULT NULL,
  `default0` varchar(255) CHARACTER SET utf8mb4 COLLATE utf8mb4_unicode_ci DEFAULT NULL,
  `glovePrice1` bigint DEFAULT NULL,
  `gloveName1` varchar(255) CHARACTER SET utf8mb4 COLLATE utf8mb4_unicode_ci DEFAULT NULL,
  `default1` varchar(255) CHARACTER SET utf8mb4 COLLATE utf8mb4_unicode_ci DEFAULT NULL,
  `glovePrice2` bigint DEFAULT NULL,
  `gloveName2` varchar(255) CHARACTER SET utf8mb4 COLLATE utf8mb4_unicode_ci DEFAULT NULL,
  `default2` varchar(255) CHARACTER SET utf8mb4 COLLATE utf8mb4_unicode_ci DEFAULT NULL,
  `glovePrice3` bigint DEFAULT NULL,
  `gloveName3` varchar(255) CHARACTER SET utf8mb4 COLLATE utf8mb4_unicode_ci DEFAULT NULL,
  `default3` varchar(255) CHARACTER SET utf8mb4 COLLATE utf8mb4_unicode_ci DEFAULT NULL,
  `glovePrice4` bigint DEFAULT NULL,
  `default4` varchar(255) CHARACTER SET utf8mb4 COLLATE utf8mb4_unicode_ci DEFAULT NULL,
  `glovePrice5` bigint DEFAULT NULL,
  `gloveName5` varchar(255) CHARACTER SET utf8mb4 COLLATE utf8mb4_unicode_ci DEFAULT NULL,
  `default5` varchar(255) CHARACTER SET utf8mb4 COLLATE utf8mb4_unicode_ci DEFAULT NULL,
  `glovePrice6` bigint DEFAULT NULL,
  `gloveName6` varchar(255) CHARACTER SET utf8mb4 COLLATE utf8mb4_unicode_ci DEFAULT NULL,
  `default6` varchar(255) CHARACTER SET utf8mb4 COLLATE utf8mb4_unicode_ci DEFAULT NULL,
  `radio` varchar(255) CHARACTER SET utf8mb4 COLLATE utf8mb4_unicode_ci DEFAULT NULL,
  PRIMARY KEY (`id`),
  KEY `medical_product_pro_attributes_product_id_foreign` (`product_id`),
  CONSTRAINT `medical_product_pro_attributes_product_id_foreign` FOREIGN KEY (`product_id`) REFERENCES `medical_products` (`id`) ON DELETE CASCADE
) ENGINE=InnoDB DEFAULT CHARSET=utf8mb4 COLLATE=utf8mb4_unicode_ci;

INSERT INTO `medical_product_pro_attributes` (`id`, `product_id`, `glovePrice0`, `created_at`, `updated_at`, `gloveName0`, `default0`, `glovePrice1`, `gloveName1`, `default1`, `glovePrice2`, `gloveName2`, `default2`, `glovePrice3`, `gloveName3`, `default3`, `glovePrice4`, `default4`, `glovePrice5`, `gloveName5`, `default5`, `glovePrice6`, `gloveName6`, `default6`, `radio`) VALUES
(1,	14,	244,	NULL,	NULL,	'Mallory Gonzalez',	'Default0',	169,	'Jael Maxwell',	'Default1',	889,	'Bradley Mcneil',	'Default2',	693,	'Octavius Gilliam',	'Default3',	74,	'Default4',	625,	'Blair Terrell',	'Default5',	484,	'Victor Benson',	'Default6',	NULL),
(2,	15,	544123123,	NULL,	NULL,	'Mason Mcmahon',	'Default0',	702,	'Unity Petersen',	'Default1',	74,	'Iona Barrett',	'Default2',	452,	'Emerson Mack',	'Default3',	431,	'Default4',	171,	'Ciaran Summers',	'Default5',	919,	'Inga Nichols',	'Default6',	NULL),
(3,	18,	248,	NULL,	NULL,	'Rebecca Nguyen',	'Default0',	392,	'Jena Garner',	'Default1',	751,	'Kermit Peters',	'Default2',	434,	'Briar Young',	'Default3',	667,	'Default4',	787,	'Chancellor Miranda',	'Default5',	359,	'Bradley Mckenzie',	'Default6',	NULL),
(4,	17,	762,	NULL,	NULL,	'Basil Hewitt',	'Default0',	261,	'Martin Briggs',	'Default1',	391,	'Samuel Kane',	'Default2',	653,	'Patrick Alvarez',	'Default3',	442,	'Default4',	734,	'Ralph Roman',	'Default5',	990,	'Kareem Rodgers',	'Default6',	NULL),
(5,	16,	NULL,	NULL,	NULL,	NULL,	NULL,	123,	'asda',	'Default1',	12312,	'asd',	'Default2',	NULL,	NULL,	NULL,	NULL,	NULL,	NULL,	NULL,	NULL,	NULL,	NULL,	NULL,	NULL),
(6,	19,	181,	NULL,	NULL,	'Mannix Waller',	'Default0',	561,	'Genevieve Pittman',	'Default1',	953,	'Briar Rosales',	'Default2',	527,	'Keane Anthony',	'Default3',	968,	'Default4',	782,	'Kirby Todd',	'Default5',	997,	'Naida Hahn',	'Default6',	NULL),
(7,	22,	729,	NULL,	NULL,	'Tiger Hendrix',	'Default0',	105,	'Nayda Jacobson',	'Default1',	407,	'Trevor Guy',	'Default2',	716,	'Aubrey Powell',	'Default3',	534,	'Default4',	713,	'Wade Mccormick',	'Default5',	395,	'Regina Luna',	'Default6',	NULL),
(8,	45,	29,	NULL,	NULL,	'Wing Benton',	'Default0',	986,	'Calvin Saunders',	'Default1',	441,	'Keiko Cleveland',	'Default2',	673,	'Unity Stafford',	'Default3',	266,	'Default4',	142,	'William Torres',	'Default5',	796,	'Brenda Wagner',	'Default6',	NULL),
(9,	41,	232,	NULL,	NULL,	'Jeanette Glenn',	'Default0',	315,	'Molly Simpson',	'Default1',	448,	'Marny Good',	'Default2',	538,	'Lucy Baker',	'Default3',	123,	'Default4',	893,	'Nita Battle',	'Default5',	179,	'Theodore Walker',	'Default6',	NULL),
(10,	42,	448,	NULL,	NULL,	'Pearl Baker',	'Default0',	445,	'Charissa Huffman',	'Default1',	671,	'Magee Forbes',	'Default2',	531,	'Blake Mitchell',	'Default3',	920,	'Default4',	81,	'Dennis Mccoy',	'Default5',	767,	'Gemma Sherman',	'Default6',	NULL),
(11,	46,	974,	NULL,	NULL,	'Wyoming Cruz',	'Default0',	766,	'Kevyn Rasmussen',	'Default1',	642,	'Gregory Howell',	'Default2',	782,	'Micah Hooper',	'Default3',	621,	'Default4',	6,	'Jermaine Medina',	'Default5',	612,	'Melinda Bryant',	'Default6',	NULL),
(12,	47,	654,	NULL,	NULL,	'Veda Wright',	'Default0',	913,	'Barbara Griffin',	'Default1',	47,	'India Herring',	'Default2',	186,	'Brielle Rosa',	'Default3',	142,	'Default4',	820,	'Aspen Workman',	'Default5',	944,	'Rae Knox',	'Default6',	NULL),
(13,	48,	824,	NULL,	NULL,	'Seth Patton',	'Default0',	40,	'Montana Martin',	'Default1',	624,	'Vance Farmer',	'Default2',	974,	'Velma Cantrell',	'Default3',	822,	'Default4',	712,	'Cameron Kane',	'Default5',	189,	'Quentin Tran',	'Default6',	NULL);

DROP TABLE IF EXISTS `medical_product_pro_details`;
CREATE TABLE `medical_product_pro_details` (
  `id` bigint unsigned NOT NULL AUTO_INCREMENT,
  `product_id` bigint unsigned NOT NULL,
  `productName` varchar(255) CHARACTER SET utf8mb4 COLLATE utf8mb4_unicode_ci DEFAULT NULL,
  `created_at` timestamp NULL DEFAULT NULL,
  `updated_at` timestamp NULL DEFAULT NULL,
  `category` varchar(255) CHARACTER SET utf8mb4 COLLATE utf8mb4_unicode_ci DEFAULT NULL,
  `productImage` varchar(255) CHARACTER SET utf8mb4 COLLATE utf8mb4_unicode_ci DEFAULT NULL,
  `breakthroughImage` varchar(255) CHARACTER SET utf8mb4 COLLATE utf8mb4_unicode_ci DEFAULT NULL,
  `webSiteLink` varchar(255) CHARACTER SET utf8mb4 COLLATE utf8mb4_unicode_ci DEFAULT NULL,
  `status` varchar(255) CHARACTER SET utf8mb4 COLLATE utf8mb4_unicode_ci DEFAULT NULL,
  `serviceGallery` varchar(255) CHARACTER SET utf8mb4 COLLATE utf8mb4_unicode_ci DEFAULT NULL,
  `autoCheck` varchar(255) CHARACTER SET utf8mb4 COLLATE utf8mb4_unicode_ci DEFAULT NULL,
  `#OfItemInThisOrder` varchar(255) CHARACTER SET utf8mb4 COLLATE utf8mb4_unicode_ci DEFAULT NULL,
  `overBought` varchar(255) CHARACTER SET utf8mb4 COLLATE utf8mb4_unicode_ci DEFAULT NULL,
  `timeLeft` varchar(255) CHARACTER SET utf8mb4 COLLATE utf8mb4_unicode_ci DEFAULT NULL,
  `upSellItem1` varchar(255) CHARACTER SET utf8mb4 COLLATE utf8mb4_unicode_ci DEFAULT NULL,
  `projectName` varchar(255) CHARACTER SET utf8mb4 COLLATE utf8mb4_unicode_ci DEFAULT NULL,
  `breakthrough` varchar(255) CHARACTER SET utf8mb4 COLLATE utf8mb4_unicode_ci DEFAULT NULL,
  `commission` tinyint(1) DEFAULT NULL,
  `select` varchar(255) CHARACTER SET utf8mb4 COLLATE utf8mb4_unicode_ci DEFAULT NULL,
  `availableToDealerToSell` tinyint(1) DEFAULT NULL,
  `retailPrice` bigint DEFAULT NULL,
  `xprice` bigint DEFAULT NULL,
  `monthly` bigint DEFAULT NULL,
  `discount` varchar(20) CHARACTER SET utf8mb4 COLLATE utf8mb4_unicode_ci DEFAULT NULL,
  `customPrice` bigint DEFAULT NULL,
  `itemInThisOrder` bigint DEFAULT NULL,
  `display` varchar(255) CHARACTER SET utf8mb4 COLLATE utf8mb4_unicode_ci DEFAULT NULL,
  `name` varchar(255) CHARACTER SET utf8mb4 COLLATE utf8mb4_unicode_ci DEFAULT NULL,
  `price` bigint DEFAULT NULL,
  `w` varchar(255) CHARACTER SET utf8mb4 COLLATE utf8mb4_unicode_ci DEFAULT NULL,
  PRIMARY KEY (`id`),
  KEY `medical_product_pro_details_product_id_foreign` (`product_id`),
  CONSTRAINT `medical_product_pro_details_product_id_foreign` FOREIGN KEY (`product_id`) REFERENCES `medical_products` (`id`) ON DELETE CASCADE
) ENGINE=InnoDB DEFAULT CHARSET=utf8mb4 COLLATE=utf8mb4_unicode_ci;

INSERT INTO `medical_product_pro_details` (`id`, `product_id`, `productName`, `created_at`, `updated_at`, `category`, `productImage`, `breakthroughImage`, `webSiteLink`, `status`, `serviceGallery`, `autoCheck`, `#OfItemInThisOrder`, `overBought`, `timeLeft`, `upSellItem1`, `projectName`, `breakthrough`, `commission`, `select`, `availableToDealerToSell`, `retailPrice`, `xprice`, `monthly`, `discount`, `customPrice`, `itemInThisOrder`, `display`, `name`, `price`, `w`) VALUES
(1,	3,	'Celling Fan',	NULL,	NULL,	'2',	'https://www.digiprima.com/images/event/digiprima_webp',	'https://www.digiprima.com/images/event/digiprima_webp',	'https://www.digiprima.com',	'1',	'https://www.digiprima.com/images/event/digiprima_webp',	'1',	NULL,	NULL,	'32',	NULL,	NULL,	NULL,	NULL,	NULL,	NULL,	NULL,	NULL,	NULL,	NULL,	NULL,	NULL,	NULL,	NULL,	NULL,	NULL),
(2,	4,	'Digip',	NULL,	NULL,	'2',	'https://www.digiprima.com/images/event/digiprima_webp',	'https://www.digiprima.com/images/event/digiprima_webp',	'https://www.digiprima.com',	'1',	'https://www.digiprima.com/images/event/digiprima_webp',	'1',	NULL,	NULL,	'32',	NULL,	NULL,	NULL,	NULL,	NULL,	NULL,	NULL,	NULL,	NULL,	NULL,	NULL,	NULL,	NULL,	NULL,	NULL,	NULL),
(3,	5,	'Digip',	NULL,	NULL,	'2',	'https://www.digiprima.com/images/event/digiprima_webp',	'https://www.digiprima.com/images/event/digiprima_webp',	'https://www.digiprima.com',	'1',	'https://www.digiprima.com/images/event/digiprima_webp',	'1',	NULL,	NULL,	'32',	NULL,	NULL,	NULL,	NULL,	NULL,	NULL,	NULL,	NULL,	NULL,	NULL,	NULL,	NULL,	NULL,	NULL,	NULL,	NULL),
(4,	8,	NULL,	NULL,	NULL,	'Sauna-Resort',	'Voluptas sequi et ad',	NULL,	'https://www.tyqitebybodegy.org',	'Active',	NULL,	NULL,	NULL,	'10',	'12:15',	NULL,	'Reed Osborn',	'Ab expedita enim qua',	1,	'bike',	1,	468,	736,	7,	'100%',	554,	2,	'1',	'Jerry Lancaster',	72,	NULL),
(5,	9,	NULL,	NULL,	NULL,	'Sauna-Resort',	'Velit voluptate veli',	NULL,	'https://www.sytuwawifyfyxet.co',	'Active',	NULL,	NULL,	NULL,	'60',	'14:15',	NULL,	'Erin Obrien',	'Aliquam amet sed de',	1,	'bike',	1,	956,	37,	5,	'100%',	992,	1,	'0',	'Phyllis Fernandez',	138,	NULL),
(6,	10,	NULL,	NULL,	NULL,	'Guru Kripa',	'Sunt ut a eius esse',	NULL,	'https://www.piqemasopokefaw.tv',	'Deactive',	NULL,	NULL,	NULL,	'15',	'11:45',	NULL,	'Urielle Bauer',	'Ad eveniet dolore l',	0,	'car',	0,	259,	943,	4,	'75%',	849,	1,	'1',	'Maisie Mcclain',	460,	NULL),
(7,	11,	NULL,	NULL,	NULL,	'Sauna-Resort',	'Error illum et blan',	NULL,	'https://www.qoz.biz',	'Deactive',	NULL,	NULL,	NULL,	'75',	'17:30',	NULL,	'Ora Stephens',	'Laborum repellendus',	1,	'bike',	1,	479,	958,	9,	'100%',	370,	1,	'1',	'Quinn Curry',	201,	NULL),
(8,	12,	NULL,	NULL,	NULL,	'Guru Kripa',	'Ea sint ad voluptate',	NULL,	'https://www.lubikiw.biz',	'Deactive',	NULL,	NULL,	NULL,	'32',	'19:15',	NULL,	'Jameson Hardingd',	'Voluptas sit do eos',	1,	'bike',	0,	267,	966,	8,	'75%',	732,	2,	'0',	'Reece Bauer',	506,	NULL),
(9,	13,	NULL,	NULL,	NULL,	'6',	'Autem quas atque mol',	NULL,	'https://www.dekypygyquvik.me',	'Active',	NULL,	NULL,	NULL,	'10',	'10:45',	NULL,	'Xena Sherman',	'Quibusdam voluptas b',	1,	'bike',	0,	103,	559,	3,	'100%',	967,	2,	'0',	'Benjamin Hewitt',	106,	NULL),
(10,	14,	NULL,	NULL,	NULL,	'5',	'Et autem ipsum vel',	NULL,	'https://www.galisi.cc',	'Active',	NULL,	NULL,	NULL,	'8',	'15:15',	NULL,	'Marcia Small',	'Ipsum aut pariatur',	0,	'bike',	1,	324,	600,	7,	'100%',	74645678,	2,	'1',	'Camilla Hendrix',	188,	NULL),
(11,	15,	NULL,	NULL,	NULL,	'1',	'Nisi voluptatibus hi',	NULL,	'https://www.falihahozur.cm',	'Deactive',	NULL,	NULL,	NULL,	'17',	'20:00',	NULL,	'Rae Vinsonasas',	'Odit officia repudia',	0,	'car',	0,	849,	303,	7,	'100%',	286,	2,	'0',	'Gage Haley',	681,	NULL),
(12,	16,	NULL,	NULL,	NULL,	'2',	'Nihil quas pariatur',	NULL,	'https://www.bifyved.biz',	'Active',	NULL,	NULL,	NULL,	'70',	'16:45',	NULL,	'Murphy Crane jjjj',	'Deserunt fugiat sun',	1,	'car',	1,	776,	218,	10,	'75%',	259,	1732,	'1',	'Noelani Cameron',	696,	NULL),
(13,	17,	NULL,	NULL,	NULL,	'5',	'Occaecat nostrud Nam',	NULL,	'https://www.dysogenugicyg.mobi',	'Active',	NULL,	NULL,	NULL,	'69',	'05:00',	NULL,	'Hedley Gilbert',	'Dolor necessitatibus',	1,	'bike',	1,	853,	345,	4,	'75%',	350,	1731,	'0',	'Jorden Juarez',	578,	NULL),
(14,	18,	NULL,	NULL,	NULL,	'18',	'Do harum cumque cupi',	NULL,	'https://www.kavemykokuluh.co.uk',	'Deactive',	NULL,	NULL,	NULL,	'24',	'06:30',	NULL,	'Kai Foreman',	'Aliqua Sunt qui at',	0,	'bike',	1,	263,	139,	11,	'100%',	945,	1731,	'1',	'Zenaida Prince',	285,	NULL),
(15,	19,	NULL,	NULL,	NULL,	'16',	'Dolorem non lorem la',	NULL,	'https://www.tiw.cm',	'Deactive',	NULL,	NULL,	NULL,	'31',	'20:30',	NULL,	'Avye Bates',	'Delectus et autem d',	0,	'bike',	1,	13,	410,	10,	'100%',	623,	1732,	'1',	'Carter Hunter',	152,	NULL),
(16,	20,	NULL,	NULL,	NULL,	'12',	'raju',	NULL,	'https://www.solyny.mobi',	'Active',	NULL,	NULL,	NULL,	'92',	'22:15',	NULL,	'Brenna Nunez',	'Ducimus harum corru',	1,	'bike',	1,	597,	171,	2,	'100%',	242,	1732,	'0',	'Kathleen Lara',	508,	NULL),
(17,	21,	NULL,	NULL,	NULL,	'17',	'https://www.pexels.com/search/product/',	NULL,	'https://www.vuk.me.uk',	'Active',	NULL,	NULL,	NULL,	'94',	'02:00',	NULL,	'Catherine Fulton',	'Lorem sapiente repel',	1,	'bike',	1,	502,	50,	2,	'100%',	515,	1732,	'1',	'Barbara Whitley',	810,	NULL),
(18,	22,	NULL,	NULL,	NULL,	'16',	'https://encrypted-tbn0.gstatic.com/images?q=tbn:ANd9GcTHZAq08u4YaR0Jsu2CgeptdxC74y-9QEeFYEAb6YHP&s',	NULL,	'https://www.sisewopehydobe.net',	'Active',	NULL,	NULL,	NULL,	'59',	'16:00',	NULL,	'Davis Brewer',	'Quo officiis aliqua',	0,	'bike',	0,	833,	25,	4,	'75%',	895,	1732,	'0',	'Eden Oliver',	723,	NULL),
(19,	23,	NULL,	NULL,	NULL,	'14',	NULL,	NULL,	'https://www.rypefalov.biz',	'Deactive',	NULL,	NULL,	NULL,	'83',	'22:00',	NULL,	'Sigourney Fowler',	'Nulla aut aut placea',	1,	'bike',	0,	875,	953,	3,	'100%',	696,	1732,	'1',	'Molly Waller',	380,	NULL),
(20,	24,	NULL,	NULL,	NULL,	'18',	NULL,	NULL,	'https://www.gylopuzaqysyky.mobi',	'Active',	NULL,	NULL,	NULL,	'55',	'05:30',	NULL,	'Liberty Lawrence',	'Et est voluptas inve',	1,	'car',	0,	731,	962,	7,	'75%',	106,	1731,	'0',	'Caryn Harrison',	546,	NULL),
(21,	25,	NULL,	NULL,	NULL,	'9',	NULL,	NULL,	'https://www.cyjutajomixo.net',	'Deactive',	NULL,	NULL,	NULL,	'64',	'06:15',	NULL,	'Rina Crossfgh',	'Magnam voluptatem te',	1,	'bike',	1,	84,	366,	7,	'75%',	852,	1732,	'1',	'Conan Sexton',	985,	NULL),
(22,	26,	NULL,	NULL,	NULL,	'17',	NULL,	NULL,	'https://www.gisezybyhagecib.info',	'Active',	NULL,	NULL,	NULL,	'16',	'15:30',	NULL,	'Geoffrey Mccullough',	'Possimus proident',	1,	'car',	1,	542,	199,	8,	'100%',	111,	1731,	'0',	'Amethyst Santana',	399,	NULL),
(23,	27,	NULL,	NULL,	NULL,	'13',	'https://cdn.pixabay.com/photo/2015/04/19/08/32/marguerite-729510_1280.jpg',	NULL,	'https://www.nexoreziciry.biz',	'Active',	NULL,	NULL,	NULL,	'5',	'18:30',	NULL,	'Anastasia Richardson',	'Dolore ut ratione ei',	1,	'car',	0,	209,	36,	11,	'75%',	183,	1732,	'1',	'Veda Summers',	464,	NULL),
(24,	28,	NULL,	NULL,	NULL,	'20',	'Rerum voluptatem ea',	NULL,	'https://www.jyjobowaziranut.us',	'Deactive',	NULL,	NULL,	NULL,	'88',	'03:00',	NULL,	'Cara Carver',	'Qui cillum voluptate',	1,	'bike',	1,	398,	647,	8,	'100%',	61,	1732,	'1',	'Brody Harper',	741,	NULL),
(25,	29,	NULL,	NULL,	NULL,	'21',	NULL,	NULL,	'https://www.zojivyfipimif.org.uk',	'Active',	NULL,	NULL,	NULL,	'58',	'09:15',	NULL,	'Odessa Freeman',	'Eius aut quae harum',	1,	'bike',	1,	255,	533,	1,	'100%',	65,	1732,	'0',	'Stephanie Hendricks',	857,	NULL),
(26,	30,	NULL,	NULL,	NULL,	'12',	NULL,	NULL,	'https://www.rofywob.net',	'Active',	NULL,	NULL,	NULL,	'100',	'16:00',	NULL,	'Erica Nash',	'Numquam velit odio f',	1,	'car',	1,	757,	334,	2,	'100%',	75,	1731,	'0',	'Cally Greene',	879,	NULL),
(27,	31,	NULL,	NULL,	NULL,	'9',	NULL,	NULL,	'https://www.gocabe.in',	'Active',	NULL,	NULL,	NULL,	'16',	'13:15',	NULL,	'Catherine Jones',	'Inventore molestiae',	0,	'car',	1,	60,	642,	8,	'100%',	845,	1732,	'1',	'Mariko Wolfe',	51,	NULL),
(28,	32,	NULL,	NULL,	NULL,	'9',	NULL,	NULL,	'https://www.wopelelofem.me',	'Active',	NULL,	NULL,	NULL,	'44',	'15:30',	NULL,	'Montana Howard',	'Velit eveniet ulla',	1,	'car',	0,	254,	337,	8,	'75%',	326,	1731,	'0',	'Tatum Taylor',	460,	NULL),
(29,	33,	NULL,	NULL,	NULL,	'16',	'Autem fugiat vel es',	NULL,	'https://www.hojusemyv.cc',	'Deactive',	NULL,	NULL,	NULL,	'76',	'14:30',	NULL,	'Seth Mclean',	'Aperiam ad est qui',	1,	'car',	0,	239,	7,	1,	'100%',	927,	1732,	'0',	'Kelly Mcpherson',	757,	NULL),
(30,	34,	NULL,	NULL,	NULL,	'16',	'Dolores laboriosam',	NULL,	'https://www.vovevi.us',	'Active',	NULL,	NULL,	NULL,	'22',	'18:15',	NULL,	'Seth Mclean',	'Mollit dignissimos s',	0,	'bike',	0,	293,	850,	5,	'100%',	356,	1731,	'1',	'Ann Dickerson',	189,	NULL),
(31,	35,	NULL,	NULL,	NULL,	'14',	'Molestias voluptatum',	NULL,	'https://www.ravytudirubi.cm',	'Deactive',	NULL,	NULL,	NULL,	'85',	'12:30',	NULL,	'Seth Mclean',	'Vel voluptas deserun',	1,	'bike',	1,	149,	547,	3,	'75%',	123,	1731,	'1',	'Rigel Ortiz',	86,	NULL),
(32,	36,	NULL,	NULL,	NULL,	'16',	'Laborum sit itaque',	NULL,	'https://www.gocinawygu.tv',	'Active',	NULL,	NULL,	NULL,	'63',	'18:00',	NULL,	'Seth Mclean',	'Vel aut sit cumque',	0,	'bike',	0,	221,	405,	3,	'75%',	443,	1731,	'0',	'Ginger Webster',	927,	NULL),
(33,	37,	NULL,	NULL,	NULL,	'18',	'Fugiat doloribus tem',	NULL,	'https://www.tyhycufejy.info',	'Deactive',	NULL,	NULL,	NULL,	'81',	'06:15',	NULL,	'Seth Mclean',	'Ex facilis rem est h',	1,	'car',	0,	450,	506,	3,	'100%',	430,	1732,	'1',	'Constance Harding',	116,	NULL),
(34,	38,	NULL,	NULL,	NULL,	'9',	'Ad architecto ea vol',	NULL,	'https://www.tugor.mobi',	'Deactive',	NULL,	NULL,	NULL,	'4',	'14:15',	NULL,	'Seth Mclean',	'Dolor omnis molestia',	1,	'car',	1,	842,	382,	6,	'100%',	726,	1731,	'1',	'Christen Combs',	401,	NULL),
(35,	39,	NULL,	NULL,	NULL,	'23',	'Cum corrupti dignis',	NULL,	'https://www.qekokoj.ca',	'Active',	NULL,	NULL,	NULL,	'15',	'04:30',	NULL,	'Seth Mclean',	'A corrupti et hic v',	0,	'car',	1,	767,	901,	5,	'75%',	679,	1732,	'1',	'Hamish Wall',	824,	NULL),
(36,	40,	NULL,	NULL,	NULL,	'20',	'Pariatur Reprehende',	NULL,	'https://www.mekyfory.us',	'Active',	NULL,	NULL,	NULL,	'94',	'22:45',	NULL,	'Seth Mclean',	'In quia veniam quo',	0,	'bike',	0,	163,	336,	7,	'100%',	15,	1731,	'0',	'Russell Munoz',	834,	NULL),
(37,	41,	NULL,	NULL,	NULL,	'16',	'Fugiat minus ex ad',	NULL,	'https://www.miwezyziteva.biz',	'Active',	NULL,	NULL,	NULL,	'96',	'08:00',	NULL,	'Seth Mclean',	'Est maiores aliquid',	0,	'car',	0,	409,	881,	9,	'75%',	162,	1732,	'1',	'Lynn Burt',	887,	NULL),
(38,	42,	NULL,	NULL,	NULL,	'16',	'Unde quo quam eaque',	NULL,	'https://www.mypac.cc',	'Deactive',	NULL,	NULL,	NULL,	'82',	'23:00',	NULL,	'Seth Mclean',	'In assumenda rem qui',	0,	'bike',	0,	783,	523,	12,	'100%',	728,	1731,	'1',	'Theodore Santana',	652,	NULL),
(39,	43,	NULL,	NULL,	NULL,	'17',	'Laborum Ut sapiente',	NULL,	'https://www.jokedifo.org.au',	'Deactive',	NULL,	NULL,	NULL,	'5',	'09:30',	NULL,	'Seth Mclean',	'Aperiam neque libero',	1,	'car',	0,	442,	733,	5,	'100%',	569,	1732,	'1',	'Wynne Everett',	451,	NULL),
(40,	44,	NULL,	NULL,	NULL,	'18',	'Consectetur ut omnis',	NULL,	'https://www.xanalabafuzo.tv',	'Active',	NULL,	NULL,	NULL,	'96',	'18:00',	NULL,	'Seth Mclean',	'Qui omnis ab aut mod',	1,	'bike',	0,	101,	75,	10,	'75%',	885,	1732,	'1',	'Josiah Williams',	715,	NULL),
(41,	45,	NULL,	NULL,	NULL,	'12',	'Qui reprehenderit ap',	NULL,	'https://www.qyzymedeqa.co',	'Deactive',	NULL,	NULL,	NULL,	'24',	'06:30',	NULL,	'Seth Mclean',	'Impedit animi cons',	1,	'bike',	1,	117,	936,	11,	'100%',	929,	1731,	'1',	'Hedy Gutierrez',	666,	NULL),
(42,	46,	NULL,	NULL,	NULL,	'21',	'Quidem inventore ea',	NULL,	'https://www.rinu.me.uk',	'Deactive',	NULL,	NULL,	NULL,	'7',	'01:45',	NULL,	'Inez Weaver',	'Autem et voluptate v',	0,	'bike',	0,	5,	69,	9,	'100%',	679,	1732,	'1',	'Elvis Crosby',	539,	NULL),
(43,	47,	NULL,	NULL,	NULL,	'23',	'Harum qui quam ut in',	NULL,	'https://www.pyxatih.cm',	'Active',	NULL,	NULL,	NULL,	'77',	'18:45',	NULL,	'Stacey Johns',	'Est at exercitation',	0,	'bike',	1,	88,	40,	2,	'75%',	194,	1732,	'0',	'Tate Hudson',	844,	NULL),
(44,	48,	NULL,	NULL,	NULL,	'22',	'Fugiat rem molestia',	NULL,	'https://www.nalirotu.mobi',	'Deactive',	NULL,	NULL,	NULL,	'5',	'08:30',	NULL,	'Sandra Jarvis',	'Quis vero ullam fugi',	0,	'bike',	1,	546,	270,	3,	'100%',	590,	1732,	'0',	'Ulysses Hunter',	379,	NULL),
(45,	49,	NULL,	NULL,	NULL,	'20',	'Earum veniam dolore',	NULL,	'https://www.vuziqumataw.co.uk',	'Deactive',	NULL,	NULL,	NULL,	'25',	'07:30',	NULL,	'Elton Mathews',	'Soluta aut dolore es',	0,	'bike',	0,	972,	146,	12,	'75%',	312,	1732,	'1',	'Griffith Campos',	520,	NULL);

DROP TABLE IF EXISTS `medical_product_pro_prices`;
CREATE TABLE `medical_product_pro_prices` (
  `id` bigint unsigned NOT NULL AUTO_INCREMENT,
  `product_id` bigint unsigned NOT NULL,
  `retailPrice` varchar(255) CHARACTER SET utf8mb4 COLLATE utf8mb4_unicode_ci DEFAULT NULL,
  `created_at` timestamp NULL DEFAULT NULL,
  `updated_at` timestamp NULL DEFAULT NULL,
  `xPrice` varchar(255) CHARACTER SET utf8mb4 COLLATE utf8mb4_unicode_ci DEFAULT NULL,
  `customPrice` varchar(255) CHARACTER SET utf8mb4 COLLATE utf8mb4_unicode_ci DEFAULT NULL,
  `keyFeatureTitle` varchar(255) CHARACTER SET utf8mb4 COLLATE utf8mb4_unicode_ci DEFAULT NULL,
  `keyFeatureImage` varchar(255) CHARACTER SET utf8mb4 COLLATE utf8mb4_unicode_ci DEFAULT NULL,
  `itemName` varchar(255) CHARACTER SET utf8mb4 COLLATE utf8mb4_unicode_ci DEFAULT NULL,
  `itemSubtext` varchar(255) CHARACTER SET utf8mb4 COLLATE utf8mb4_unicode_ci DEFAULT NULL,
  `itemTip` varchar(255) CHARACTER SET utf8mb4 COLLATE utf8mb4_unicode_ci DEFAULT NULL,
  `grouponTitle` varchar(255) CHARACTER SET utf8mb4 COLLATE utf8mb4_unicode_ci DEFAULT NULL,
  `grouponPrice` bigint DEFAULT NULL,
  `grouponBanner` varchar(255) CHARACTER SET utf8mb4 COLLATE utf8mb4_unicode_ci DEFAULT NULL,
  `priceIncreasesIn` bigint DEFAULT NULL,
  `priceIncreasesBy` bigint DEFAULT NULL,
  `displayColors` tinyint(1) DEFAULT NULL,
  `color1Name` varchar(255) CHARACTER SET utf8mb4 COLLATE utf8mb4_unicode_ci DEFAULT NULL,
  `instock&Active` tinyint(1) DEFAULT NULL,
  `color1LargePictures` varchar(255) CHARACTER SET utf8mb4 COLLATE utf8mb4_unicode_ci DEFAULT NULL,
  `color1SmallPictures` varchar(255) CHARACTER SET utf8mb4 COLLATE utf8mb4_unicode_ci DEFAULT NULL,
  `color2Name` varchar(255) CHARACTER SET utf8mb4 COLLATE utf8mb4_unicode_ci DEFAULT NULL,
  `instock2&Active` tinyint(1) DEFAULT NULL,
  `color2LargePicture` varchar(255) CHARACTER SET utf8mb4 COLLATE utf8mb4_unicode_ci DEFAULT NULL,
  `color2SmallPicture` varchar(255) CHARACTER SET utf8mb4 COLLATE utf8mb4_unicode_ci DEFAULT NULL,
  `color3Name` varchar(255) CHARACTER SET utf8mb4 COLLATE utf8mb4_unicode_ci DEFAULT NULL,
  `instock3&Active` tinyint(1) DEFAULT NULL,
  `color3LargePicture` varchar(255) CHARACTER SET utf8mb4 COLLATE utf8mb4_unicode_ci DEFAULT NULL,
  `color3SmallPicture` varchar(255) CHARACTER SET utf8mb4 COLLATE utf8mb4_unicode_ci DEFAULT NULL,
  `color4Name` varchar(255) CHARACTER SET utf8mb4 COLLATE utf8mb4_unicode_ci DEFAULT NULL,
  `instock4&Active` tinyint(1) DEFAULT NULL,
  `color4LargePicture` varchar(255) CHARACTER SET utf8mb4 COLLATE utf8mb4_unicode_ci DEFAULT NULL,
  `color4SmallPicture` varchar(255) CHARACTER SET utf8mb4 COLLATE utf8mb4_unicode_ci DEFAULT NULL,
  `gloveName4` varchar(255) CHARACTER SET utf8mb4 COLLATE utf8mb4_unicode_ci DEFAULT NULL,
  `w` varchar(255) CHARACTER SET utf8mb4 COLLATE utf8mb4_unicode_ci DEFAULT NULL,
  PRIMARY KEY (`id`),
  KEY `medical_product_pro_prices_product_id_foreign` (`product_id`),
  CONSTRAINT `medical_product_pro_prices_product_id_foreign` FOREIGN KEY (`product_id`) REFERENCES `medical_products` (`id`) ON DELETE CASCADE
) ENGINE=InnoDB DEFAULT CHARSET=utf8mb4 COLLATE=utf8mb4_unicode_ci;

INSERT INTO `medical_product_pro_prices` (`id`, `product_id`, `retailPrice`, `created_at`, `updated_at`, `xPrice`, `customPrice`, `keyFeatureTitle`, `keyFeatureImage`, `itemName`, `itemSubtext`, `itemTip`, `grouponTitle`, `grouponPrice`, `grouponBanner`, `priceIncreasesIn`, `priceIncreasesBy`, `displayColors`, `color1Name`, `instock&Active`, `color1LargePictures`, `color1SmallPictures`, `color2Name`, `instock2&Active`, `color2LargePicture`, `color2SmallPicture`, `color3Name`, `instock3&Active`, `color3LargePicture`, `color3SmallPicture`, `color4Name`, `instock4&Active`, `color4LargePicture`, `color4SmallPicture`, `gloveName4`, `w`) VALUES
(1,	3,	'310',	NULL,	NULL,	'120',	'211',	NULL,	NULL,	NULL,	NULL,	NULL,	NULL,	NULL,	NULL,	NULL,	NULL,	NULL,	NULL,	NULL,	NULL,	NULL,	NULL,	NULL,	NULL,	NULL,	NULL,	NULL,	NULL,	NULL,	NULL,	NULL,	NULL,	NULL,	NULL,	NULL),
(2,	14,	NULL,	NULL,	NULL,	NULL,	NULL,	'Aut excepteur in ut',	'Dicta nihil debitis',	'Valentine West',	'Elit qui dignissimo',	'Blanditiis placeat',	'Labore quaerat persp',	212,	'Quos saepe in doloru',	390,	834,	1,	'white',	1,	'Saepe voluptates eli',	'Dolore suscipit ulla',	'cream white',	1,	'Dicta ipsam et in cu',	'Temporibus ipsum ex',	'yellow',	0,	'Voluptas aut dolore',	'Nihil pariatur Cons',	'tan',	0,	'Adipisci quis qui ne',	'Exercitation do vita',	'Lynn Leach',	NULL),
(3,	15,	NULL,	NULL,	NULL,	NULL,	NULL,	'Provident consectet',	'Quam voluptatem aspe',	'Lee Baird',	'Voluptate est dolore',	'Optio duis ut cupid',	'Ex aperiam sunt nob',	840,	'Nisi velit sint labo',	764,	787,	1,	'white',	1,	'Esse voluptate possi',	'Perspiciatis volupt',	'cream white',	1,	'Ad praesentium Nam i',	'Quod in dolores volu',	'red',	1,	'Velit minus nisi et',	'Consectetur necessi',	'tan',	1,	'Nesciunt veniam el',	'Quaerat officia et i',	'Camilla Greene',	NULL),
(4,	17,	NULL,	NULL,	NULL,	NULL,	NULL,	'Temporibus non solut',	'Aliqua Sunt non ex',	'Xander Emerson',	'Sint culpa ut expli',	'Nisi laborum sint id',	'Officia non sit vol',	214,	'Sunt assumenda nostr',	14,	504,	1,	'black',	0,	'Minus odit aut tempo',	'Ipsam ratione aut ve',	'black',	1,	'Quisquam fugiat ess',	'Cumque soluta suscip',	'yellow',	0,	'Commodo cupiditate t',	'Quis et rem modi id',	'red',	1,	'Illo eum ducimus ut',	'Dolorem tenetur dolo',	'Whoopi Mcdowell',	NULL),
(5,	18,	NULL,	NULL,	NULL,	NULL,	NULL,	'Qui unde sit nisi i',	'Dicta commodi ex dol',	'Hoyt Gamble',	'Pariatur Eum eius s',	'Non consequatur Dol',	'Quas pariatur Quis',	740,	'Id id quis eius sint',	534,	466,	0,	'white',	0,	'Ut commodi deleniti',	'Vitae accusantium si',	'cream white',	1,	'Exercitation libero',	'Et cum ipsam et corr',	'yellow',	0,	'In fugiat sint volu',	'Dolore sed quod exer',	'red',	1,	'Id exercitation eius',	'Ea cupidatat sint d',	'Simon Duncan',	NULL),
(6,	19,	NULL,	NULL,	NULL,	NULL,	NULL,	'Qui sit sunt quia e',	'Eum velit iste in n',	'Idona Boyle',	'Earum nulla magnam f',	'In corrupti magni n',	'Minima at qui qui re',	149,	'Est in veniam persp',	405,	60,	1,	'white',	0,	'Sint ut anim illum',	'Maiores voluptatum i',	'cream white',	0,	'Excepturi dolorem iu',	'Culpa laboriosam ve',	'yellow',	0,	'In sint officia simi',	'Aspernatur minus rec',	'tan',	1,	'Nostrum unde officia',	'Vel unde adipisci es',	'Tobias Atkinson',	NULL),
(7,	39,	NULL,	NULL,	NULL,	NULL,	NULL,	'Suscipit est sit cup',	'Et labore nesciunt',	'Lee Sandoval',	'Vero eaque necessita',	'Amet sit consequat',	'Anim duis possimus',	770,	'Culpa vero ex ut pr',	887,	456,	0,	'white',	0,	'Dolores similique es',	'Officiis voluptatem',	'black',	0,	'In sed ea quo aspern',	'Voluptatem fuga Num',	'yellow',	0,	'Architecto elit qui',	'Excepteur temporibus',	'tan',	0,	'Quo tempora voluptat',	'Eum minus quia et du',	'Malcolm Day',	NULL),
(8,	45,	NULL,	NULL,	NULL,	NULL,	NULL,	'Sint vitae sint rat',	'Deleniti quis quis i',	'Gretchen Mcintyre',	'Fugit magna nisi ea',	'Culpa aut molestias',	'Veniam ut aliquip n',	978,	'Dolor aliqua Labore',	214,	140,	1,	'white',	1,	'Atque ipsa ipsum s',	'Modi esse cumque co',	'cream white',	0,	'Quis facilis consequ',	'Et ut nihil qui esse',	'yellow',	0,	'Atque nihil ut maior',	'Voluptatum in non ip',	'tan',	1,	'Numquam molestiae mi',	'Consequatur nisi au',	'Simone Bowers',	NULL),
(9,	44,	NULL,	NULL,	NULL,	NULL,	NULL,	'Cupiditate asperiore',	'Sequi recusandae Eo',	'Jessamine Barry',	'Eos alias sed conse',	'Irure molestias volu',	'Quia qui saepe facil',	839,	'Omnis velit incidunt',	560,	648,	0,	'black',	1,	'Exercitationem totam',	'Labore cum reiciendi',	'cream white',	1,	'Doloremque inventore',	'Eum sunt ipsam alias',	'yellow',	0,	'Voluptatem Sit sun',	'Molestiae aut evenie',	'red',	0,	'Ipsum autem esse pe',	'Dolorem sit enim es',	'Silas Hahn',	NULL);

DROP TABLE IF EXISTS `medical_product_pro_ship_prices`;
CREATE TABLE `medical_product_pro_ship_prices` (
  `id` bigint unsigned NOT NULL AUTO_INCREMENT,
  `product_id` bigint unsigned NOT NULL,
  `shipPrice` varchar(255) CHARACTER SET utf8mb4 COLLATE utf8mb4_unicode_ci DEFAULT NULL,
  `created_at` timestamp NULL DEFAULT NULL,
  `updated_at` timestamp NULL DEFAULT NULL,
  `actualWhileGloveCost` varchar(255) CHARACTER SET utf8mb4 COLLATE utf8mb4_unicode_ci DEFAULT NULL,
  `freeShipping+Cur` varchar(255) CHARACTER SET utf8mb4 COLLATE utf8mb4_unicode_ci DEFAULT NULL,
  `default` varchar(20) CHARACTER SET utf8mb4 COLLATE utf8mb4_unicode_ci DEFAULT NULL,
  `rushShipping` tinyint(1) DEFAULT NULL,
  `nickName` varchar(255) CHARACTER SET utf8mb4 COLLATE utf8mb4_unicode_ci DEFAULT NULL,
  `disabled` tinyint(1) DEFAULT NULL,
  `e` varchar(255) CHARACTER SET utf8mb4 COLLATE utf8mb4_unicode_ci DEFAULT NULL,
  PRIMARY KEY (`id`),
  KEY `medical_product_pro_ship_prices_product_id_foreign` (`product_id`),
  CONSTRAINT `medical_product_pro_ship_prices_product_id_foreign` FOREIGN KEY (`product_id`) REFERENCES `medical_products` (`id`) ON DELETE CASCADE
) ENGINE=InnoDB DEFAULT CHARSET=utf8mb4 COLLATE=utf8mb4_unicode_ci;

INSERT INTO `medical_product_pro_ship_prices` (`id`, `product_id`, `shipPrice`, `created_at`, `updated_at`, `actualWhileGloveCost`, `freeShipping+Cur`, `default`, `rushShipping`, `nickName`, `disabled`, `e`) VALUES
(1,	14,	'538',	NULL,	NULL,	'87',	'Quam aliquid nulla v',	'Default',	1,	'Merritt Carney',	1,	NULL),
(2,	15,	'126',	NULL,	NULL,	'63',	'Maiores deleniti ea',	'Default',	0,	'Odette Delaney',	1,	NULL),
(3,	18,	'941',	NULL,	NULL,	'22',	'Non iusto impedit l',	'Default',	1,	'Cole Wells',	1,	NULL),
(4,	19,	'534',	NULL,	NULL,	'45',	'Autem ipsum error in',	'Default',	1,	'Odette Daniels',	1,	NULL),
(5,	45,	'461',	NULL,	NULL,	'91',	'Nesciunt harum duis',	'Default',	0,	'Quamar Swanson',	1,	NULL),
(6,	44,	'939',	NULL,	NULL,	'63',	'Eiusmod dolore quod',	'Default',	0,	'Knox Randall',	0,	NULL);

DROP TABLE IF EXISTS `medical_products`;
CREATE TABLE `medical_products` (
  `id` bigint unsigned NOT NULL AUTO_INCREMENT,
  `uuid` char(36) CHARACTER SET utf8mb4 COLLATE utf8mb4_unicode_ci NOT NULL,
  `is_deleted` tinyint(1) NOT NULL DEFAULT '0',
  `created_at` timestamp NULL DEFAULT NULL,
  `updated_at` timestamp NULL DEFAULT NULL,
  PRIMARY KEY (`id`)
) ENGINE=InnoDB DEFAULT CHARSET=utf8mb4 COLLATE=utf8mb4_unicode_ci;

INSERT INTO `medical_products` (`id`, `uuid`, `is_deleted`, `created_at`, `updated_at`) VALUES
(3,	'7f263917-68f5-48c6-996e-43d829ef6c0d',	1,	'2023-06-27 07:21:33',	'2023-06-28 03:25:05'),
(4,	'0e928df3-54cc-40a6-944f-609f3717fc64',	1,	'2023-06-27 08:05:48',	'2023-06-28 03:25:03'),
(5,	'cd990c9d-3800-4c96-8a9b-2b949406fedc',	1,	'2023-06-27 08:06:19',	'2023-06-28 03:24:57'),
(6,	'9d1f861c-7ac7-4e4d-b22f-8248547b5b43',	1,	'2023-06-28 03:10:03',	'2023-06-28 03:24:55'),
(7,	'009c233f-175e-447e-85e6-3e3b2e3c5d85',	1,	'2023-06-28 03:12:27',	'2023-06-28 03:24:54'),
(8,	'b85006cb-717f-464e-9c72-c17b94aec41a',	1,	'2023-06-28 03:15:34',	'2023-06-28 04:20:57'),
(9,	'e9a0c38c-b493-424c-862b-80e9f8d3334a',	1,	'2023-06-28 03:16:00',	'2023-06-28 04:20:55'),
(10,	'697643cc-61f4-4bab-bddb-b644a0b99616',	1,	'2023-06-28 03:17:18',	'2023-06-28 04:20:54'),
(11,	'75bfeb23-bc5d-4011-8cea-cb85f3169962',	1,	'2023-06-28 03:19:18',	'2023-06-28 04:20:52'),
(12,	'091cdc92-da27-4bc0-a01b-5b80f12c7faa',	1,	'2023-06-28 03:25:22',	'2023-06-28 04:20:50'),
(13,	'a155705a-4e25-48a9-ac08-f71645948f6f',	1,	'2023-06-28 04:12:19',	'2023-06-28 04:45:38'),
(14,	'e445452e-811c-4800-b348-75a068d271a1',	1,	'2023-06-28 04:21:03',	'2023-06-28 07:41:42'),
(15,	'd39e6a7e-521e-4e05-848e-60f04ac5543a',	1,	'2023-06-28 04:38:19',	'2023-06-28 07:41:41'),
(16,	'c59bc195-d3b9-4891-bb98-9d15373ad36b',	1,	'2023-06-28 04:56:01',	'2023-06-28 07:41:39'),
(17,	'dbfb6873-04c1-4332-b3f8-650bf2d3c2a3',	1,	'2023-06-28 04:58:30',	'2023-06-28 07:41:37'),
(18,	'5876e6fc-098f-4fde-a354-78209d333a2d',	1,	'2023-06-28 05:16:59',	'2023-06-28 07:41:36'),
(19,	'cdfb4406-7840-4701-9066-549112a46a30',	1,	'2023-06-28 06:13:21',	'2023-06-28 07:41:32'),
(20,	'9c96a402-3f6d-435a-b200-fda44e9acf54',	1,	'2023-06-28 06:46:05',	'2023-06-28 07:41:29'),
(21,	'42286519-8978-4f86-a950-7450fd21d941',	1,	'2023-06-28 07:08:30',	'2023-06-28 07:41:27'),
(22,	'b3bde959-b484-4db5-91da-442a765fb691',	0,	'2023-06-28 07:31:39',	'2023-06-28 07:31:39'),
(23,	'2dd1a7f5-a1cd-47e2-a88c-12c4f576f13e',	0,	'2023-06-28 07:40:28',	'2023-06-28 07:40:28'),
(24,	'c1450abb-f78e-4a64-8d26-292e62667deb',	0,	'2023-06-28 07:47:50',	'2023-06-28 07:47:50'),
(25,	'55f34fa4-29a2-4670-a7e5-033919af8bee',	0,	'2023-06-28 07:51:01',	'2023-06-28 07:51:01'),
(26,	'4c64efc5-a093-4001-898d-ac96d30977b4',	0,	'2023-06-28 09:09:03',	'2023-06-28 09:09:03'),
(27,	'f7416841-e9f4-45ef-a86b-81874d9feb1e',	0,	'2023-06-29 13:41:15',	'2023-06-29 13:41:15'),
(28,	'c7a91480-1596-4bd4-b391-be92d9fd683b',	0,	'2023-06-30 01:55:29',	'2023-06-30 01:55:29'),
(29,	'b78d5a00-ff1b-4d00-859a-8eaed14ae147',	0,	'2023-07-03 23:59:57',	'2023-07-03 23:59:57'),
(30,	'aca5bde2-f7d8-4258-9188-ea4333e2f02c',	0,	'2023-07-04 00:00:14',	'2023-07-04 00:00:14'),
(31,	'7838f858-cfb0-4518-88e7-66bd31347d12',	0,	'2023-07-04 00:00:26',	'2023-07-04 00:00:26'),
(32,	'8e8a7a8d-184c-4a4b-99fb-4a520917c1f5',	0,	'2023-07-04 00:00:42',	'2023-07-04 00:00:42'),
(33,	'4be2dc1b-da1e-4bb5-8825-951ef01ace2f',	0,	'2023-07-04 00:38:04',	'2023-07-04 00:38:04'),
(34,	'88642cae-972e-4fee-a34e-1472ecc20033',	0,	'2023-07-04 00:38:12',	'2023-07-04 00:38:12'),
(35,	'a78669bf-4a14-4a30-bb25-fa3a549d1710',	0,	'2023-07-04 00:38:21',	'2023-07-04 00:38:21'),
(36,	'52df2ce7-3d3a-41f0-9e0f-1dd18aa8743a',	0,	'2023-07-04 00:38:30',	'2023-07-04 00:38:30'),
(37,	'4b2e6cc8-e7cd-4820-a81c-278e6aa240c6',	0,	'2023-07-04 00:38:39',	'2023-07-04 00:38:39'),
(38,	'5a85e9ab-edde-4928-8a52-9391ff548b29',	0,	'2023-07-04 00:38:47',	'2023-07-04 00:38:47'),
(39,	'61b080b7-f909-4162-bbd3-e94d87a5faca',	0,	'2023-07-04 00:38:54',	'2023-07-04 00:38:54'),
(40,	'd16438c1-193b-4e0c-8bc9-18fbe1fd52fb',	0,	'2023-07-04 00:39:01',	'2023-07-04 00:39:01'),
(41,	'1b1f0682-687a-4bac-9a5c-952870952949',	0,	'2023-07-04 00:39:13',	'2023-07-04 00:39:13'),
(42,	'a73f996c-1c14-4f7b-81e1-19a4f1f82a47',	0,	'2023-07-04 00:39:20',	'2023-07-04 00:39:20'),
(43,	'f3cf4861-1e91-4845-bb21-1aa68aaeeeae',	0,	'2023-07-04 00:39:28',	'2023-07-04 00:39:28'),
(44,	'8e4ab4d6-9dec-4a1e-977d-53a13ac79a1a',	0,	'2023-07-04 00:39:35',	'2023-07-04 00:39:35'),
(45,	'c9d74110-2d94-4506-bfca-d52770f31197',	0,	'2023-07-04 00:39:45',	'2023-07-04 00:39:45'),
(46,	'0728a1e8-da8e-4832-872f-1d14968c0c89',	0,	'2023-07-12 03:49:46',	'2023-07-12 03:49:46'),
(47,	'd1506208-6d2f-4890-abb5-3ac83ddfafaf',	1,	'2023-07-12 03:50:22',	'2023-07-27 00:00:26'),
(48,	'2731bb0e-b529-490b-829d-a02c5b25787f',	1,	'2023-07-12 05:11:05',	'2023-07-27 00:00:24'),
(49,	'f1d8ae89-933a-4df8-b29c-f049c0788cde',	1,	'2023-07-12 06:06:51',	'2023-07-27 00:00:21');

DROP TABLE IF EXISTS `medical_quote_cont_informations`;
CREATE TABLE `medical_quote_cont_informations` (
  `id` bigint unsigned NOT NULL AUTO_INCREMENT,
  `quote_id` bigint unsigned NOT NULL,
  `lead_id` int unsigned DEFAULT NULL,
  `createdOn` varchar(255) CHARACTER SET utf8mb4 COLLATE utf8mb4_unicode_ci DEFAULT NULL,
  `created_at` timestamp NULL DEFAULT NULL,
  `updated_at` timestamp NULL DEFAULT NULL,
  `product` varchar(255) CHARACTER SET utf8mb4 COLLATE utf8mb4_unicode_ci DEFAULT NULL,
  `shipping` varchar(255) CHARACTER SET utf8mb4 COLLATE utf8mb4_unicode_ci DEFAULT NULL,
  `color` varchar(255) CHARACTER SET utf8mb4 COLLATE utf8mb4_unicode_ci DEFAULT NULL,
  `paymentMethod` varchar(255) CHARACTER SET utf8mb4 COLLATE utf8mb4_unicode_ci DEFAULT NULL,
  `authorizeNetTransactionID` varchar(255) CHARACTER SET utf8mb4 COLLATE utf8mb4_unicode_ci DEFAULT NULL,
  `salesOrderChannel` varchar(255) CHARACTER SET utf8mb4 COLLATE utf8mb4_unicode_ci DEFAULT NULL,
  `qwe` varchar(255) CHARACTER SET utf8mb4 COLLATE utf8mb4_unicode_ci DEFAULT NULL,
  `test` tinyint(1) DEFAULT NULL,
  `w` varchar(255) CHARACTER SET utf8mb4 COLLATE utf8mb4_unicode_ci DEFAULT NULL,
  `radio` varchar(255) CHARACTER SET utf8mb4 COLLATE utf8mb4_unicode_ci DEFAULT NULL,
  `r` varchar(255) CHARACTER SET utf8mb4 COLLATE utf8mb4_unicode_ci DEFAULT NULL,
  `gender` varchar(255) CHARACTER SET utf8mb4 COLLATE utf8mb4_unicode_ci DEFAULT NULL,
  `s` varchar(255) CHARACTER SET utf8mb4 COLLATE utf8mb4_unicode_ci DEFAULT NULL,
  PRIMARY KEY (`id`),
  KEY `medical_quote_cont_informations_quote_id_foreign` (`quote_id`),
  CONSTRAINT `medical_quote_cont_informations_quote_id_foreign` FOREIGN KEY (`quote_id`) REFERENCES `medical_quotes` (`id`) ON DELETE CASCADE
) ENGINE=InnoDB DEFAULT CHARSET=utf8mb4 COLLATE=utf8mb4_unicode_ci;

INSERT INTO `medical_quote_cont_informations` (`id`, `quote_id`, `lead_id`, `createdOn`, `created_at`, `updated_at`, `product`, `shipping`, `color`, `paymentMethod`, `authorizeNetTransactionID`, `salesOrderChannel`, `qwe`, `test`, `w`, `radio`, `r`, `gender`, `s`) VALUES
(13,	60,	NULL,	'2023-12-31',	NULL,	NULL,	'cars',	'Adani ship yard',	'Red',	'UPI',	'89786756458',	'BV2125C',	NULL,	NULL,	NULL,	NULL,	NULL,	NULL,	NULL),
(14,	61,	NULL,	NULL,	NULL,	NULL,	'cars',	'34223443',	'Red',	NULL,	'342344234',	'4233443',	NULL,	NULL,	NULL,	NULL,	NULL,	NULL,	NULL),
(15,	62,	NULL,	NULL,	NULL,	NULL,	'mobile',	'432432',	'Red',	NULL,	'433244',	NULL,	NULL,	NULL,	NULL,	NULL,	NULL,	NULL,	NULL),
(16,	63,	NULL,	NULL,	NULL,	NULL,	'mobile',	'Adani ship yard',	'Yellow',	NULL,	'7767676',	NULL,	NULL,	NULL,	NULL,	NULL,	NULL,	NULL,	NULL),
(17,	64,	40,	NULL,	NULL,	NULL,	'mobile',	'fdsf',	'Red',	NULL,	'7767676',	NULL,	NULL,	NULL,	NULL,	NULL,	NULL,	NULL,	NULL),
(18,	65,	NULL,	'1999-07-12',	NULL,	NULL,	'cars',	'Cum obcaecati in tem',	'Red',	'Card',	'Neque quis assumenda',	'Est voluptas nobis a',	NULL,	NULL,	NULL,	NULL,	NULL,	NULL,	NULL),
(19,	66,	NULL,	'2020-06-25',	NULL,	NULL,	'mobile',	'Quisquam sapiente si',	'Red',	'Card',	'Esse nostrum volupta',	'Sed totam atque iure',	NULL,	NULL,	NULL,	NULL,	NULL,	NULL,	NULL),
(20,	67,	NULL,	'2015-12-04',	NULL,	NULL,	'cars',	'Consequuntur quidem',	'Red',	'UPI',	'Voluptatem Voluptat',	'Enim quasi doloremqu',	NULL,	NULL,	NULL,	NULL,	NULL,	NULL,	NULL),
(21,	68,	NULL,	'2010-02-02',	NULL,	NULL,	'mobile',	'Cupidatat officiis q',	'Yellow',	'Card',	'Dolor quisquam quo q',	'Tempora eligendi dol',	NULL,	NULL,	NULL,	NULL,	NULL,	NULL,	NULL),
(22,	69,	NULL,	'1993-03-13',	NULL,	NULL,	'cars',	'Quaerat in non conse',	'Red',	'Card',	'Dolore enim occaecat',	'Ullamco culpa ab num',	NULL,	NULL,	NULL,	NULL,	NULL,	NULL,	NULL),
(23,	70,	NULL,	'1976-12-26',	NULL,	NULL,	'cars',	'Animi dolores fuga',	'Yellow',	'UPI',	'Ducimus dolorum dol',	'In irure dicta natus',	NULL,	NULL,	NULL,	NULL,	NULL,	NULL,	NULL),
(24,	71,	NULL,	'2017-11-09',	NULL,	NULL,	'mobile',	'Ipsum aut quis volup',	'Yellow',	'UPI',	'Et magna accusamus e',	'Repellendus Omnis v',	NULL,	NULL,	NULL,	NULL,	NULL,	NULL,	NULL),
(25,	72,	NULL,	'2000-04-05',	NULL,	NULL,	'cars',	'Dicta nesciunt sed',	'Red',	'UPI',	'Ullam omnis eligendi',	'Id similique cumque',	NULL,	NULL,	NULL,	NULL,	NULL,	NULL,	NULL),
(26,	73,	NULL,	'1987-02-19',	NULL,	NULL,	'mobile',	'Rem veniam similiqu',	'Yellow',	'UPI',	'Culpa laborum Comm',	'Officia nobis ipsum',	NULL,	NULL,	NULL,	NULL,	NULL,	NULL,	NULL),
(27,	74,	NULL,	'2014-07-21',	NULL,	NULL,	'mobile',	'Nihil fugiat necess',	'Red',	'Card',	'Autem minim qui ex s',	'Voluptatem voluptate',	NULL,	NULL,	NULL,	NULL,	NULL,	NULL,	NULL),
(28,	75,	45,	'1983-01-14',	NULL,	NULL,	'cars',	'Similique quo enim m',	'Red',	'Card',	'Proident nihil blan',	'Perferendis quis adi',	NULL,	NULL,	NULL,	NULL,	NULL,	NULL,	NULL),
(29,	76,	NULL,	'1987-12-21',	NULL,	NULL,	'mobile',	'Non esse quaerat ali',	'Red',	'UPI',	'Aspernatur at repell',	'Tempora aut sequi ne',	NULL,	NULL,	NULL,	NULL,	NULL,	NULL,	NULL),
(30,	77,	NULL,	'1980-12-06',	NULL,	NULL,	'cars',	'Veritatis adipisicin',	'Yellow',	'Card',	'Tempore et consequa',	'Dicta aliquip except',	NULL,	NULL,	NULL,	NULL,	NULL,	NULL,	NULL),
(31,	78,	46,	'1975-01-16',	NULL,	NULL,	'cars',	'Fuga Officia enim q',	'Yellow',	'UPI',	'Irure natus amet ac',	'Laboris nulla qui is',	NULL,	NULL,	NULL,	NULL,	NULL,	NULL,	NULL),
(32,	79,	NULL,	'2005-10-09',	NULL,	NULL,	'mobile',	'Commodo velit minim',	'Red',	'Card',	'Earum dolores rem qu',	'Sunt deserunt nulla',	NULL,	NULL,	NULL,	NULL,	NULL,	NULL,	NULL),
(33,	80,	NULL,	'1987-05-17',	NULL,	NULL,	'cars',	'Blanditiis vero temp',	'Yellow',	'UPI',	'Corporis voluptatibu',	'Minus anim qui sed c',	NULL,	NULL,	NULL,	NULL,	NULL,	NULL,	NULL),
(34,	81,	NULL,	'2008-08-04',	NULL,	NULL,	'cars',	'Velit provident re',	'Red',	'Card',	'Minima quo cum ex te',	'Quasi est velit bla',	NULL,	NULL,	NULL,	NULL,	NULL,	NULL,	NULL),
(35,	82,	NULL,	'1977-05-21',	NULL,	NULL,	'mobile',	'Velit est deserunt',	'Red',	'Card',	'Magni et voluptatem',	'Explicabo Distincti',	NULL,	NULL,	NULL,	NULL,	NULL,	NULL,	NULL),
(36,	83,	NULL,	'2008-10-19',	NULL,	NULL,	'mobile',	'Neque cupiditate imp',	'Yellow',	'Card',	'Esse aliquid nulla v',	'Porro commodi et deb',	NULL,	NULL,	NULL,	NULL,	NULL,	NULL,	NULL),
(37,	84,	NULL,	'1999-04-15',	NULL,	NULL,	'mobile',	'Impedit velit alias',	'Yellow',	'UPI',	'Cupidatat repudianda',	'Magna a sunt aut qui',	NULL,	NULL,	NULL,	NULL,	NULL,	NULL,	NULL),
(38,	85,	NULL,	'1994-07-17',	NULL,	NULL,	'mobile',	'Sunt nulla reprehend',	'Red',	'UPI',	'Ut aut cupiditate la',	'Ducimus esse hic d',	NULL,	NULL,	NULL,	NULL,	NULL,	NULL,	NULL),
(39,	86,	NULL,	'2016-07-07',	NULL,	NULL,	'mobile',	'Cupidatat ex nisi co',	'Red',	'Card',	'Labore natus sint c',	'Quibusdam sunt neque',	NULL,	NULL,	NULL,	NULL,	NULL,	NULL,	NULL),
(40,	87,	NULL,	'1992-04-03',	NULL,	NULL,	'mobile',	'Culpa laudantium s',	'Red',	'UPI',	'Officia doloribus es',	'Quae aperiam et cum',	NULL,	NULL,	NULL,	NULL,	NULL,	NULL,	NULL),
(41,	88,	NULL,	'1994-04-12',	NULL,	NULL,	'cars',	'Lorem aliqua Aute v',	'Yellow',	'Card',	'Officiis eum omnis f',	'Ut enim consequatur',	NULL,	NULL,	NULL,	NULL,	NULL,	NULL,	NULL),
(42,	89,	NULL,	'1992-09-13',	NULL,	NULL,	'mobile',	'Suscipit fugiat lab',	'Yellow',	'UPI',	'Veniam accusamus do',	'Corrupti reprehende',	NULL,	NULL,	NULL,	NULL,	NULL,	NULL,	NULL),
(43,	90,	NULL,	'2022-07-13',	NULL,	NULL,	'cars',	'Ut lorem amet fugia',	'Red',	'UPI',	'Repellendus In ipsa',	'Pariatur Fugiat eli',	NULL,	NULL,	NULL,	NULL,	NULL,	NULL,	NULL),
(44,	91,	NULL,	'1981-12-24',	NULL,	NULL,	'cars',	'Pariatur Sunt venia',	'Yellow',	'Card',	'Est deleniti tempore',	'Illum iusto id nost',	NULL,	NULL,	NULL,	NULL,	NULL,	NULL,	NULL),
(45,	92,	NULL,	'1979-01-04',	NULL,	NULL,	'mobile',	'In veritatis aute nu',	'Red',	'Card',	'Alias deserunt fugia',	'Nisi dolorum neque v',	'Pariatur Totam sed',	NULL,	NULL,	NULL,	NULL,	NULL,	NULL),
(46,	93,	NULL,	'1973-03-02',	NULL,	NULL,	'cars',	'Maiores nihil sunt d',	'Red',	'UPI',	'Aut dolores in est p',	'Do dolor sed incidid',	'23456789',	NULL,	NULL,	NULL,	NULL,	NULL,	NULL),
(47,	94,	NULL,	'2019-08-12',	NULL,	NULL,	'mobile',	'Aliqua Porro eos ad',	'Yellow',	'UPI',	'Qui quam omnis nobis',	'Omnis et ad nostrum',	NULL,	NULL,	'w',	NULL,	NULL,	NULL,	NULL),
(48,	95,	NULL,	'1998-10-06',	NULL,	NULL,	'cars',	'Lorem non doloribus',	'Red',	'Card',	'Voluptas fuga Sunt',	'Adipisci et qui enim',	NULL,	NULL,	NULL,	'male',	NULL,	NULL,	NULL),
(49,	96,	NULL,	'2021-11-11',	NULL,	NULL,	'cars',	'Minim optio ad dolo',	'Yellow',	'UPI',	'Atque assumenda et a',	'Saepe mollitia id Na',	NULL,	NULL,	NULL,	'male',	'r',	NULL,	NULL),
(50,	97,	NULL,	'2009-06-04',	NULL,	NULL,	'mobile',	'Mollitia ut reprehen',	'Red',	'Card',	'Sit ex nihil esse no',	'Veritatis velit sunt',	NULL,	NULL,	NULL,	'female',	'd',	NULL,	NULL),
(51,	98,	104,	'1973-11-08',	NULL,	NULL,	'mobile',	'Molestias provident',	'Red',	'Card',	'Laborum neque velit',	'Omnis dolore invento',	NULL,	NULL,	NULL,	NULL,	NULL,	NULL,	NULL),
(52,	99,	NULL,	'2007-02-13',	NULL,	NULL,	'cars',	'Nostrum ut sint dolo',	'Red',	'Card',	'Sit ipsum vero nis',	'Dolorem ea consequun',	NULL,	NULL,	NULL,	NULL,	NULL,	'Male',	NULL),
(53,	100,	NULL,	'2023-02-03',	NULL,	NULL,	'mobile',	'Veniam odit sit con',	'Red',	'Card',	'Non est mollit labor',	'Ipsum autem sit sed',	NULL,	NULL,	NULL,	NULL,	NULL,	'Male',	NULL),
(54,	101,	NULL,	'1993-06-15',	NULL,	NULL,	'mobile',	'Ut facilis voluptate',	'Red',	'UPI',	'Sequi labore illum',	'Consequuntur dolores',	NULL,	NULL,	NULL,	NULL,	NULL,	NULL,	'male');

DROP TABLE IF EXISTS `medical_quote_pers_nformations`;
CREATE TABLE `medical_quote_pers_nformations` (
  `id` bigint unsigned NOT NULL AUTO_INCREMENT,
  `quote_id` bigint unsigned NOT NULL,
  `created_at` timestamp NULL DEFAULT NULL,
  `updated_at` timestamp NULL DEFAULT NULL,
  `lastName` varchar(255) CHARACTER SET utf8mb4 COLLATE utf8mb4_unicode_ci DEFAULT NULL,
  `email` varchar(255) CHARACTER SET utf8mb4 COLLATE utf8mb4_unicode_ci DEFAULT NULL,
  `cellNumber` bigint DEFAULT NULL,
  `backupPhoneNumber` bigint DEFAULT NULL,
  `notes` varchar(255) CHARACTER SET utf8mb4 COLLATE utf8mb4_unicode_ci DEFAULT NULL,
  `chargeNote` varchar(255) CHARACTER SET utf8mb4 COLLATE utf8mb4_unicode_ci DEFAULT NULL,
  `price` varchar(255) CHARACTER SET utf8mb4 COLLATE utf8mb4_unicode_ci DEFAULT NULL,
  `stillOwes` varchar(255) CHARACTER SET utf8mb4 COLLATE utf8mb4_unicode_ci DEFAULT NULL,
  `tax` varchar(255) CHARACTER SET utf8mb4 COLLATE utf8mb4_unicode_ci DEFAULT NULL,
  `address` varchar(255) CHARACTER SET utf8mb4 COLLATE utf8mb4_unicode_ci DEFAULT NULL,
  `country` varchar(255) CHARACTER SET utf8mb4 COLLATE utf8mb4_unicode_ci DEFAULT NULL,
  `dealer` varchar(255) CHARACTER SET utf8mb4 COLLATE utf8mb4_unicode_ci DEFAULT NULL,
  `city` varchar(255) CHARACTER SET utf8mb4 COLLATE utf8mb4_unicode_ci DEFAULT NULL,
  `state` varchar(255) CHARACTER SET utf8mb4 COLLATE utf8mb4_unicode_ci DEFAULT NULL,
  `zIpCode` bigint DEFAULT NULL,
  `businessName` varchar(255) CHARACTER SET utf8mb4 COLLATE utf8mb4_unicode_ci DEFAULT NULL,
  `referralCode` varchar(255) CHARACTER SET utf8mb4 COLLATE utf8mb4_unicode_ci DEFAULT NULL,
  `howDidYouHearAboutUs` varchar(255) CHARACTER SET utf8mb4 COLLATE utf8mb4_unicode_ci DEFAULT NULL,
  `whyAreTheyBuying?` varchar(255) CHARACTER SET utf8mb4 COLLATE utf8mb4_unicode_ci DEFAULT NULL,
  `maritalStatus` varchar(255) CHARACTER SET utf8mb4 COLLATE utf8mb4_unicode_ci DEFAULT NULL,
  `whatOtherHobbiesDoTheyHave?` varchar(255) CHARACTER SET utf8mb4 COLLATE utf8mb4_unicode_ci DEFAULT NULL,
  `gender` varchar(255) CHARACTER SET utf8mb4 COLLATE utf8mb4_unicode_ci DEFAULT NULL,
  `customerNote` varchar(255) CHARACTER SET utf8mb4 COLLATE utf8mb4_unicode_ci DEFAULT NULL,
  `shippingNotes` varchar(255) CHARACTER SET utf8mb4 COLLATE utf8mb4_unicode_ci DEFAULT NULL,
  `selectOrderType` varchar(255) CHARACTER SET utf8mb4 COLLATE utf8mb4_unicode_ci DEFAULT NULL,
  `synchronyNeedToCharge` tinyint(1) DEFAULT NULL,
  `firstName` varchar(255) CHARACTER SET utf8mb4 COLLATE utf8mb4_unicode_ci DEFAULT NULL,
  PRIMARY KEY (`id`),
  KEY `medical_quote_pers_nformations_quote_id_foreign` (`quote_id`),
  CONSTRAINT `medical_quote_pers_nformations_quote_id_foreign` FOREIGN KEY (`quote_id`) REFERENCES `medical_quotes` (`id`) ON DELETE CASCADE
) ENGINE=InnoDB DEFAULT CHARSET=utf8mb4 COLLATE=utf8mb4_unicode_ci;

INSERT INTO `medical_quote_pers_nformations` (`id`, `quote_id`, `created_at`, `updated_at`, `lastName`, `email`, `cellNumber`, `backupPhoneNumber`, `notes`, `chargeNote`, `price`, `stillOwes`, `tax`, `address`, `country`, `dealer`, `city`, `state`, `zIpCode`, `businessName`, `referralCode`, `howDidYouHearAboutUs`, `whyAreTheyBuying?`, `maritalStatus`, `whatOtherHobbiesDoTheyHave?`, `gender`, `customerNote`, `shippingNotes`, `selectOrderType`, `synchronyNeedToCharge`, `firstName`) VALUES
(14,	60,	NULL,	NULL,	'Patel',	'naveen@gmail.com',	987654321,	987654321,	'noted bye naveen',	'naveen chrage',	'90890',	'owes still',	'9000',	'indore',	'india',	'dealer1',	'Indore',	'Madhya Pradesh',	99888,	'taskus',	'1234',	'ByFriend',	'testing',	'Single',	'cricket',	'Male',	'customer naveen',	'shipping naveen',	'Market',	1,	'Naveen gg'),
(15,	61,	NULL,	NULL,	'432',	'3423243234',	34,	NULL,	'423243234',	'23432423243243',	'324234432234',	NULL,	NULL,	'3432',	NULL,	NULL,	'24323234',	NULL,	NULL,	'234244',	NULL,	NULL,	'423234423',	NULL,	NULL,	NULL,	'23434224343',	'234224343',	NULL,	0,	'34432432'),
(16,	62,	NULL,	NULL,	'234',	'323233344443',	3423244332334,	3423432434,	'23444324343',	NULL,	'4323244324',	NULL,	NULL,	NULL,	NULL,	NULL,	NULL,	NULL,	NULL,	NULL,	'12344',	NULL,	NULL,	NULL,	NULL,	NULL,	'3243244',	'4323434',	NULL,	0,	'24343'),
(17,	63,	NULL,	NULL,	NULL,	NULL,	43567,	4543,	'vdcvddf',	NULL,	'5',	NULL,	NULL,	NULL,	NULL,	NULL,	NULL,	NULL,	NULL,	NULL,	NULL,	NULL,	NULL,	NULL,	NULL,	NULL,	NULL,	NULL,	NULL,	0,	'Naveen'),
(18,	64,	NULL,	NULL,	NULL,	NULL,	43567,	4543,	'vdcvddf',	NULL,	'90890',	NULL,	NULL,	NULL,	NULL,	NULL,	NULL,	NULL,	NULL,	NULL,	NULL,	NULL,	NULL,	NULL,	NULL,	NULL,	NULL,	NULL,	NULL,	0,	'Naveen'),
(19,	65,	NULL,	NULL,	'Peck',	'rigurap@mailinator.com',	374,	747,	'Animi cupiditate bl',	'Ipsum est minim quos',	'998',	'Voluptatem nihil lab',	'Aliqua Reprehenderi',	'Dolorem culpa aliqu',	'china',	'dealer2',	'Sunt neque vel paria',	'Madhya Pradesh',	87253,	'Bradley Meyers',	'2345',	'ByMedia',	'Mollit quis et eu ne',	'Single',	'Amet proident elit',	'Female',	'Veniam do minima si',	'Ad possimus fugiat',	'Stop',	0,	'Clinton'),
(20,	66,	NULL,	NULL,	'Fischer',	'kyvoqys@mailinator.com',	866,	921,	'Eiusmod sit repudian',	'Numquam nisi ut sequ',	'160',	'Exercitation dolores',	'Duis dicta sunt ani',	'Ut et dolore nulla s',	'nepal',	'dealer2',	'Corrupti aperiam id',	'Madhya Pradesh',	52190,	'May Reeves',	'1234',	'ByMedia',	'Adipisicing nobis vo',	'Married',	'Qui magnam nostrud v',	'Female',	'Quos harum alias ips',	'Dolor ducimus non r',	'Limit',	0,	'Jesse'),
(21,	67,	NULL,	NULL,	'Guzman',	'wunaqe@mailinator.com',	623,	481,	'Ullamco omnis accusa',	'Praesentium quis odi',	'589',	'Consequatur Asperio',	'Est voluptatibus qui',	'Tempore consequatur',	'china',	'dealer2',	'Similique adipisci m',	'Madhya Pradesh',	13254,	'Byron Emerson',	'1234',	'ByFriend',	'Vel ad iusto est tem',	'Married',	'Sit nostrud quam qu',	'Female',	'Iure non officiis vo',	'Sapiente eum est qu',	'Market',	1,	'Ronan'),
(22,	68,	NULL,	NULL,	'Collins',	'soraradi@mailinator.com',	514,	918,	'Aut magnam autem dol',	'Excepturi velit odit',	'52',	'In earum doloribus t',	'In perferendis aliqu',	'Quam architecto volu',	'china',	'dealer1',	'Autem ut dicta nemo',	'Uttar Pradesh',	34212,	'Camilla Cash',	'2345',	'ByFriend',	'Autem quae et Nam qu',	'Single',	'Harum ea eaque nulla',	'Male',	'Rem officia quaerat',	'Aute quaerat vitae q',	'Market',	1,	'Sage'),
(23,	69,	NULL,	NULL,	'Freeman',	'tawyn@mailinator.com',	228,	793,	'Laudantium omnis qu',	'Odit doloribus facer',	'441',	'Reprehenderit ullam',	'Ullamco quis tempore',	'Et odio eu tempore',	'china',	'dealer2',	'Voluptas odio volupt',	'Uttar Pradesh',	95602,	'Lee Contreras',	'2345',	'ByFriend',	'Suscipit repellendus',	'Single',	'Et sapiente cillum d',	'Female',	'Et nulla dolores ut',	'Et quia accusantium',	'Market',	1,	'Octavia'),
(24,	70,	NULL,	NULL,	'Matthews',	'jytic@mailinator.com',	333,	982,	'Odio consequatur do',	'Sunt quod odit qui c',	'702',	'Repellendus Repudia',	'Magnam ut enim odit',	'Natus harum ullam ar',	'china',	'dealer1',	'Enim quo modi quis s',	'Madhya Pradesh',	51306,	'Tate Mccullough',	'1234',	'ByFriend',	'Cum dolore ducimus',	'Married',	'Similique ut ut sit',	'Male',	'Ipsum ullamco minima',	'Eiusmod porro quibus',	'Stop',	0,	'Porter'),
(25,	71,	NULL,	NULL,	'Salinas',	'peloroq@mailinator.com',	328,	158,	'Culpa et anim facer',	'Laboris est enim qui',	'261',	'Blanditiis exercitat',	'Eius aliquam sapient',	'Perferendis dicta ex',	'nepal',	'dealer2',	'Rerum adipisci cumqu',	'Madhya Pradesh',	97173,	'Martha Oneil',	'1234',	'ByFriend',	'In nihil iste ullamc',	'Single',	'Consequatur et asper',	'Male',	'Aut minus excepteur',	'Esse aperiam ex ess',	'Stop',	0,	'Lesley'),
(26,	72,	NULL,	NULL,	'Herrera',	'mirix@mailinator.com',	147,	272,	'Id ad laboris dicta',	'In Nam rerum iste in',	'715',	'Dolor dolor doloremq',	'Ullam voluptatem vo',	'Sit debitis libero',	'india',	'dealer2',	'Cumque exercitation',	'Madhya Pradesh',	43541,	'Graham Norman',	'1234',	'ByFriend',	'Itaque qui officia v',	'Single',	'Sed voluptas veniam',	'Male',	'Voluptatum reprehend',	'Labore culpa ut et e',	'Stop',	0,	'Isaiah'),
(27,	73,	NULL,	NULL,	'Dixon',	'cive@mailinator.com',	558,	815,	'Autem veniam tenetu',	'Et similique ut dolo',	'554',	'Tempore aspernatur',	'Eum dicta quia est n',	'Eligendi maxime nesc',	'india',	'dealer2',	'Laboris officia quo',	'Madhya Pradesh',	57016,	'Rowan Dillon',	'1234',	'ByFriend',	'Voluptatem illum qu',	'Married',	'Adipisicing animi a',	'Female',	'Temporibus consequat',	'Consectetur enim nos',	'Limit',	1,	'Tatyana'),
(28,	74,	NULL,	NULL,	'Blackburn',	'byvohy@mailinator.com',	571,	89,	'Anim eligendi veniam',	'Fugiat asperiores e',	'482',	'In minima quis repel',	'Recusandae A aliqui',	'Ut velit porro cupi',	'china',	'dealer1',	'Obcaecati omnis vero',	'Madhya Pradesh',	81159,	'Ignatius Robertson',	'2345',	'ByFriend',	'Ab laborum Nam aute',	'Married',	'Voluptates sequi ver',	'Male',	'Animi aut ullamco s',	'Ad proident quia el',	'Stop',	1,	'Amethyst'),
(29,	75,	NULL,	NULL,	'Avila',	'qini@mailinator.com',	900,	897,	'Aliqua Atque ipsum',	'Consequatur sequi hi',	'531',	'Aut quis eum omnis q',	'Consectetur aliquip',	'At itaque qui ut min',	'nepal',	'dealer1',	'Labore non aut natus',	'Uttar Pradesh',	97407,	'Claudia Jordan',	'12344',	'ByFriend',	'Sed officia voluptas',	'Married',	'At et ad qui do ut p',	'Male',	'Proident repudianda',	'Natus in voluptas vo',	'Market',	1,	'Damon'),
(30,	76,	NULL,	NULL,	'Lawson',	'wugydo@mailinator.com',	941,	396,	'Deleniti aliquam dui',	'Fugiat perspiciatis',	'498',	'Quis nulla sed minim',	'Consequatur Veniam',	'Quo non in corrupti',	'india',	'dealer2',	'Commodo dolor odit m',	'Madhya Pradesh',	19895,	'Lamar Little',	'1234',	'ByFriend',	'Magni voluptate sit',	'Single',	'Cumque quo culpa en',	'Female',	'Ipsam eveniet earum',	'Dignissimos aut eius',	'Stop',	1,	'naveennnn'),
(31,	77,	NULL,	NULL,	'Boyd',	'nunixuv@mailinator.com',	945,	746,	'Recusandae Enim non',	'Pariatur Asperiores',	'693',	'Qui sed autem non ex',	'Sit omnis sint comm',	'Aspernatur et iusto',	'china',	'dealer1',	'Aperiam tempor ut qu',	'Uttar Pradesh',	16292,	'William Fields',	'1234',	'ByMedia',	'Esse non omnis dolor',	'Married',	'Aut magni minim libe',	'Female',	'Asperiores itaque en',	'Iste nulla praesenti',	'Limit',	1,	'Omarasd'),
(32,	78,	NULL,	NULL,	'Chapman',	'kamu@mailinator.com',	201,	717,	'Corporis ex ea aut i',	'Illum cupiditate qu',	'585',	'Minus dolorum corrup',	'Dolor dignissimos du',	'Incididunt duis mini',	'china',	'dealer1',	'Culpa sequi accusant',	'Uttar Pradesh',	52402,	'Jasper Bishop',	'1234',	'ByFriend',	'Ut dolorum et placea',	'Single',	'Consequat Corrupti',	'Male',	'Velit ducimus maxim',	'Adipisci nostrud aut',	'Market',	1,	'Bo'),
(33,	79,	NULL,	NULL,	'Shannon',	'dadi@mailinator.com',	525,	791,	'Sapiente aut officia',	'Ad dolores nemo iust',	'512',	'In voluptatem maxime',	'Iusto et minim minim',	'Est ullamco quo et i',	'nepal',	'dealer2',	'Corporis quia libero',	'Uttar Pradesh',	21123,	'Fletcher Gutierrez',	'1234',	'ByMedia',	'Deleniti tenetur con',	'Single',	'Eum quia assumenda q',	'Female',	'Molestias eius obcae',	'Numquam nulla porro',	'Market',	0,	'Hyacinth'),
(34,	80,	NULL,	NULL,	'Hammond',	'tijiqy@mailinator.com',	15,	633,	'In velit iure proide',	'Et laboris atque nih',	'881',	'Eu ratione aut sint',	'Saepe labore modi id',	'Iste cillum commodo',	'nepal',	'dealer2',	'Est obcaecati alias',	'Uttar Pradesh',	50106,	'Lewis Johnston',	'2345',	'ByMedia',	'Harum consequuntur o',	'Single',	'Et velit sint amet',	'Female',	'Molestias perspiciat',	'Dolorem aut aut in a',	'Limit',	0,	'Wynne'),
(35,	81,	NULL,	NULL,	'Pacheco',	'xupyv@mailinator.com',	641,	877,	'Ipsa exercitation t',	'Aut repellendus Eum',	'744',	'Qui illo asperiores',	'Adipisicing in labor',	'Ut eos qui eiusmod',	'india',	'dealer2',	'Labore ullamco sequi',	'Madhya Pradesh',	63393,	'Carol Fischer',	'1234',	'ByFriend',	'Ad earum lorem volup',	'Single',	'Sed quis placeat pr',	'Female',	'Qui labore voluptas',	'Rem velit laborum V',	'Stop',	1,	'Joan'),
(36,	82,	NULL,	NULL,	'Durham',	'labiwe@mailinator.com',	829,	728,	'Doloremque fugit pe',	'Quasi ea velit earum',	'311',	'Facere et dolor ut o',	'Quis omnis perferend',	'Similique non qui mo',	'nepal',	'dealer1',	'Quis accusantium quo',	'Madhya Pradesh',	58363,	'Gray Dale',	'1234',	'ByFriend',	'Quia excepturi exerc',	'Married',	'Aut qui explicabo I',	'Male',	'Earum doloribus adip',	'Mollit tenetur dolor',	'Limit',	0,	'Regina'),
(37,	83,	NULL,	NULL,	'Berry',	'vakohoxa@mailinator.com',	315,	834,	'Quia repellendus An',	'Maxime ullamco quaer',	'274',	'Maxime nulla minus v',	'Neque sunt repellen',	'Sit unde ut ipsum e',	'nepal',	'dealer1',	'At officia totam iru',	'Uttar Pradesh',	28097,	'Raja Crosby',	'2345',	'ByFriend',	'Provident repudiand',	'Single',	'Adipisicing qui non',	'Female',	'Voluptatem anim rer',	'Labore ad enim quaer',	'Market',	0,	'Finn'),
(38,	84,	NULL,	NULL,	'Hyde',	'jacix@mailinator.com',	558,	561,	'Qui inventore labori',	'Ad et ullamco fuga',	'9',	'Aliquip id aut elit',	'Nulla voluptatem est',	'Molestiae consectetu',	'china',	'dealer2',	'Temporibus quis fuga',	'Uttar Pradesh',	41040,	'Aristotle Martinez',	'1234',	'ByMedia',	'Cum consequat Proid',	'Single',	'Quasi voluptatem qui',	'Female',	'Qui quibusdam dolor',	'Pariatur Eos sunt',	'Stop',	1,	'Gage'),
(39,	85,	NULL,	NULL,	'Holt',	'biqefi@mailinator.com',	660,	439,	'Sed quis magna non v',	'Voluptate molestiae',	'626',	'Et asperiores sit de',	'Id facere autem omn',	'Consequat Quis nemo',	'nepal',	'dealer1',	'Qui consequatur odi',	'Madhya Pradesh',	26950,	'Dahlia Guthrie',	'1234',	'ByMedia',	'Voluptatem Hic dolo',	'Single',	'Sed ullam eum distin',	'Female',	'Occaecat consectetur',	'Sint itaque excepteu',	'Market',	0,	'Zephania'),
(40,	86,	NULL,	NULL,	'Moran',	'rybojyfag@mailinator.com',	147,	624,	'Optio accusantium d',	'Quia culpa est aliqu',	'271',	'Officia qui corporis',	'Aut qui at iusto off',	'Ipsum et rerum exer',	'china',	'dealer1',	'Vel quia rerum asper',	'Madhya Pradesh',	97805,	'Regan Ochoa',	'2345',	'ByMedia',	'Qui dolor exercitati',	'Single',	'Quae reprehenderit o',	'Female',	'Expedita in corrupti',	'Facilis unde ea ut p',	'Limit',	1,	'Madeline'),
(41,	87,	NULL,	NULL,	'Ferrell',	'taxynozu@mailinator.com',	571,	824,	'Quae qui qui consequ',	'Maiores et tempore',	'311',	'Et quis aute quia mo',	'Impedit aliquam ips',	'Aut voluptate labore',	'nepal',	'dealer1',	'Ut officia nostrud c',	'Uttar Pradesh',	72485,	'Gabriel Nash',	'1234',	'ByFriend',	'Culpa aut quisquam',	'Single',	'Dolores incidunt ad',	'Male',	'Dolor perferendis fa',	'In iste reprehenderi',	'Stop',	0,	'Jeremy'),
(42,	88,	NULL,	NULL,	'Christensen',	'hojinypyn@mailinator.com',	72,	316,	'Dolor dolorem repudi',	'Corrupti optio et',	'377',	'Omnis ducimus reici',	'Voluptatem dolorem e',	'Nisi quod et consequ',	'nepal',	'dealer1',	'Eos sit molestiae i',	'Uttar Pradesh',	46603,	'Juliet Maddox',	'2345',	'ByFriend',	'Aut iste velit iure',	'Single',	'Iure dolores optio',	'Male',	'Sunt ullam sed sed q',	'Consequatur Sint o',	'Limit',	0,	'Joan'),
(43,	89,	NULL,	NULL,	'Berger',	'qilirepiby@mailinator.com',	17,	124,	'Assumenda qui commod',	'Sit veniam magnam N',	'170',	'Voluptatem odio pla',	'Voluptatem quasi no',	'Ducimus ea porro au',	'nepal',	'dealer1',	'Deserunt quis qui eu',	'Madhya Pradesh',	81539,	'Tasha Day',	'2345',	'ByMedia',	'Numquam rerum in inv',	'Married',	'In molestiae et sunt',	'Male',	'Et minima qui ut est',	'Autem quod quis ad r',	'Limit',	0,	'Hammett'),
(44,	90,	NULL,	NULL,	'Petty',	'jukixo@mailinator.com',	620,	275,	'Quos quis quis esse',	'Quo iste libero temp',	'538',	'Voluptatem laborum',	'Cumque labore eius q',	'Eu esse quisquam ra',	'nepal',	'dealer1',	'Assumenda ipsum accu',	'Madhya Pradesh',	49420,	'Colleen Hurley',	'2345',	'ByMedia',	'Magna id dolor dolo',	'Married',	'Optio sint odio et',	'Female',	'Placeat officiis du',	'Tempore voluptas ex',	'Limit',	1,	'Hop'),
(45,	91,	NULL,	NULL,	'Diaz',	'segod@mailinator.com',	37,	9,	'Maiores quas labore',	'Sit facere modi sed',	'740',	'Vel pariatur Esse e',	'Obcaecati deserunt a',	'Non nisi quae commod',	'china',	'dealer2',	'Ut nisi non qui veni',	'Madhya Pradesh',	98520,	'Simone Atkins',	'2345',	'ByFriend',	'Corporis explicabo',	'Single',	'Sed exercitation per',	'Female',	'Duis inventore dolor',	'Voluptates quae id',	'Limit',	1,	'Ashton'),
(46,	92,	NULL,	NULL,	'Mann',	'syte@mailinator.com',	788,	363,	'Dolor ad animi magn',	'Quis vero asperiores',	'208',	'Rerum possimus ut e',	'Non modi voluptatum',	'Laborum Sunt conseq',	'india',	'dealer1',	'Quas sint et dolore',	'Madhya Pradesh',	92395,	'Nayda Avery',	'2345',	'ByMedia',	'Est delectus sunt a',	'Single',	'Enim sed repudiandae',	'Male',	'Anim unde deserunt d',	'Magnam consectetur q',	'Market',	1,	'Miranda'),
(47,	93,	NULL,	NULL,	'Clayton',	'duhigyluga@mailinator.com',	557,	859,	'Reprehenderit ipsum',	'Ea qui commodo simil',	'591',	'Distinctio Dolore o',	'Autem porro consequa',	'Est consequatur vit',	'china',	'dealer1',	'Ducimus culpa aute',	'Madhya Pradesh',	26666,	'Palmer Daniels',	'1234',	'ByFriend',	'Sequi voluptas aut e',	'Married',	'Pariatur Sit et min',	'Female',	'In dignissimos conse',	'Quo saepe doloribus',	'Stop',	1,	'Keelie'),
(48,	94,	NULL,	NULL,	'Spencer',	'cobolir@mailinator.com',	812,	325,	'Sunt aliqua Sunt al',	'Dolores ipsa dolore',	'881',	'Proident dignissimo',	'Dolores quod eligend',	'Cupidatat debitis es',	'india',	'dealer2',	'Non ratione eos sap',	'Uttar Pradesh',	18519,	'Elton Leonard',	'2345',	'ByFriend',	'Velit voluptatem e',	'Single',	'Suscipit quasi esse',	'Male',	'Aut corporis numquam',	'Quis veniam aut eiu',	'Stop',	1,	'Chancellor'),
(49,	95,	NULL,	NULL,	'Watkins',	'savoqapety@mailinator.com',	174,	345,	'Consequatur ut sit',	'Asperiores cum nihil',	'827',	'Dignissimos adipisci',	'Vitae aliquid sed vo',	'Voluptatem Sunt cul',	'china',	'dealer1',	'Excepturi perferendi',	'Madhya Pradesh',	34972,	'Blythe Mathis',	'2345',	'ByMedia',	'Quos qui sed occaeca',	'Married',	'Rerum quisquam ad cu',	'Male',	'Pariatur Aliqua En',	'Est voluptatum corru',	'Market',	0,	'Destiny'),
(50,	96,	NULL,	NULL,	'Maynard',	'posisura@mailinator.com',	406,	962,	'Facilis pariatur Do',	'Aliquam sit numquam',	'721',	'Esse sapiente molest',	'Commodo officiis mai',	'Quidem eum rem et si',	'nepal',	'dealer1',	'Officia vel voluptat',	'Uttar Pradesh',	36650,	'Garrison Carlson',	'2345',	'ByMedia',	'Vero incididunt iure',	'Single',	'Qui doloribus archit',	'Male',	'Non maxime ut dolore',	'Facere suscipit aut',	'Market',	0,	'Bert'),
(51,	97,	NULL,	NULL,	'Ware',	'qyverux@mailinator.com',	425,	42,	'Quis nulla autem dol',	'Dolorem eligendi eu',	'172',	'Vel officiis maiores',	'Ea est magni nemo i',	'Officiis in dicta qu',	'india',	'dealer1',	'Voluptas tempor volu',	'Madhya Pradesh',	95938,	'Maia Spencer',	'2345',	'ByMedia',	'Possimus id aliquid',	'Single',	'Voluptatem neque mo',	'Female',	'Temporibus ullam exc',	'Fugiat et nihil quis',	'Stop',	1,	'Malik'),
(52,	98,	NULL,	NULL,	'Bates',	'bodacavem@mailinator.com',	454,	793,	'Numquam quidem in pa',	'Voluptatum temporibu',	'299',	'Natus eligendi cupid',	'Quidem cum culpa acc',	'Magnam non qui iusto',	'nepal',	'dealer2',	'Ut nobis a ad sapien',	'Uttar Pradesh',	28448,	'Lewis Hinton',	'1234',	'ByFriend',	'Porro in laborum Qu',	'Single',	'Accusamus aut illum',	'Male',	'Eos consequat Ulla',	'Architecto elit dol',	'Limit',	0,	'Isaiah'),
(53,	99,	NULL,	NULL,	'Rodgers',	'bafihivy@mailinator.com',	314,	691,	'Molestias corrupti',	'Architecto aut anim',	'301',	'Laborum Rerum ad do',	'Consequatur animi',	'Dolore magni dolorib',	'china',	'dealer1',	'Magni amet blanditi',	'Uttar Pradesh',	64301,	'Cassidy Barry',	'1234',	'ByMedia',	'Cillum incididunt ut',	'Married',	'Ut quod anim hic nis',	'Male',	'Voluptatem molestia',	'Excepturi ea adipisc',	'Stop',	1,	'Ralph'),
(54,	100,	NULL,	NULL,	'Curtis',	'luco@mailinator.com',	695,	973,	'Consequatur placeat',	'Et pariatur In ex e',	'801',	'Autem soluta ex cumq',	'Esse sed pariatur Q',	'Quas quod vero fugia',	'india',	'dealer1',	'Ad do recusandae Te',	'Uttar Pradesh',	51459,	'Zahir Rocha',	'1234',	'ByFriend',	'Alias molestiae anim',	'Married',	'Aut in consectetur',	'Male',	'Fugiat rerum laudan',	'Fuga Numquam eos au',	'Market',	0,	'Melvin'),
(55,	101,	NULL,	NULL,	'Powers',	'bijenete@mailinator.com',	137,	144,	'Vel minim et cillum',	'Quas error aut magna',	'994',	'Nobis inventore id c',	'Dolor quia minima as',	'Minima in a exercita',	'india',	'dealer2',	'Eu eaque blanditiis',	'Madhya Pradesh',	96734,	'Yasir Jennings',	'1234',	'ByFriend',	'Aut ut porro enim qu',	'Married',	'Voluptatem perferend',	'Male',	'Qui nostrud nemo cup',	'Quasi incididunt ver',	'Market',	0,	'Reuben');

DROP TABLE IF EXISTS `medical_quotes`;
CREATE TABLE `medical_quotes` (
  `id` bigint unsigned NOT NULL AUTO_INCREMENT,
  `uuid` char(36) CHARACTER SET utf8mb4 COLLATE utf8mb4_unicode_ci NOT NULL,
  `is_deleted` tinyint(1) NOT NULL DEFAULT '0',
  `created_at` timestamp NULL DEFAULT NULL,
  `updated_at` timestamp NULL DEFAULT NULL,
  PRIMARY KEY (`id`)
) ENGINE=InnoDB DEFAULT CHARSET=utf8mb4 COLLATE=utf8mb4_unicode_ci;

INSERT INTO `medical_quotes` (`id`, `uuid`, `is_deleted`, `created_at`, `updated_at`) VALUES
(60,	'6ebe9443-8542-418d-8cda-ab7f06c0e5b1',	0,	'2023-06-16 04:35:07',	'2023-06-16 04:35:07'),
(61,	'bea3e91c-4401-4440-b371-66da74df3b26',	0,	'2023-06-16 04:42:54',	'2023-06-16 04:42:54'),
(62,	'6dc1fac3-67c9-4b89-bb63-71b880ee26e6',	0,	'2023-06-16 04:47:46',	'2023-06-16 04:47:46'),
(63,	'0993dea9-d611-4f17-aac4-21eb3261c896',	0,	'2023-06-16 04:53:26',	'2023-06-16 04:53:26'),
(64,	'bfdc919e-d136-430e-93ac-674ec1f40ef4',	0,	'2023-06-16 04:55:00',	'2023-06-16 04:55:00'),
(65,	'c2227780-a024-4ae7-975f-d6aee14b2dd4',	0,	'2023-06-19 06:22:22',	'2023-06-19 06:22:22'),
(66,	'901bdf45-09f6-4454-aa53-13106d83c2ca',	0,	'2023-06-19 23:30:27',	'2023-06-19 23:30:27'),
(67,	'7acece40-c660-4814-a20f-965577013795',	1,	'2023-06-19 23:31:00',	'2023-06-28 08:38:07'),
(68,	'a8818307-0c21-47a8-81ff-7b0c95a856c2',	1,	'2023-06-19 23:31:20',	'2023-06-28 08:37:15'),
(69,	'145ccad9-a954-4020-bddb-82945e8e42cd',	1,	'2023-06-19 23:31:45',	'2023-06-28 08:31:07'),
(70,	'3760b01f-dffd-4110-8b27-cd96a8dbac27',	1,	'2023-06-19 23:32:31',	'2023-06-28 08:37:12'),
(71,	'095f8d20-ec04-4fdf-a9a7-f688963c9ed9',	1,	'2023-06-19 23:34:38',	'2023-06-28 08:37:11'),
(72,	'729042fe-f66e-4bde-ab4a-4e7b522c000b',	1,	'2023-06-19 23:40:30',	'2023-06-28 08:37:10'),
(73,	'57611df6-3143-487e-95d0-7faa67b9e31a',	1,	'2023-06-19 23:42:14',	'2023-06-28 08:37:09'),
(74,	'44234747-f0a0-4371-b8d2-577c1830171f',	1,	'2023-06-19 23:43:22',	'2023-06-28 08:37:06'),
(75,	'523192ad-7423-4828-87a6-1f6ab573a806',	1,	'2023-06-19 23:44:36',	'2023-06-28 08:37:04'),
(76,	'004894c4-ab10-4c03-ab7d-d462c7081722',	1,	'2023-06-19 23:45:45',	'2023-06-28 08:37:03'),
(77,	'f2346eaa-c876-4124-b11a-f24eb027746c',	1,	'2023-06-28 04:42:16',	'2023-06-28 08:37:02'),
(78,	'ef5a0796-f9db-4bf4-95dc-d446352dfbee',	1,	'2023-06-28 07:13:44',	'2023-06-28 08:37:01'),
(79,	'a309c006-03a9-4e69-a79b-b184097f0957',	1,	'2023-06-28 08:34:58',	'2023-06-28 08:36:59'),
(80,	'f26dcb2f-a666-4869-9b1f-b24cae64e897',	1,	'2023-06-28 08:35:04',	'2023-06-28 08:36:58'),
(81,	'c6971ee5-234e-446e-8ba5-51f304583e6c',	1,	'2023-06-28 08:35:14',	'2023-06-28 08:36:56'),
(82,	'c1db752f-8930-49ac-b75c-20edd161fc53',	1,	'2023-06-28 08:37:39',	'2023-06-28 08:38:05'),
(83,	'7d160a1c-8572-4649-bd5f-4e60719e7920',	1,	'2023-06-28 08:37:48',	'2023-06-28 08:38:04'),
(84,	'6dd9e7e7-8074-44cc-8baf-49f5951c9753',	1,	'2023-06-28 08:37:54',	'2023-06-28 08:38:03'),
(85,	'bc2e35a6-4235-49e6-961e-08ed4dfd1db5',	0,	'2023-06-28 08:39:31',	'2023-06-28 08:39:31'),
(86,	'7e4c4f03-916a-4735-b7cd-724d72538830',	1,	'2023-06-28 08:39:38',	'2023-06-28 08:44:08'),
(87,	'a3b5731d-ecfa-4319-92e1-5f00ad8b0d5e',	1,	'2023-06-28 08:39:58',	'2023-06-28 08:44:05'),
(88,	'4f8a6cd2-522b-4b76-a154-dae96e5fe71a',	1,	'2023-06-28 08:40:07',	'2023-06-28 08:44:03'),
(89,	'f64d11c4-0212-4e7e-9680-57e2b075c244',	0,	'2023-06-28 09:00:53',	'2023-06-28 09:00:53'),
(90,	'ad9ea194-3057-4dad-a532-5ff723dfdb18',	0,	'2023-06-28 09:01:01',	'2023-06-28 09:01:01'),
(91,	'54908317-16f9-4b8d-9131-ba54c6887729',	0,	'2023-06-28 09:01:08',	'2023-06-28 09:01:08'),
(92,	'26a3d19e-0005-4910-8daa-db72a37be51b',	0,	'2023-07-03 01:03:33',	'2023-07-03 01:03:33'),
(93,	'e59b4e72-3f19-4df7-8a5a-45db97ab6246',	0,	'2023-07-03 01:03:45',	'2023-07-03 01:03:45'),
(94,	'5a1cc98c-cebe-42e3-86d2-1b840ad06ff7',	0,	'2023-07-03 05:18:43',	'2023-07-03 05:18:43'),
(95,	'75f9eb6c-640b-45a0-8940-df1ab11360f1',	0,	'2023-07-03 05:27:41',	'2023-07-03 05:27:41'),
(96,	'41c5653d-eaf0-407b-b71c-2d9bd637b11b',	0,	'2023-07-03 05:34:26',	'2023-07-03 05:34:26'),
(97,	'22a31d87-edf5-4d77-882d-e1f3240391e5',	0,	'2023-07-03 05:37:09',	'2023-07-03 05:37:09'),
(98,	'4c5b8a50-4408-4dac-8466-7c77485a9ccb',	0,	'2023-07-04 00:41:55',	'2023-07-04 00:41:55'),
(99,	'434566f3-5e9a-452c-ab4d-0bbc78240ee8',	1,	'2023-07-04 01:02:59',	'2023-07-04 01:05:45'),
(100,	'34e05e0d-ab93-4635-9bf9-28ba5f5326d1',	1,	'2023-07-04 01:06:00',	'2023-07-04 01:51:10'),
(101,	'e22c47c5-5881-4fd9-af05-165025a81d73',	1,	'2023-07-04 01:51:54',	'2023-07-04 05:17:03');

DROP TABLE IF EXISTS `medical_roles`;
CREATE TABLE `medical_roles` (
  `id` bigint unsigned NOT NULL AUTO_INCREMENT,
  `name` varchar(255) CHARACTER SET utf8mb4 COLLATE utf8mb4_unicode_ci NOT NULL,
  `created_at` timestamp NULL DEFAULT NULL,
  `updated_at` timestamp NULL DEFAULT NULL,
  PRIMARY KEY (`id`)
) ENGINE=InnoDB DEFAULT CHARSET=utf8mb4 COLLATE=utf8mb4_unicode_ci;


DROP TABLE IF EXISTS `medical_users`;
CREATE TABLE `medical_users` (
  `id` bigint unsigned NOT NULL AUTO_INCREMENT,
  `firstName` varchar(255) CHARACTER SET utf8mb4 COLLATE utf8mb4_unicode_ci NOT NULL,
  `lastName` varchar(255) CHARACTER SET utf8mb4 COLLATE utf8mb4_unicode_ci NOT NULL,
  `mobileNo` varchar(255) CHARACTER SET utf8mb4 COLLATE utf8mb4_unicode_ci NOT NULL,
  `email` varchar(255) CHARACTER SET utf8mb4 COLLATE utf8mb4_unicode_ci NOT NULL,
  `email_verified_at` timestamp NULL DEFAULT NULL,
  `password` varchar(255) CHARACTER SET utf8mb4 COLLATE utf8mb4_unicode_ci NOT NULL,
  `remember_token` varchar(100) CHARACTER SET utf8mb4 COLLATE utf8mb4_unicode_ci DEFAULT NULL,
  `created_at` timestamp NULL DEFAULT NULL,
  `updated_at` timestamp NULL DEFAULT NULL,
  PRIMARY KEY (`id`),
  UNIQUE KEY `medical_users_email_unique` (`email`)
) ENGINE=InnoDB DEFAULT CHARSET=utf8mb4 COLLATE=utf8mb4_unicode_ci;

INSERT INTO `medical_users` (`id`, `firstName`, `lastName`, `mobileNo`, `email`, `email_verified_at`, `password`, `remember_token`, `created_at`, `updated_at`) VALUES
(1,	'pratik',	'kumar',	'9876543210',	'pratik@gmail.com',	NULL,	'$2y$10$zDHZ99Kh.St4xFtJcKq4Nu7lxVgFXvnGtHpYXgTsu3ebTHS7yX60u',	NULL,	'2023-06-14 01:56:43',	'2023-06-14 01:56:43');

-- 2023-08-30 03:24:26
